case,strategy,source_count,detected_channels,cleared_channels,total_virtual_time_s,measure_actions,clear_actions,all_cleared,search_sites,search_end_time_s,movement_time_s,search_movement_time_s,post_search_movement_time_s,detection_time_s,switching_time_s,clearing_time_s,failed_clear_actions,origin_discoveries,selected_route,wall_time_s
1,CplusLog,16,16,16,9583.816,466,16,1,27,6019.924696482856,6723.815849516734,3965.9246964828585,2757.8911530338787,2330.0,450.0,80.0,0,0,B,0.4499567000020761
2,CplusLog,16,16,16,6859.127,340,16,1,27,5074.4590416833635,4745.127192059993,3175.4590416833644,1569.6681503766285,1700.0,334.0,80.0,0,0,B,0.1520005000056699
3,CplusLog,16,16,16,8286.585,413,16,1,27,5660.284262756137,5733.584536321147,3506.2842627561395,2227.3002735650075,2065.0,408.0,80.0,0,0,B,0.2593701000150759
4,CplusLog,16,16,16,8436.652,393,16,1,27,6008.269466441594,6009.65192170493,3779.269466441596,2230.3824552633323,1965.0,382.0,80.0,0,0,B,0.45277340000029653
5,CplusLog,16,16,16,9016.891,395,16,1,27,5928.391996997609,6579.891284976088,3753.3919969976096,2826.4992879784777,1975.0,382.0,80.0,0,0,B,0.34662729999399744
6,CplusLog,16,16,16,9536.966,452,16,1,27,5716.584788697272,6758.966170241117,3591.5847886972742,3167.3813815438434,2260.0,438.0,80.0,0,0,B,0.5676384999824222
7,CplusLog,16,16,16,9189.612,523,16,1,27,6314.620113236895,5972.611775365165,3754.6201132368983,2217.991662128268,2615.0,522.0,80.0,0,0,B,0.23686459998134524
8,CplusLog,16,16,16,9753.938,454,16,1,27,5865.056946875189,6969.938082656636,3763.0569468751905,3206.8811357814434,2270.0,434.0,80.0,0,0,B,0.6294078000064474
9,CplusLog,16,16,16,10904.96,571,16,1,27,6171.471201816551,7427.960307048586,3757.471201816553,3670.489105232036,2855.0,542.0,80.0,0,0,B,0.6859018999966793
10,CplusLog,16,16,16,8030.772,393,16,1,27,5854.764464732457,5607.7722404127935,3631.7644647324582,1976.0077756803366,1965.0,378.0,80.0,0,0,B,0.47184899999410845
11,CplusLog,16,16,16,8592.013,390,16,1,27,5715.27144599648,6191.013050480363,3636.2714459964814,2554.741604483881,1950.0,371.0,80.0,0,0,B,0.3862152000074275
12,CplusLog,16,16,16,8352.687,378,16,1,27,6087.517848984113,6021.6869861816895,3961.5178489841146,2060.169137197575,1890.0,361.0,80.0,0,0,B,0.35652159998426214
13,CplusLog,16,16,16,8729.991,400,16,1,27,5796.944821041597,6257.991131931914,3745.9448210415985,2512.046310890316,2000.0,392.0,80.0,0,0,B,0.4295169000106398
14,CplusLog,16,16,16,8479.23,434,16,1,27,6252.329659893059,5800.229678002849,3746.329659893061,2053.900018109787,2170.0,429.0,80.0,0,0,B,0.40401629998814315
15,CplusLog,16,16,16,9545.198,465,16,1,27,6091.770780867195,6702.19822367222,3773.770780867196,2928.4274428050257,2325.0,438.0,80.0,0,0,B,0.41540810000151396
16,CplusLog,16,16,16,8819.986,382,16,1,27,5844.23419660351,6474.985853505906,3760.234196603512,2714.7516569023933,1910.0,355.0,80.0,0,0,B,0.4899686999851838
17,CplusLog,16,16,16,9042.781,429,16,1,27,5971.890092408031,6410.781351672816,3754.890092408032,2655.8912592647894,2145.0,407.0,80.0,0,0,B,0.3527450000110548
18,CplusLog,16,16,16,9208.425,422,16,1,27,6050.891969067132,6617.425070487495,3804.891969067134,2812.533101420357,2110.0,401.0,80.0,0,0,B,0.5102848000242375
19,CplusLog,16,16,16,8779.613,391,16,1,27,5919.186998749318,6381.612956506739,3849.186998749319,2532.4259577574207,1955.0,363.0,80.0,0,0,B,0.2701023999834433
20,CplusLog,16,16,16,8858.875,418,16,1,27,6061.827111645698,6280.874765355359,3796.827111645699,2484.047653709661,2090.0,408.0,80.0,0,0,B,0.4262719000107609
21,CplusLog,16,16,16,9171.468,429,16,1,27,6106.805970391075,6539.468134652544,3782.805970391078,2756.6621642614678,2145.0,407.0,80.0,0,0,B,0.3499391000077594
22,CplusLog,16,16,16,7990.401,334,16,1,27,5651.769964511432,5925.400816075864,3838.7699645114326,2086.6308515644337,1670.0,315.0,80.0,0,0,B,0.27593619999242947
23,CplusLog,16,16,16,9224.032,453,16,1,27,5924.184153578988,6439.031838487422,3756.1841535789904,2682.847684908432,2265.0,440.0,80.0,0,0,B,0.3773952999908943
24,CplusLog,16,16,16,8206.407,367,16,1,27,5843.286701237713,5937.407458780594,3758.2867012377137,2179.1207575428807,1835.0,354.0,80.0,0,0,B,0.37080050000804476
25,CplusLog,16,16,16,9835.107,499,16,1,27,6358.411985460389,6763.106569903926,3986.4119854603905,2776.6945844435345,2495.0,497.0,80.0,0,0,B,0.2559077000187244
26,CplusLog,16,16,16,9052.901,438,16,1,27,5931.209881936643,6360.901181012279,3800.209881936645,2560.6912990756364,2190.0,422.0,80.0,0,0,B,0.39604409999446943
27,CplusLog,16,16,16,8916.156,454,16,1,27,6474.649055911774,6129.156419849406,3933.649055911777,2195.5073639376324,2270.0,437.0,80.0,0,0,B,0.16151639999588951
28,CplusLog,16,16,16,9307.772,481,16,1,27,6148.230903073831,6345.772457239265,3807.2309030738334,2538.541554165434,2405.0,477.0,80.0,0,0,B,0.2303986999904737
29,CplusLog,16,16,16,7993.333,366,16,1,27,5830.495407551485,5727.333081527413,3809.495407551487,1917.837673975924,1830.0,356.0,80.0,0,0,B,0.2173315999971237
30,CplusLog,16,16,16,8372.07,367,16,1,27,5838.078231657421,6111.0696557857,3802.0782316574223,2308.9914241282786,1835.0,346.0,80.0,0,0,B,0.3363565999898128
31,CplusLog,16,16,16,9159.452,448,16,1,27,6545.872517027328,6402.45236441454,4030.8725170273306,2371.5798473872096,2240.0,437.0,80.0,0,0,B,0.3518507999833673
32,CplusLog,16,16,16,10048.81,508,16,1,27,5779.953442886574,6930.809659072658,3710.9534428865745,3219.856216186085,2540.0,498.0,80.0,0,0,B,0.36702050000894815
33,CplusLog,16,16,16,11457.068,665,16,1,27,6584.0386785429055,7405.067711363284,3952.038678542907,3453.029032820374,3325.0,647.0,80.0,0,0,B,0.6562427000026219
34,CplusLog,16,16,16,6885.651,293,16,1,27,5702.958292221088,5056.651330758424,3998.958292221089,1057.6930385373344,1465.0,284.0,80.0,0,0,B,0.18641789999674074
35,CplusLog,16,16,16,7746.502,351,16,1,27,4802.697502191343,5572.501598150641,3041.6975021913445,2530.804095959296,1755.0,339.0,80.0,0,0,B,0.236411699996097
36,CplusLog,16,16,16,9427.153,454,16,1,27,6383.417880972237,6643.15343591974,4023.4178809722375,2619.735554947505,2270.0,434.0,80.0,0,0,B,0.3351585999771487
37,CplusLog,16,16,16,9407.47,431,16,1,27,6250.80340014476,6760.470497938699,4013.8034001447627,2746.6670977939357,2155.0,412.0,80.0,0,0,B,0.5392198999761604
38,CplusLog,16,16,16,8258.621,364,16,1,27,5997.6864483494755,6007.620659071533,3892.6864483494755,2114.9342107220577,1820.0,351.0,80.0,0,0,B,0.2902788000064902
39,CplusLog,16,16,16,8332.401,362,16,1,27,5735.685293962273,6093.400836621494,3681.6852939622745,2411.715542659221,1810.0,349.0,80.0,0,0,B,0.42543560001649894
40,CplusLog,16,16,16,10099.964,549,16,1,27,6106.698776754166,6731.963760828834,3763.6987767541673,2968.2649840746626,2745.0,543.0,80.0,0,0,B,0.3611093999934383
41,CplusLog,16,16,16,8672.901,371,16,1,27,6021.324402046879,6381.901063208428,3936.3244020468796,2445.576661161549,1855.0,356.0,80.0,0,0,B,0.3151054000190925
42,CplusLog,16,16,16,8631.444,404,16,1,27,6162.240190944603,6137.444245322851,3914.240190944605,2223.2040543782477,2020.0,394.0,80.0,0,0,B,0.2729727000114508
43,CplusLog,16,16,16,7779.364,358,16,1,27,5689.924327914625,5560.363588749886,3601.9243279146267,1958.4392608352591,1790.0,349.0,80.0,0,0,B,0.16448880001553334
44,CplusLog,16,16,16,9177.83,441,16,1,27,6179.69487819314,6470.83002094472,3806.694878193141,2664.135142751577,2205.0,422.0,80.0,0,0,B,0.4068198000022676
45,CplusLog,16,16,16,8954.057,427,16,1,27,5560.729975457518,6325.057396898587,3601.729975457519,2723.327421441069,2135.0,414.0,80.0,0,0,B,0.6063071999815293
46,CplusLog,16,16,16,8536.418,354,16,1,27,5655.860340243947,6354.4181229739725,3685.860340243949,2668.557782730021,1770.0,332.0,80.0,0,0,B,0.6270729999814648
47,CplusLog,16,16,16,9195.848,461,16,1,27,6404.965884358148,6363.848171590446,4033.96588435815,2329.8822872322953,2305.0,447.0,80.0,0,0,B,0.3548139999911655
48,CplusLog,16,16,16,8572.716,399,16,1,27,6273.087717034963,6108.715812111893,3993.0877170349645,2115.6280950769287,1995.0,389.0,80.0,0,0,B,0.390902700019069
49,CplusLog,16,16,16,9434.002,469,16,1,27,5960.855752930515,6570.002051771603,3755.855752930516,2814.146298841089,2345.0,439.0,80.0,0,0,B,0.329753800004255
50,CplusLog,16,16,16,8561.836,370,16,1,27,5579.810126751418,6277.835790061337,3608.8101267514194,2669.0256633099198,1850.0,354.0,80.0,0,0,B,0.49262379997526295
51,CplusLog,16,16,16,9454.23,540,16,1,27,5092.78153351547,6150.230478804286,3044.781533515471,3105.4489452888142,2700.0,524.0,80.0,0,0,B,0.6041281999787316
52,CplusLog,16,16,16,8672.255,427,16,1,27,6006.985136554141,6045.2548337664675,3783.9851365541426,2261.2696972123235,2135.0,412.0,80.0,0,0,B,0.6095445000100881
53,CplusLog,16,16,16,9316.99,437,16,1,27,6293.852365637921,6632.990359110447,4017.8523656379207,2615.1379934725273,2185.0,419.0,80.0,0,0,B,0.3469117000058759
54,CplusLog,16,16,16,8869.929,404,16,1,27,5982.317976802116,6368.928624610102,3752.317976802118,2616.6106478079837,2020.0,401.0,80.0,0,0,B,0.23251559998607263
55,CplusLog,16,16,16,9003.033,380,16,1,27,5997.768393228087,6665.032763332635,3937.768393228088,2727.2643701045477,1900.0,358.0,80.0,0,0,B,0.5261810999945737
56,CplusLog,16,16,16,9368.925,476,16,1,27,6065.369188156237,6453.924968225515,3819.3691881562386,2634.5557800692764,2380.0,455.0,80.0,0,0,B,0.44930740000563674
57,CplusLog,16,16,16,11672.71,673,16,1,27,6254.07532564003,7557.70991480521,3786.075325640032,3771.6345891651804,3365.0,670.0,80.0,0,0,B,0.9018963999988046
58,CplusLog,16,16,16,8408.312,397,16,1,27,5889.26065664655,5954.311508506045,3747.260656646552,2207.050851859495,1985.0,389.0,80.0,0,0,B,0.2792088000278454
59,CplusLog,16,16,16,9737.008,482,16,1,27,6373.844417804635,6780.008433917625,4049.844417804636,2730.1640161129903,2410.0,467.0,80.0,0,0,B,0.42625150000094436
60,CplusLog,16,16,16,8667.818,449,16,1,27,6724.344997483995,5898.818184418782,4139.344997483996,1759.4731869347866,2245.0,444.0,80.0,0,0,B,0.21312410000246018
61,CplusLog,16,16,16,9770.07,518,16,1,27,6204.857892862186,6594.069530694415,3746.8578928621882,2847.21163783223,2590.0,506.0,80.0,0,0,B,0.3337599000078626
62,CplusLog,16,16,16,9509.62,451,16,1,27,5635.7976700037825,6731.619860420847,3635.797670003785,3095.8221904170605,2255.0,443.0,80.0,0,0,B,0.6045571000140626
63,CplusLog,16,16,16,8756.603,356,16,1,27,5905.672454909713,6556.60261307746,3920.6724549097153,2635.9301581677432,1780.0,340.0,80.0,0,0,B,0.6496451999992132
64,CplusLog,16,16,16,11659.983,640,16,1,27,6338.470797332249,7767.98342312957,3773.4707973322506,3994.512625797318,3200.0,612.0,80.0,0,0,B,0.675003000011202
65,CplusLog,16,16,16,10177.836,513,16,1,27,6495.91049966938,7034.836286829437,3930.910499669382,3103.9257871600553,2565.0,498.0,80.0,0,0,B,0.37312180001754314
66,CplusLog,16,16,16,8085.741,372,16,1,27,6196.789268618713,5776.741132605633,3987.789268618715,1788.951863986915,1860.0,369.0,80.0,0,0,B,0.15151359999435954
67,CplusLog,16,16,16,9652.272,427,16,1,27,5941.827113092352,7043.272178275876,3839.8271130923536,3203.445065183523,2135.0,394.0,80.0,0,0,B,0.4802055000036489
68,CplusLog,16,16,16,8837.788,420,16,1,27,5545.1566222283645,6259.788322753274,3435.1566222283673,2824.6317005249075,2100.0,398.0,80.0,0,0,B,0.47895819999394007
69,CplusLog,16,16,16,7313.658,388,16,1,27,4664.709943228889,4906.658250232726,2882.70994322889,2023.948307003836,1940.0,387.0,80.0,0,0,B,0.22250909998547286
70,CplusLog,16,16,16,8534.467,343,16,1,27,5659.180465741075,6415.467357373624,3748.1804657410767,2667.286891632545,1715.0,324.0,80.0,0,0,B,0.43795150000369176
71,CplusLog,16,16,16,11261.345,577,16,1,27,5969.960037187022,7728.3454618854275,3752.9600371870238,3975.385424698407,2885.0,568.0,80.0,0,0,B,0.5252348000067286
72,CplusLog,16,16,16,8365.562,366,16,1,27,5643.110732960919,6104.562001419245,3637.110732960919,2467.4512684583246,1830.0,351.0,80.0,0,0,B,0.3484531000140123
73,CplusLog,16,16,16,10182.239,570,16,1,27,5884.9114985093665,6703.2393987094065,3577.9114985093684,3125.3279002000418,2850.0,549.0,80.0,0,0,B,0.4149817999859806
74,CplusLog,16,16,16,8409.046,394,16,1,27,6047.734092008473,5979.046062327017,3797.7340920084744,2181.3119703185425,1970.0,380.0,80.0,0,0,B,0.37097950000315905
75,CplusLog,16,16,16,9853.56,445,16,1,27,6365.342810942603,7144.559621228082,3964.342810942604,3180.2168102854785,2225.0,404.0,80.0,0,0,B,0.7384920000040438
76,CplusLog,16,16,16,8763.543,400,16,1,27,5471.312433487177,6288.542592204872,3577.312433487179,2711.2301587176926,2000.0,395.0,80.0,0,0,B,0.3793825999891851
77,CplusLog,16,16,16,9055.195,496,16,1,27,4952.617348884779,6018.195405805501,3011.61734888478,3006.5780569207213,2480.0,477.0,80.0,0,0,B,0.391791900008684
78,CplusLog,16,16,16,9777.513,456,16,1,27,6152.708568623274,6982.512519452614,3947.708568623277,3034.8039508293355,2280.0,435.0,80.0,0,0,B,0.5901321999845095
79,CplusLog,16,16,16,10434.002,602,16,1,27,5797.034883473414,6757.001555342718,3612.0348834734154,3144.966671869302,3010.0,587.0,80.0,0,0,B,0.5615371000021696
80,CplusLog,16,16,16,8639.507,376,16,1,27,5702.283500500374,6326.507376102083,3810.283500500375,2516.223875601709,1880.0,353.0,80.0,0,0,B,0.5361096000124235
81,CplusLog,16,16,16,10653.205,553,16,1,27,6058.578068491092,7267.205154282327,3750.5780684910937,3516.6270857912305,2765.0,541.0,80.0,0,0,B,0.3965109999990091
82,CplusLog,16,16,16,6712.531,269,16,1,27,4533.024593764285,5028.530736479646,3005.0245937642853,2023.5061427153587,1345.0,259.0,80.0,0,0,B,0.33645739997155033
83,CplusLog,16,16,16,10029.215,503,16,1,27,5917.0958069361595,6940.214677784344,3797.0958069361595,3143.1188708481873,2515.0,494.0,80.0,0,0,B,0.40246729998034425
84,CplusLog,16,16,16,8942.447,406,16,1,27,5726.3909505929705,6440.4472816768275,3677.3909505929723,2763.056331083856,2030.0,392.0,80.0,0,0,B,0.31758849998004735
85,CplusLog,16,16,16,8884.046,416,16,1,27,5620.718338207767,6330.046095943138,3615.718338207769,2714.327757735374,2080.0,394.0,80.0,0,0,B,0.3095244999858551
86,CplusLog,16,16,16,9175.723,402,16,1,27,5719.127756676758,6708.722904328983,3624.1277566767585,3084.5951476522278,2010.0,377.0,80.0,0,0,B,0.5130556000221986
87,CplusLog,16,16,16,9379.285,436,16,1,27,6333.044407687959,6711.284886819683,3955.0444076879603,2756.2404791317254,2180.0,408.0,80.0,0,0,B,0.4011480000044685
88,CplusLog,16,16,16,7305.391,333,16,1,27,4510.748577602301,5250.390794452358,2853.7485776023022,2396.6422168500585,1665.0,310.0,80.0,0,0,B,0.4606241000001319
89,CplusLog,16,16,16,10450.231,530,16,1,27,6336.084402773641,7211.23074153264,3864.084402773641,3347.146338759002,2650.0,509.0,80.0,0,0,B,0.359299200004898
90,CplusLog,16,16,16,10378.516,551,16,1,27,6341.467306010577,6995.51618572182,3962.467306010578,3033.048879711241,2755.0,548.0,80.0,0,0,B,0.5736421000037808
91,CplusLog,16,16,16,8829.934,463,16,1,27,6142.516520036281,5981.934215299044,3706.516520036283,2275.4176952627613,2315.0,453.0,80.0,0,0,B,0.36758459999691695
92,CplusLog,16,16,16,8608.165,372,16,1,27,5693.988646037243,6301.165477691605,3745.9886460372436,2555.1768316543594,1860.0,367.0,80.0,0,0,B,0.32358929998008534
93,CplusLog,16,16,16,10359.86,528,16,1,27,6341.786530328919,7119.859726420542,3983.7865303289195,3136.0731960916196,2640.0,520.0,80.0,0,0,B,0.4309885000111535
94,CplusLog,16,16,16,8606.393,384,16,1,27,5794.346189749533,6239.392856578006,3651.346189749534,2588.046666828474,1920.0,367.0,80.0,0,0,B,0.3363485000154469
95,CplusLog,16,16,16,9980.342,480,16,1,27,6107.168745282109,7038.341626437428,3938.1687452821106,3100.1728811553216,2400.0,462.0,80.0,0,0,B,0.6516573999833781
96,CplusLog,16,16,16,9125.579,468,16,1,27,5954.55946232143,6256.579040420701,3761.559462321433,2495.0195780992717,2340.0,449.0,80.0,0,0,B,0.4759370000101626
97,CplusLog,16,16,16,9306.345,570,16,1,27,4958.637958047453,5809.3446229532165,3024.637958047455,2784.706664905763,2850.0,567.0,80.0,0,0,B,0.600233200006187
98,CplusLog,16,16,16,8763.985,392,16,1,27,6247.855176691947,6349.985175274356,4026.855176691949,2323.1299985824094,1960.0,374.0,80.0,0,0,B,0.4232661999994889
99,CplusLog,16,16,16,9670.795,472,16,1,27,5830.20862443064,6765.795225875767,3763.208624430642,3002.586601445124,2360.0,465.0,80.0,0,0,B,0.5544106000161264
100,CplusLog,16,16,16,10984.368,557,16,1,27,6097.560577981242,7579.367824956129,3773.5605779812445,3805.807246974884,2785.0,540.0,80.0,0,0,B,0.4576046000001952
101,CplusLog,16,16,16,8785.345,427,16,1,27,6419.417743180476,6158.345381324905,3981.4177431804783,2176.9276381444292,2135.0,412.0,80.0,0,0,B,0.49847230000887066
102,CplusLog,16,16,16,9710.809,459,16,1,27,5879.226352818442,6899.808833616028,3770.2263528184444,3129.582480797584,2295.0,436.0,80.0,0,0,B,0.7797473999962676
103,CplusLog,16,16,16,9323.826,471,16,1,27,6170.507419059702,6442.826217171968,3756.507419059703,2686.318798112265,2355.0,446.0,80.0,0,0,B,0.45395900000585243
104,CplusLog,16,16,16,9052.215,402,16,1,27,5906.804396148596,6569.215091021045,3768.8043961485973,2800.410694872447,2010.0,393.0,80.0,0,0,B,0.3413019000145141
105,CplusLog,16,16,16,10153.422,561,16,1,27,6119.378497018141,6717.4220567033135,3751.3784970181437,2966.0435596851707,2805.0,551.0,80.0,0,0,B,0.35278409998863935
106,CplusLog,16,16,16,8059.976,379,16,1,27,5627.834076827914,5729.975564485335,3579.834076827916,2150.141487657421,1895.0,355.0,80.0,0,0,B,0.5577638999966439
107,CplusLog,16,16,16,8549.892,397,16,1,27,5512.871418980402,6110.892363388089,3458.871418980403,2652.0209444076863,1985.0,374.0,80.0,0,0,B,0.2337446000019554
108,CplusLog,16,16,16,9773.514,477,16,1,27,6284.923468084929,6849.514107232972,3979.92346808493,2869.5906391480435,2385.0,459.0,80.0,0,0,B,0.5583870999980718
109,CplusLog,16,16,16,9156.702,497,16,1,27,6244.157538662448,6103.701535756123,3750.157538662449,2353.5439970936745,2485.0,488.0,80.0,0,0,B,0.28382670000428334
110,CplusLog,16,16,16,8850.716,395,16,1,27,5991.448237681696,6422.71637136301,3836.448237681697,2586.2681336813134,1975.0,373.0,80.0,0,0,B,0.457794100017054
111,CplusLog,16,16,16,10657.763,592,16,1,27,6153.34250740874,7032.763284028362,3768.342507408742,3264.4207766196196,2960.0,585.0,80.0,0,0,B,0.6342537000018638
112,CplusLog,16,16,16,9211.555,384,16,1,27,5925.853082050383,6858.555253156087,3831.8530820503847,3026.7021711057027,1920.0,353.0,80.0,0,0,B,0.695854200021131
113,CplusLog,16,16,16,7634.036,416,16,1,27,5172.09403675098,5074.036336964311,3046.09403675098,2027.9423002133308,2080.0,400.0,80.0,0,0,B,0.2393244999984745
114,CplusLog,16,16,16,8024.881,396,16,1,27,5925.048062101495,5573.880906294395,3755.048062101497,1818.8328441928984,1980.0,391.0,80.0,0,0,B,0.31664450000971556
115,CplusLog,16,16,16,9131.933,410,16,1,27,5836.054366470981,6615.93326917118,3769.0543664709826,2846.878902700196,2050.0,386.0,80.0,0,0,B,0.43337739998241886
116,CplusLog,16,16,16,8547.284,378,16,1,27,5545.2723663395445,6207.284355040703,3611.2723663395436,2596.0119887011597,1890.0,370.0,80.0,0,0,B,0.45385910000186414
117,CplusLog,16,16,16,9940.151,495,16,1,27,6024.090312880921,6894.151067198291,3822.0903128809223,3072.0607543173683,2475.0,491.0,80.0,0,0,B,0.3459465999912936
118,CplusLog,16,16,16,8150.416,330,16,1,27,5660.866603971001,6098.415927343402,3836.866603971001,2261.5493233724005,1650.0,322.0,80.0,0,0,B,0.2630622000142466
119,CplusLog,16,16,16,9406.34,459,16,1,27,5987.1197264309285,6586.339920074115,3758.1197264309303,2828.2201936431834,2295.0,445.0,80.0,0,0,B,0.41125360000296496
120,CplusLog,16,16,16,8578.388,443,16,1,27,6083.636332818403,5853.387502747674,3758.6363328184048,2094.7511699292695,2215.0,430.0,80.0,0,0,B,0.26305609999690205
121,CplusLog,16,16,16,8857.186,374,16,1,27,5806.159389177757,6545.186166229184,3781.1593891777584,2764.026777051425,1870.0,362.0,80.0,0,0,B,0.4017734000226483
122,CplusLog,16,16,16,8613.756,352,16,1,27,5758.383988082591,6444.756403558979,3839.3839880825913,2605.37241547639,1760.0,329.0,80.0,0,0,B,0.3042376000084914
123,CplusLog,16,16,16,9220.014,487,16,1,27,6411.762030637337,6235.014404911953,3930.762030637339,2304.2523742746143,2435.0,470.0,80.0,0,0,B,0.2758960999781266
124,CplusLog,16,16,16,9180.33,408,16,1,27,6089.603942133399,6679.329645601726,3856.603942133401,2822.725703468324,2040.0,381.0,80.0,0,0,B,0.4038310000032652
125,CplusLog,16,16,16,9419.874,487,16,1,27,5890.2891645651225,6429.8744210307195,3756.2891645651234,2673.5852564655975,2435.0,475.0,80.0,0,0,B,0.29583020001882687
126,CplusLog,16,16,16,8988.686,406,16,1,27,5819.26162619089,6491.685510554078,3783.2616261908915,2708.423884363188,2030.0,387.0,80.0,0,0,B,0.49084789998596534
127,CplusLog,16,16,16,9296.016,438,16,1,27,6265.305419238595,6606.016270100867,4003.305419238596,2602.7108508622705,2190.0,420.0,80.0,0,0,B,0.473868200002471
128,CplusLog,16,16,16,8782.438,397,16,1,27,5717.509097640033,6332.437830161817,3809.5090976400343,2522.928732521787,1985.0,385.0,80.0,0,0,B,0.47961370000848547
129,CplusLog,16,16,16,8741.823,415,16,1,27,5882.765772021941,6192.823008791633,3754.765772021942,2438.0572367696923,2075.0,394.0,80.0,0,0,B,0.30361589998938143
130,CplusLog,16,16,16,9625.778,459,16,1,27,6139.647641349474,6814.7777842967025,3786.6476413494756,3028.130142947225,2295.0,436.0,80.0,0,0,B,0.595845100004226
131,CplusLog,16,16,16,9326.186,454,16,1,27,6104.07627359582,6530.186380089613,3774.076273595821,2756.110106493791,2270.0,446.0,80.0,0,0,B,0.3484881000185851
132,CplusLog,16,16,16,8446.72,330,16,1,27,5592.230669244828,6410.719637270109,3779.2306692448287,2631.48896802528,1650.0,306.0,80.0,0,0,B,0.5293997999979183
133,CplusLog,16,16,16,9126.244,420,16,1,27,6176.624775784202,6542.243772140174,3922.6247757842043,2619.618996355968,2100.0,404.0,80.0,0,0,B,0.3934224999975413
134,CplusLog,16,16,16,7600.633,307,16,1,27,5475.75694151938,5684.633072106077,3693.756941519382,1990.8761305866947,1535.0,301.0,80.0,0,0,B,0.30339630000526085
135,CplusLog,16,16,16,8123.005,339,16,1,27,5305.230900508099,6026.005257407843,3437.230900508101,2588.7743568997407,1695.0,322.0,80.0,0,0,B,0.41394699999364093
136,CplusLog,16,16,16,8187.775,351,16,1,27,5712.606710265049,6006.77470438946,3759.6067102650486,2247.167994124411,1755.0,346.0,80.0,0,0,B,0.3883841999922879
137,CplusLog,16,16,16,8266.283,357,16,1,27,5970.114450661472,6056.282869115487,3939.1144506614733,2117.1684184540113,1785.0,345.0,80.0,0,0,B,0.39397330000065267
138,CplusLog,16,16,16,8527.534,367,16,1,27,5817.80934024744,6263.534133206823,3763.809340247441,2499.7247929593814,1835.0,349.0,80.0,0,0,B,0.4509031999914441
139,CplusLog,16,16,16,8164.38,430,16,1,27,5913.192814017487,5520.380344647395,3610.1928140174887,1910.1875306299075,2150.0,414.0,80.0,0,0,B,0.34939879999728873
140,CplusLog,16,16,16,8529.519,382,16,1,27,5985.424130829882,6164.518555916092,3798.4241308298833,2366.094425086208,1910.0,375.0,80.0,0,0,B,0.3488927999860607
141,CplusLog,16,16,16,9395.829,485,16,1,27,6249.860888037957,6408.829464196548,3992.860888037959,2415.96857615859,2425.0,482.0,80.0,0,0,B,0.41325089999008924
142,CplusLog,16,16,16,7986.226,338,16,1,27,5684.126920793547,5895.22567625344,3767.1269207935484,2128.0987554598896,1690.0,321.0,80.0,0,0,B,0.3137276000052225
143,CplusLog,16,16,16,8147.212,360,16,1,27,5721.836274009477,5918.2122352736815,3662.8362740094785,2255.3759612642007,1800.0,349.0,80.0,0,0,B,0.33021159999771044
144,CplusLog,16,16,16,9516.156,483,16,1,27,6111.366398664366,6547.155627844765,3788.366398664367,2758.789229180398,2415.0,474.0,80.0,0,0,B,0.47775680001359433
145,CplusLog,16,16,16,10367.973,521,16,1,27,6222.688963514654,7183.9734223317855,3819.688963514656,3364.2844588171297,2605.0,499.0,80.0,0,0,B,0.3223273000039626
146,CplusLog,16,16,16,11010.133,609,16,1,27,6355.189377625879,7281.1332452145825,3829.1893776258808,3451.943867588703,3045.0,604.0,80.0,0,0,B,0.3480629000114277
147,CplusLog,16,16,16,11290.411,590,49,1,27,6090.251871102168,7581.410530775831,3843.2518711021694,3738.158659673665,2950.0,580.0,179.0,33,0,B,0.48461569999926724
148,CplusLog,16,16,16,9052.568,425,16,1,27,5681.62249563185,6434.567635041638,3610.6224956318524,2823.945139409788,2125.0,413.0,80.0,0,0,B,0.4732291999971494
149,CplusLog,16,16,16,10757.437,635,16,1,27,5914.962776627514,6870.437337388088,3625.9627766275153,3244.4745607605714,3175.0,632.0,80.0,0,0,B,0.4735946000146214
150,CplusLog,16,16,16,8497.422,341,16,1,27,5679.938021178647,6395.422380127422,3783.93802117865,2611.484358948772,1705.0,317.0,80.0,0,0,B,0.44291209999937564
151,CplusLog,16,16,16,7888.363,377,16,1,27,5612.102136025777,5564.362964056817,3599.10213602578,1965.2608280310358,1885.0,359.0,80.0,0,0,B,0.36245849999249913
152,CplusLog,16,16,16,8689.296,420,16,1,27,6378.541489566034,6096.296442004412,4038.5414895660365,2057.7549524383767,2100.0,413.0,80.0,0,0,B,0.3556273000140209
153,CplusLog,16,16,16,11323.767,637,16,1,27,6554.720318341239,7433.767135088944,3954.720318341241,3479.046816747705,3185.0,625.0,80.0,0,0,B,0.7722620000131428
154,CplusLog,16,16,16,8480.926,369,16,1,27,5604.070822007274,6194.925725983047,3578.0708220072756,2616.854903975773,1845.0,361.0,80.0,0,0,B,0.38209870000719093
155,CplusLog,16,16,16,11558.04,613,16,1,27,6043.6762025022845,7820.040044278046,3677.6762025022854,4142.363841775762,3065.0,593.0,80.0,0,0,B,1.0266262000077404
156,CplusLog,16,16,16,9743.252,419,16,1,27,6213.9756312255895,7170.251648573515,3967.9756312255913,3202.276017347923,2095.0,398.0,80.0,0,0,B,0.7892330999893602
157,CplusLog,16,16,16,8706.923,403,16,1,27,6067.968101380145,6223.922967485606,3933.9681013801464,2289.9548661054587,2015.0,388.0,80.0,0,0,B,0.2641225000261329
158,CplusLog,16,16,16,8049.827,357,16,1,27,5527.405294428831,5835.8268575160355,3505.4052944288333,2330.4215630872027,1785.0,349.0,80.0,0,0,B,0.29654609999852255
159,CplusLog,16,16,16,10642.001,641,16,1,27,5997.6879760411975,6738.000805060614,3619.6879760411994,3118.312829019414,3205.0,619.0,80.0,0,0,B,0.5258551999868359
160,CplusLog,16,16,16,8564.066,408,16,1,27,6001.174366731719,6056.066405632061,3805.174366731719,2250.892038900342,2040.0,388.0,80.0,0,0,B,0.26779880002141
161,CplusLog,16,16,16,9865.181,532,16,1,27,6095.971057355681,6607.180649541961,3751.9710573556836,2855.2095921862806,2660.0,518.0,80.0,0,0,B,0.4164216000062879
162,CplusLog,16,16,16,7511.145,365,16,1,27,4849.319281480438,5257.144760310602,3023.3192814804383,2233.825478830163,1825.0,349.0,80.0,0,0,B,0.6339176000037696
163,CplusLog,16,16,16,9686.586,500,16,1,27,5904.635498011094,6608.585669489284,3752.635498011096,2855.950171478187,2500.0,498.0,80.0,0,0,B,0.34628019999945536
164,CplusLog,16,16,16,8479.239,368,16,1,27,5801.33080994257,6200.239123076774,3776.3308099425717,2423.908313134202,1840.0,359.0,80.0,0,0,B,0.4158160999941174
165,CplusLog,16,16,16,9264.22,451,16,1,27,6330.188558377207,6494.22026983919,3953.188558377208,2541.0317114619825,2255.0,435.0,80.0,0,0,B,0.3069340999936685
166,CplusLog,16,16,16,7898.941,334,16,1,27,5817.719624344501,5822.94054633478,3857.7196243445037,1965.2209219902757,1670.0,326.0,80.0,0,0,B,0.3489813999913167
167,CplusLog,16,16,16,8526.79,361,16,1,27,6169.422362700731,6287.790054620541,4056.4223627007327,2231.367691919807,1805.0,354.0,80.0,0,0,B,0.2365568999957759
168,CplusLog,16,16,16,8835.925,402,16,1,27,6259.3190262173985,6360.925073968892,3949.319026217398,2411.6060477514934,2010.0,385.0,80.0,0,0,B,0.2436401000013575
169,CplusLog,16,16,16,7707.474,404,16,1,27,4994.864342712411,5212.473867596414,3011.8643427124116,2200.6095248840006,2020.0,395.0,80.0,0,0,B,0.5780491000041366
170,CplusLog,16,16,16,9362.62,412,16,1,27,5784.525543923598,6827.619679990294,3764.5255439236,3063.0941360666957,2060.0,395.0,80.0,0,0,B,0.6593665999826044
171,CplusLog,16,16,16,8435.276,405,16,1,27,6167.259660605106,5931.275643261647,3993.259660605108,1938.015982656539,2025.0,399.0,80.0,0,0,B,0.3913738999981433
172,CplusLog,16,16,16,9442.294,421,16,1,27,5882.373788632483,6854.2942576229225,3774.373788632486,3079.9204689904395,2105.0,403.0,80.0,0,0,B,0.6022120999987237
173,CplusLog,16,16,16,9899.035,528,16,1,27,6181.529754822142,6656.034893867355,3876.529754822143,2779.505139045213,2640.0,523.0,80.0,0,0,B,0.6944856999907643
174,CplusLog,16,16,16,8138.196,347,16,1,27,6001.791904709612,5979.196437643103,3958.7919047096134,2020.4045329334904,1735.0,344.0,80.0,0,0,B,0.21701009999378584
175,CplusLog,16,16,16,7990.713,386,16,1,27,5835.4288719012075,5605.712633390602,3638.428871901209,1967.2837614893947,1930.0,375.0,80.0,0,0,B,0.27056550001725554
176,CplusLog,16,16,16,8300.873,366,16,1,27,5858.498568643204,6037.873285605003,3757.4985686432055,2280.3747169617955,1830.0,353.0,80.0,0,0,B,0.37836949998745695
177,CplusLog,16,16,16,9983.805,589,16,1,27,6288.43268610006,6372.805196708317,3786.4326861000613,2586.3725106082547,2945.0,586.0,80.0,0,0,B,0.5318657000025269
178,CplusLog,16,16,16,9354.735,412,16,1,27,6222.708722967626,6822.73521712027,3932.7087229676276,2890.0264941526416,2060.0,392.0,80.0,0,0,B,0.6969761000073049
179,CplusLog,16,16,16,9008.744,403,16,1,27,5934.0751791835155,6545.7439928326085,3772.075179183517,2773.668813649092,2015.0,368.0,80.0,0,0,B,0.4453902000095695
180,CplusLog,16,16,16,9070.671,402,16,1,27,5944.704690190216,6602.671450347353,3796.7046901902177,2805.9667601571364,2010.0,378.0,80.0,0,0,B,0.5210525000002235
181,CplusLog,16,16,16,9605.518,475,16,1,27,6117.923941949004,6693.51810879374,3775.9239419490054,2917.594166844734,2375.0,457.0,80.0,0,0,B,0.4550982999789994
182,CplusLog,16,16,16,9762.054,461,16,1,27,6114.559278168654,6927.053955908332,3939.559278168655,2987.4946777396726,2305.0,450.0,80.0,0,0,B,0.7438173000118695
183,CplusLog,16,16,16,8858.946,440,16,1,27,6422.029952273516,6148.9464813005625,4053.0299522735177,2095.9165290270425,2200.0,430.0,80.0,0,0,B,0.2992227000067942
184,CplusLog,16,16,16,8283.327,381,16,1,27,5853.882902878251,5932.3268801063705,3817.8829028782525,2114.443977228119,1905.0,366.0,80.0,0,0,B,0.30487920000450686
185,CplusLog,16,16,16,8571.895,396,16,1,27,6145.626447546373,6127.894828572593,3935.626447546373,2192.268381026221,1980.0,384.0,80.0,0,0,B,0.3401085000077728
186,CplusLog,16,16,16,9241.123,443,16,1,27,5996.712134122159,6508.122674162191,3817.712134122161,2690.4105400400285,2215.0,438.0,80.0,0,0,B,0.4140551000018604
187,CplusLog,16,16,16,9737.011,537,16,1,27,6091.295404309566,6447.010558593334,3616.295404309568,2830.715154283767,2685.0,525.0,80.0,0,0,B,0.5096515000041109
188,CplusLog,16,16,16,7332.645,339,16,1,27,4871.660377068449,5231.644859990591,3056.66037706845,2174.9844829221415,1695.0,326.0,80.0,0,0,B,0.44083999999566004
189,CplusLog,16,16,16,12278.516,693,16,1,27,5856.211440298837,8051.515812785539,3572.2114402988377,4479.304372486706,3465.0,682.0,80.0,0,0,B,0.8026114000240341
190,CplusLog,16,16,16,9038.657,365,16,1,27,5881.072260743157,6795.657029920988,3878.072260743159,2917.5847691778276,1825.0,338.0,80.0,0,0,B,0.4126193000120111
191,CplusLog,16,16,16,10260.254,517,16,1,27,5847.0495365662,7091.253647991663,3775.049536566202,3316.2041114254625,2585.0,504.0,80.0,0,0,B,0.5657843000080902
192,CplusLog,16,16,16,9210.782,441,16,1,27,6305.488111261366,6500.781837993949,3814.4881112613666,2686.293726732581,2205.0,425.0,80.0,0,0,B,0.5079535000259057
193,CplusLog,16,16,16,9204.107,430,16,1,27,6042.848092452589,6560.10655201015,3803.848092452591,2756.2584595575595,2150.0,414.0,80.0,0,0,B,0.3580009000143036
194,CplusLog,16,16,16,9595.434,468,16,1,27,6366.638905347304,6714.433689591405,3856.6389053473054,2857.7947842441013,2340.0,461.0,80.0,0,0,B,0.14512370000011288
195,CplusLog,16,16,16,8336.213,385,16,1,27,6261.302215900954,5956.212805283086,4061.302215900955,1894.910589382129,1925.0,375.0,80.0,0,0,B,0.12172840000130236
196,CplusLog,16,16,16,8729.688,368,16,1,27,6019.790175014512,6454.688118044408,3940.790175014514,2513.8979430298955,1840.0,355.0,80.0,0,0,B,0.45180270000128075
197,CplusLog,16,16,16,9372.208,476,16,1,27,6474.305060822209,6463.208263866723,4012.3050608222106,2450.903203044512,2380.0,449.0,80.0,0,0,B,0.39292830001795664
198,CplusLog,16,16,16,9285.725,400,16,1,27,5748.944821041597,6824.724513623031,3745.9448210415985,3078.7796925814328,2000.0,381.0,80.0,0,0,B,0.6337855999881867
199,CplusLog,16,16,16,8985.829,403,16,1,27,6190.757833175957,6510.82873491053,3944.757833175959,2566.070901734572,2015.0,380.0,80.0,0,0,B,0.3214544000220485
200,CplusLog,16,16,16,7771.021,330,16,1,27,4962.714877292191,5732.020804745111,3132.714877292192,2599.305927452919,1650.0,309.0,80.0,0,0,B,0.4295341999968514
