case,strategy,source_count,detected_channels,cleared_channels,total_virtual_time_s,measure_actions,clear_actions,all_cleared,search_sites,search_end_time_s,movement_time_s,detection_time_s,switching_time_s,clearing_time_s,failed_clear_actions,wall_time_s
1,L950_C2,15,15,15,10499.905,319,15,1,31,8224.448267190432,8514.905355696359,1595.0,315.0,75.0,0,0.2911915000004228
2,L950_C2,10,10,10,10521.207,414,10,1,31,8790.204211259801,7992.207442118292,2070.0,409.0,50.0,0,0.15646339999511838
3,L950_C2,12,12,12,10147.497,321,12,1,31,8248.448267190432,8163.496595731828,1605.0,319.0,60.0,0,0.20918230002280325
4,L950_C2,15,15,15,10068.872,293,15,1,31,8087.817528833359,8242.871825766362,1465.0,286.0,75.0,0,0.2807691999769304
5,L950_C2,13,13,13,10183.499,320,13,1,31,8261.465602396243,8199.498688433629,1600.0,319.0,65.0,0,0.18867010000394657
6,L950_C2,12,12,12,10516.273,334,12,1,31,8320.686158582408,8467.272716497962,1670.0,319.0,60.0,0,0.35504980001132935
7,L950_C2,12,12,12,10761.992,363,12,1,31,8477.313010736661,8532.991697896397,1815.0,354.0,60.0,0,0.26995059999171644
8,L950_C2,13,13,13,10206.338,329,13,1,31,8354.734478115482,8171.338248264704,1645.0,325.0,65.0,0,0.1468198999937158
9,L950_C2,12,12,12,10421.709,339,12,1,31,8361.059932580956,8339.708956221013,1695.0,327.0,60.0,0,0.3027497000002768
10,L950_C2,15,15,15,10662.913,318,15,1,31,8254.5337127866,8685.91274810582,1590.0,312.0,75.0,0,0.2299332999973558
11,L950_C2,16,16,16,5242.064,193,16,1,31,2879.541489517005,4020.0643632441006,965.0,177.0,80.0,0,0.38757280001300387
12,L950_C2,16,16,16,6048.628,181,16,1,31,3600.00708129301,4895.628114249088,905.0,168.0,80.0,0,0.4257752999837976
13,L950_C2,12,12,12,10489.553,342,12,1,31,8290.448267190432,8394.553192667487,1710.0,325.0,60.0,0,0.41838499999721535
14,L950_C2,15,15,15,10102.488,265,15,1,31,7906.354583513186,8446.488241029163,1325.0,256.0,75.0,0,0.2988743999740109
15,L950_C2,12,12,12,10627.243,332,12,1,31,8278.921661512017,8588.242645222028,1660.0,319.0,60.0,0,0.3549360000179149
16,L950_C2,12,12,12,9895.238,358,12,1,31,8573.873858222807,7694.237651680585,1790.0,351.0,60.0,0,0.20692950001102872
17,L950_C2,16,16,16,6335.091,197,16,1,31,4340.213922196696,5075.091003713076,985.0,195.0,80.0,0,0.2687996000167914
18,L950_C2,10,10,10,11184.651,445,10,1,31,8992.448267190432,8468.650691120054,2225.0,441.0,50.0,0,0.13941209999029525
19,L950_C2,11,11,11,11009.718,402,11,1,31,8698.448267190432,8551.717742616076,2010.0,393.0,55.0,0,0.31291690000216477
20,L950_C2,14,14,14,11084.289,348,14,1,31,8290.448267190432,8946.288815890748,1740.0,328.0,70.0,0,0.615834399999585
21,L950_C2,12,12,12,10752.516,369,12,1,31,8499.729013872458,8489.516139104362,1845.0,358.0,60.0,0,0.30499430000782013
22,L950_C2,10,10,10,10813.333,396,10,1,31,8674.448267190432,8396.332750822421,1980.0,387.0,50.0,0,0.21404249998158775
23,L950_C2,12,12,12,10386.641,343,12,1,31,8374.448267190432,8275.64089176709,1715.0,336.0,60.0,0,0.2497972999990452
24,L950_C2,13,13,13,10402.531,330,13,1,31,8336.009693624379,8368.530582874646,1650.0,319.0,65.0,0,0.3133811000152491
25,L950_C2,13,13,13,10855.708,327,13,1,31,8229.566626888627,8840.707910628029,1635.0,315.0,65.0,0,0.2683004999998957
26,L950_C2,12,12,12,12162.765,413,12,1,31,8583.331155892993,9664.764909849144,2065.0,373.0,60.0,0,0.4377558999985922
27,L950_C2,16,16,16,6570.063,189,16,1,31,3857.0,5365.062719997642,945.0,180.0,80.0,0,0.33711459999904037
28,L950_C2,11,11,11,10674.982,374,11,1,31,8536.448267190432,8381.982085498095,1870.0,368.0,55.0,0,0.29680609999923036
29,L950_C2,15,15,15,10639.744,272,15,1,31,7929.913156348949,8946.74351292873,1360.0,258.0,75.0,0,0.3391192000126466
30,L950_C2,10,10,10,10497.707,388,10,1,31,8703.182944863403,8128.706527759619,1940.0,379.0,50.0,0,0.24925349999102764
31,L950_C2,12,12,12,10293.233,336,12,1,31,8343.803670662106,8221.23281720269,1680.0,332.0,60.0,0,0.20590650002122857
32,L950_C2,13,13,13,10583.471,333,13,1,31,8310.95958141025,8526.471420934868,1665.0,327.0,65.0,0,0.2693878999853041
33,L950_C2,14,14,14,10189.201,310,14,1,31,8128.448267190432,8269.201013249836,1550.0,300.0,70.0,0,0.37369849998503923
34,L950_C2,11,11,11,11749.799,459,11,1,31,8893.117223576628,8949.799152794641,2295.0,450.0,55.0,0,0.2726107000198681
35,L950_C2,11,11,11,11330.338,414,11,1,31,8680.448267190432,8803.337529655068,2070.0,402.0,55.0,0,0.2572185000171885
36,L950_C2,11,11,11,10872.782,372,11,1,31,8566.448267190432,8590.782381471166,1860.0,367.0,55.0,0,0.21399439999368042
37,L950_C2,12,12,12,10516.71,337,12,1,31,8344.754006291243,8441.70956811713,1685.0,330.0,60.0,0,0.15711080000619404
38,L950_C2,11,11,11,10758.065,386,11,1,31,8596.448267190432,8398.064927508494,1930.0,375.0,55.0,0,0.34599509998224676
39,L950_C2,11,11,11,11257.776,409,11,1,31,8662.448267190432,8765.776239740433,2045.0,392.0,55.0,0,0.18925429999944754
40,L950_C2,11,11,11,10721.843,405,11,1,31,8769.917677720034,8244.842783007785,2025.0,397.0,55.0,0,0.2285783999832347
41,L950_C2,11,11,11,10666.328,390,11,1,31,8626.448267190432,8283.327661279967,1950.0,378.0,55.0,0,0.27656829997431487
42,L950_C2,14,14,14,10732.701,298,14,1,31,8049.098776729783,8892.700576885542,1490.0,280.0,70.0,0,0.4315397999889683
43,L950_C2,15,15,15,10874.706,324,15,1,31,8223.496820144424,8862.706356517925,1620.0,317.0,75.0,0,0.31852500000968575
44,L950_C2,11,11,11,10728.959,394,11,1,31,8675.042250171919,8321.958802548826,1970.0,382.0,55.0,0,0.17738880001707003
45,L950_C2,10,10,10,10658.578,412,10,1,31,8716.448267190432,8141.578421698471,2060.0,407.0,50.0,0,0.2023541000089608
46,L950_C2,15,15,15,10713.036,287,15,1,31,7955.670380328058,8933.036421961673,1435.0,270.0,75.0,0,0.38478999998187646
47,L950_C2,15,15,15,10380.409,274,15,1,31,7989.823505566393,8681.408654758547,1370.0,254.0,75.0,0,0.4791376999928616
48,L950_C2,11,11,11,10961.618,393,11,1,31,8633.720112166866,8561.617771737006,1965.0,380.0,55.0,0,0.3318321999977343
49,L950_C2,12,12,12,11521.253,393,12,1,31,8578.071640243295,9126.252783923992,1965.0,370.0,60.0,0,0.2720567999931518
50,L950_C2,16,16,16,7596.125,327,16,1,31,4190.847325233439,5558.1248487535795,1635.0,323.0,80.0,0,0.4516464000043925
51,L950_C2,15,15,15,11100.238,303,15,1,31,8062.448267190432,9219.23841463163,1515.0,291.0,75.0,0,0.46416649999446236
52,L950_C2,10,10,10,10466.043,376,10,1,31,8591.769958899982,8163.042680671668,1880.0,373.0,50.0,0,0.18778179999208078
53,L950_C2,10,10,10,11244.743,436,10,1,31,8890.448267190432,8590.743492169937,2180.0,424.0,50.0,0,0.3299523999739904
54,L950_C2,16,16,16,9280.414,301,105,1,31,4129.94807300353,7168.414103294395,1505.0,260.0,347.0,89,0.41106650000438094
55,L950_C2,13,13,13,11437.109,332,13,1,31,8236.448267190432,9393.108795706765,1660.0,319.0,65.0,0,0.36907630000496283
56,L950_C2,14,14,14,10677.586,311,14,1,31,8104.448267190432,8754.586443703776,1555.0,298.0,70.0,0,0.3801592999952845
57,L950_C2,11,11,11,11117.912,400,11,1,31,8702.936807635011,8675.911693105052,2000.0,387.0,55.0,0,0.2787866000144277
58,L950_C2,16,16,16,5944.297,281,16,1,31,1817.0,4190.296621342844,1405.0,269.0,80.0,0,0.5853032000013627
59,L950_C2,16,16,16,7320.593,207,16,1,31,4084.235445958642,6023.59304620622,1035.0,182.0,80.0,0,0.5405081000062637
60,L950_C2,14,14,14,10887.61,340,14,1,31,8266.448267190432,8796.609564301994,1700.0,321.0,70.0,0,0.4476497000141535
61,L950_C2,12,12,12,11317.719,361,12,1,31,8435.259211465986,9108.719413346778,1805.0,344.0,60.0,0,0.24401990001206286
62,L950_C2,15,15,15,10791.376,302,15,1,31,8148.237659557701,8918.376412138738,1510.0,288.0,75.0,0,0.4396013999939896
63,L950_C2,15,15,15,10527.739,265,15,1,31,7890.7089223484145,8871.73889158562,1325.0,256.0,75.0,0,0.3495958999847062
64,L950_C2,13,13,13,10379.532,317,13,1,31,8242.448267190432,8413.532381885547,1585.0,316.0,65.0,0,0.18754339998122305
65,L950_C2,12,12,12,10759.393,368,12,1,31,8440.448267190432,8508.393415691979,1840.0,351.0,60.0,0,0.3759208999981638
66,L950_C2,11,11,11,10808.844,356,11,1,31,8392.448267190432,8634.84447498599,1780.0,339.0,55.0,0,0.3542408000212163
67,L950_C2,10,10,10,10824.193,407,10,1,31,8764.448267190432,8340.192675369804,2035.0,399.0,50.0,0,0.19792630002484657
68,L950_C2,11,11,11,10527.622,404,11,1,31,8756.776743346725,8053.621609191476,2020.0,399.0,55.0,0,0.2060578000091482
69,L950_C2,13,13,13,10925.077,351,13,1,31,8386.448267190432,8766.077041045606,1755.0,339.0,65.0,0,0.34977339999750257
70,L950_C2,15,15,15,10664.663,301,15,1,31,8076.633778333019,8794.662963713927,1505.0,290.0,75.0,0,0.41373250001925044
71,L950_C2,10,10,10,11271.524,393,10,1,31,8590.448267190432,8881.524421954236,1965.0,375.0,50.0,0,0.42682210000930354
72,L950_C2,14,14,14,10771.622,313,14,1,31,8171.5706369309,8834.622004370423,1565.0,302.0,70.0,0,0.4447490999882575
73,L950_C2,14,14,14,10813.209,311,14,1,31,8088.370293403823,8901.208879236996,1555.0,287.0,70.0,0,0.6244433999818284
74,L950_C2,11,11,11,10184.537,366,11,1,31,8512.448267190432,7938.537042585549,1830.0,361.0,55.0,0,0.26032599998870865
75,L950_C2,13,13,13,10890.21,319,13,1,31,8234.852344648,8920.209782588034,1595.0,310.0,65.0,0,0.3703064000001177
76,L950_C2,15,15,15,10310.861,241,15,1,31,7719.58904601016,8801.861325234755,1205.0,229.0,75.0,0,0.3608114999951795
77,L950_C2,14,14,14,10457.318,321,14,1,31,8293.079678026861,8467.317734809869,1605.0,315.0,70.0,0,0.3726091999851633
78,L950_C2,14,14,14,10660.275,310,14,1,31,8104.448267190432,8746.274585845003,1550.0,294.0,70.0,0,0.6159709999919869
79,L950_C2,15,15,15,10396.707,306,15,1,31,8110.6429425221595,8497.707063947451,1530.0,294.0,75.0,0,0.5459787999861874
80,L950_C2,15,15,15,10912.5,327,15,1,31,8183.671431769135,8896.49951044812,1635.0,306.0,75.0,0,0.6913430000131484
81,L950_C2,14,14,14,10812.849,340,14,1,31,8326.448267190432,8711.84893815641,1700.0,331.0,70.0,0,0.5112760000047274
82,L950_C2,16,16,16,7493.015,238,16,1,31,4233.0,6003.015237047537,1190.0,220.0,80.0,0,0.637491500005126
83,L950_C2,15,15,15,10726.344,289,15,1,31,7955.195522023824,8935.344239195572,1445.0,271.0,75.0,0,0.663218700006837
84,L950_C2,15,15,15,10131.003,273,15,1,31,7882.448267190432,8433.002570416485,1365.0,258.0,75.0,0,0.5966296999831684
85,L950_C2,11,11,11,10588.489,348,11,1,31,8392.448267190432,8452.488861827329,1740.0,341.0,55.0,0,0.2728633999940939
86,L950_C2,13,13,13,9985.43,330,13,1,31,8322.134515366974,7945.430277433366,1650.0,325.0,65.0,0,0.23241609998513013
87,L950_C2,15,15,15,10581.37,299,15,1,31,8026.915311633164,8734.370274661258,1495.0,277.0,75.0,0,0.6536806999938563
88,L950_C2,10,10,10,10734.146,408,10,1,31,8782.448267190432,8238.145578719203,2040.0,406.0,50.0,0,0.23476609998033382
89,L950_C2,13,13,13,10834.439,331,13,1,31,8200.448267190432,8801.439124867833,1655.0,313.0,65.0,0,0.6642758999951184
90,L950_C2,12,12,12,10360.736,362,12,1,31,8519.463864234433,8130.735517541022,1810.0,360.0,60.0,0,0.27923549999832176
91,L950_C2,15,15,15,10893.961,296,15,1,31,8062.448267190432,9046.961345478403,1480.0,292.0,75.0,0,0.4176053999981377
92,L950_C2,15,15,15,10940.474,307,15,1,31,8050.448267190432,9041.473757800855,1535.0,289.0,75.0,0,0.6219492999953218
93,L950_C2,15,15,15,10582.611,294,15,1,31,8050.822947917889,8757.610900712321,1470.0,280.0,75.0,0,0.4267206999938935
94,L950_C2,11,11,11,10966.534,349,11,1,31,8386.448267190432,8824.533739953557,1745.0,342.0,55.0,0,0.31033019997994415
95,L950_C2,12,12,12,10534.786,368,12,1,31,8591.353191172195,8279.786381407079,1840.0,355.0,60.0,0,0.3474193000001833
96,L950_C2,11,11,11,10943.878,418,11,1,31,8864.933332973977,8387.878349358674,2090.0,411.0,55.0,0,0.35676969998166896
97,L950_C2,12,12,12,10656.903,356,12,1,31,8416.448267190432,8471.902704113714,1780.0,345.0,60.0,0,0.4161490000260528
98,L950_C2,16,16,16,5536.114,215,16,1,31,1817.0,4177.113744237623,1075.0,204.0,80.0,0,0.6852618000120856
99,L950_C2,14,14,14,10339.884,308,14,1,31,8153.567391195852,8431.884023088347,1540.0,298.0,70.0,0,0.3551380999851972
100,L950_C2,11,11,11,10518.528,397,11,1,31,8723.453576294367,8087.528276496776,1985.0,391.0,55.0,0,0.25455349998082966
101,L950_C2,15,15,15,10644.452,307,15,1,31,8077.766182594597,8749.451512020622,1535.0,285.0,75.0,0,0.510736199998064
102,L950_C2,13,13,13,10777.349,327,13,1,31,8259.80498928131,8761.349179131226,1635.0,316.0,65.0,0,0.5333477000240237
103,L950_C2,11,11,11,11140.954,438,11,1,31,8851.780089585938,8471.954422636843,2190.0,424.0,55.0,0,0.31600250001065433
104,L950_C2,10,10,10,10667.005,396,10,1,31,8728.448267190432,8244.004519453925,1980.0,393.0,50.0,0,0.15503320001880638
105,L950_C2,13,13,13,9995.525,308,13,1,31,8227.855574731992,8091.525288951135,1540.0,299.0,65.0,0,0.3187045999802649
106,L950_C2,10,10,10,10483.414,387,10,1,31,8658.56645263625,8115.413544469773,1935.0,383.0,50.0,0,0.22337760002119467
107,L950_C2,14,14,14,10544.684,329,14,1,31,8259.086516028074,8513.68363912134,1645.0,316.0,70.0,0,0.5424665999889839
108,L950_C2,16,16,16,6356.632,254,16,1,31,2504.2948712019343,4763.632247911381,1270.0,243.0,80.0,0,0.9279423000116367
109,L950_C2,13,13,13,10709.237,325,13,1,31,8320.644501384893,8697.237382574764,1625.0,322.0,65.0,0,0.2260662000044249
110,L950_C2,12,12,12,10125.777,336,12,1,31,8365.057875110086,8054.776645675751,1680.0,331.0,60.0,0,0.26693329997942783
111,L950_C2,16,16,16,7037.16,305,16,1,31,3627.2051604902585,5146.160239215825,1525.0,286.0,80.0,0,0.46686939999926835
112,L950_C2,10,10,10,10512.335,376,10,1,31,8574.567515825502,8215.33500209872,1880.0,367.0,50.0,0,0.29382609997992404
113,L950_C2,11,11,11,10346.544,378,11,1,31,8628.076371159386,8029.54363233055,1890.0,372.0,55.0,0,0.3062132000050042
114,L950_C2,11,11,11,10714.342,378,11,1,31,8596.448267190432,8394.342102343358,1890.0,375.0,55.0,0,0.3161569999938365
115,L950_C2,15,15,15,9896.864,252,15,1,31,7814.635151502063,8318.863570841779,1260.0,243.0,75.0,0,0.3578157000010833
116,L950_C2,16,16,16,6216.356,206,16,1,31,4220.323678705934,4906.355677476633,1030.0,200.0,80.0,0,0.3334571000013966
117,L950_C2,11,11,11,10841.524,393,11,1,31,8708.679171548894,8437.524120478993,1965.0,384.0,55.0,0,0.23543709999648854
118,L950_C2,14,14,14,10922.35,316,14,1,31,8209.445417020532,8967.350268132772,1580.0,305.0,70.0,0,0.5188229000195861
119,L950_C2,16,16,16,7592.479,251,16,1,31,4198.793896076964,6027.478681468551,1255.0,230.0,80.0,0,0.7858701999939512
120,L950_C2,10,10,10,10781.28,394,10,1,31,8680.448267190432,8374.280323585946,1970.0,387.0,50.0,0,0.23022940001101233
121,L950_C2,12,12,12,10591.288,347,12,1,31,8397.70390500749,8457.287586506132,1735.0,339.0,60.0,0,0.2509868000051938
122,L950_C2,13,13,13,10985.285,367,13,1,31,8467.492746517393,8738.28476371338,1835.0,347.0,65.0,0,0.690470000001369
123,L950_C2,15,15,15,10517.758,297,15,1,31,8050.448267190432,8669.757820640332,1485.0,288.0,75.0,0,0.554204199986998
124,L950_C2,16,16,16,6603.032,190,16,1,31,4005.2799564295747,5399.032309407342,950.0,174.0,80.0,0,0.6526914999994915
125,L950_C2,10,10,10,10547.279,412,10,1,31,8755.030571953674,8041.278978304915,2060.0,396.0,50.0,0,0.41188979998696595
126,L950_C2,10,10,10,10750.832,434,10,1,31,8938.448267190432,8099.8322972112755,2170.0,431.0,50.0,0,0.30071360000874847
127,L950_C2,11,11,11,10470.71,368,11,1,31,8553.942033070894,8213.709594388698,1840.0,362.0,55.0,0,0.26565250000567175
128,L950_C2,16,16,16,7536.259,446,16,1,31,2430.5583781055475,4787.25946073445,2230.0,439.0,80.0,0,1.0101223000092432
129,L950_C2,15,15,15,10148.226,285,15,1,31,8024.229475215829,8370.226119136014,1425.0,278.0,75.0,0,0.45134490000782534
130,L950_C2,13,13,13,10484.658,305,13,1,31,8192.95375275969,8593.658202445187,1525.0,301.0,65.0,0,0.2953475999820512
131,L950_C2,13,13,13,10407.332,332,13,1,31,8288.948465970047,8359.332066208539,1660.0,323.0,65.0,0,0.38661830002092756
132,L950_C2,16,16,16,7319.528,184,16,1,31,3748.630184378114,6156.528414576643,920.0,163.0,80.0,0,0.7043383999844082
133,L950_C2,15,15,15,10385.838,294,15,1,31,8164.96880142579,8555.838225515467,1470.0,285.0,75.0,0,0.42453370001749136
134,L950_C2,16,16,16,7008.861,269,16,1,31,3269.0,5319.860944916777,1345.0,264.0,80.0,0,0.4850808000192046
135,L950_C2,10,10,10,10576.193,400,10,1,31,8740.978471915916,8130.192942413279,2000.0,396.0,50.0,0,0.21780389998457395
136,L950_C2,13,13,13,10788.876,339,13,1,31,8235.690090954113,8713.87621545206,1695.0,315.0,65.0,0,0.5974930000083987
137,L950_C2,12,12,12,10576.72,392,12,1,31,8782.300740702032,8165.7204163199485,1960.0,391.0,60.0,0,0.21593280002707615
138,L950_C2,16,16,16,5733.453,205,16,1,31,1775.0,4431.452845229599,1025.0,197.0,80.0,0,0.5218345999892335
139,L950_C2,15,15,15,10500.059,280,15,1,31,7918.288907202148,8765.058917312504,1400.0,260.0,75.0,0,0.5123502999776974
140,L950_C2,16,16,16,6707.66,234,16,1,31,3763.0,5245.660492864086,1170.0,212.0,80.0,0,0.5771588000061456
141,L950_C2,10,10,10,11574.128,424,10,1,31,8776.448267190432,8997.128001781672,2120.0,407.0,50.0,0,0.41798120000748895
142,L950_C2,13,13,13,11113.487,376,13,1,31,8482.334173989968,8809.486792648438,1880.0,359.0,65.0,0,0.23063740000361577
143,L950_C2,14,14,14,9863.919,305,14,1,31,8228.985717790843,7966.918927303179,1525.0,302.0,70.0,0,0.18241699997452088
144,L950_C2,14,14,14,11173.964,377,14,1,31,8436.926109692262,8859.963771777517,1885.0,359.0,70.0,0,0.2587669000204187
145,L950_C2,10,10,10,10838.03,387,10,1,31,8602.448267190432,8476.029751140513,1935.0,377.0,50.0,0,0.40383830000064336
146,L950_C2,10,10,10,10819.513,421,10,1,31,8827.53023324863,8260.512893255067,2105.0,404.0,50.0,0,0.5245241000084206
147,L950_C2,16,16,16,6328.178,206,16,1,31,4125.34568886301,5018.178178146007,1030.0,200.0,80.0,0,0.4188066000060644
148,L950_C2,14,14,14,10300.213,318,14,1,31,8200.448267190432,8329.213227090573,1590.0,311.0,70.0,0,0.3208073000132572
149,L950_C2,12,12,12,11156.945,378,12,1,31,8566.79054645049,8841.945181777397,1890.0,365.0,60.0,0,0.4041271999885794
150,L950_C2,10,10,10,10456.307,376,10,1,31,8572.448267190432,8157.307004486957,1880.0,369.0,50.0,0,0.2620450000104029
151,L950_C2,14,14,14,10835.496,282,14,1,31,7954.448267190432,9083.496283830927,1410.0,272.0,70.0,0,0.5487256000051275
152,L950_C2,13,13,13,10283.481,340,13,1,31,8308.448267190432,8192.481399564393,1700.0,326.0,65.0,0,0.37579099999857135
153,L950_C2,14,14,14,10146.487,313,14,1,31,8216.79144269658,8201.486795916155,1565.0,310.0,70.0,0,0.2966641999955755
154,L950_C2,11,11,11,11171.612,390,11,1,31,8506.448267190432,8805.611650517105,1950.0,361.0,55.0,0,1.059853100014152
155,L950_C2,12,12,12,10340.851,334,12,1,31,8345.044524706085,8283.850710803546,1670.0,327.0,60.0,0,0.29663880000589415
156,L950_C2,16,16,16,6928.434,190,16,1,31,2637.0,5751.434139780946,950.0,147.0,80.0,0,1.50019330001669
157,L950_C2,10,10,10,10553.124,385,10,1,31,8650.448267190432,8196.124088116996,1925.0,382.0,50.0,0,0.2222810999955982
158,L950_C2,13,13,13,10853.622,328,13,1,31,8181.701575369895,8841.622309985542,1640.0,307.0,65.0,0,0.845255599997472
159,L950_C2,12,12,12,10448.169,361,12,1,31,8464.448267190432,8228.168848261274,1805.0,355.0,60.0,0,0.5727347000211012
160,L950_C2,15,15,15,10176.534,275,15,1,31,7974.511222653884,8458.533776705463,1375.0,268.0,75.0,0,0.5603450999769848
161,L950_C2,15,15,15,10319.171,292,15,1,31,8093.627911097225,8497.17066629553,1460.0,287.0,75.0,0,0.46418520002043806
162,L950_C2,16,16,16,5284.742,292,16,1,31,1805.0,3454.7420602304187,1460.0,290.0,80.0,0,0.9642536999890581
163,L950_C2,15,15,15,10600.609,275,15,1,31,7918.448267190432,8885.608657321229,1375.0,265.0,75.0,0,0.671902100002626
164,L950_C2,14,14,14,10904.983,319,14,1,31,8245.41364444228,8925.982710440001,1595.0,314.0,70.0,0,0.6927324999996927
165,L950_C2,14,14,14,10420.265,303,14,1,31,8122.448267190432,8538.264948452945,1515.0,297.0,70.0,0,0.6418151999823749
166,L950_C2,14,14,14,11422.14,313,14,1,31,8014.448267190432,9505.140373692446,1565.0,282.0,70.0,0,1.63697449999745
167,L950_C2,13,13,13,11212.679,400,13,1,31,8698.778553412738,8763.679401109302,2000.0,384.0,65.0,0,0.7985207999881823
168,L950_C2,16,16,16,8255.657,225,16,1,31,4285.0,6860.656589282146,1125.0,190.0,80.0,0,1.7615739000029862
169,L950_C2,12,12,12,10582.621,344,12,1,31,8381.693808702243,8474.620605271457,1720.0,328.0,60.0,0,0.7098301000078209
170,L950_C2,11,11,11,10717.29,389,11,1,31,8745.50247466621,8334.289724946073,1945.0,383.0,55.0,0,0.5664987999771256
171,L950_C2,12,12,12,10870.936,373,12,1,31,8440.448267190432,8592.93581543934,1865.0,353.0,60.0,0,1.2277976999757811
172,L950_C2,12,12,12,11671.111,404,12,1,31,8640.649233260505,9212.111045431486,2020.0,379.0,60.0,0,0.5045020000252407
173,L950_C2,13,13,13,10686.276,335,13,1,31,8296.448267190432,8618.275792447834,1675.0,328.0,65.0,0,0.7730442000029143
174,L950_C2,13,13,13,10581.724,350,13,1,31,8426.522210451656,8430.724028535149,1750.0,336.0,65.0,0,0.8789063000003807
175,L950_C2,12,12,12,10873.981,380,12,1,31,8643.701677551688,8540.98129892951,1900.0,373.0,60.0,0,0.6959442000079434
176,L950_C2,11,11,11,10651.032,371,11,1,31,8584.448267190432,8372.032480579028,1855.0,369.0,55.0,0,0.24616370000876486
177,L950_C2,15,15,15,10670.204,300,15,1,31,8059.634736577898,8816.203951623762,1500.0,279.0,75.0,0,1.2550035000022035
178,L950_C2,15,15,15,10484.496,300,15,1,31,8080.105399209803,8620.49600283142,1500.0,289.0,75.0,0,0.8339262999943458
179,L950_C2,16,16,16,7332.248,220,16,1,31,4118.047603984127,5964.247969915671,1100.0,188.0,80.0,0,1.220844900002703
180,L950_C2,13,13,13,10546.343,333,13,1,31,8230.892032619222,8500.342674740614,1665.0,316.0,65.0,0,1.043517400015844
181,L950_C2,15,15,15,10321.539,301,15,1,31,8088.49856105836,8450.539216240408,1505.0,291.0,75.0,0,0.7302742000028957
182,L950_C2,11,11,11,10980.066,406,11,1,31,8668.448267190432,8507.065756183545,2030.0,388.0,55.0,0,0.7614076000172645
183,L950_C2,16,16,16,5092.535,162,16,1,31,2623.0726915683617,4061.5352969221767,810.0,141.0,80.0,0,0.7767444000055548
184,L950_C2,16,16,16,6121.261,226,16,1,31,4344.093797378871,4689.2611597185,1130.0,222.0,80.0,0,0.3642896999954246
185,L950_C2,12,12,12,10117.802,333,12,1,31,8314.448267190432,8061.801599172382,1665.0,331.0,60.0,0,0.5593830000143498
186,L950_C2,12,12,12,10319.453,339,12,1,31,8335.17584828088,8233.4534327694,1695.0,331.0,60.0,0,0.6983661999984179
187,L950_C2,10,10,10,10579.169,380,10,1,31,8620.448267190432,8251.169494347387,1900.0,378.0,50.0,0,0.3210851000039838
188,L950_C2,15,15,15,10308.68,281,15,1,31,7980.326801091454,8558.680161849903,1405.0,270.0,75.0,0,0.8459492000110913
189,L950_C2,15,15,15,10935.735,334,15,1,31,8254.243872708581,8873.734712674255,1670.0,317.0,75.0,0,0.8445811000128742
190,L950_C2,14,14,14,10599.952,349,14,1,31,8355.103984621412,8445.951647052421,1745.0,339.0,70.0,0,0.7317098999919835
191,L950_C2,15,15,15,10200.468,279,15,1,31,7945.1585168772635,8463.468181688644,1395.0,267.0,75.0,0,0.9045171000179835
192,L950_C2,10,10,10,10783.633,406,10,1,31,8790.444514572902,8304.633417222904,2030.0,399.0,50.0,0,0.23902219999581575
193,L950_C2,16,16,16,6443.917,212,16,1,31,3649.0,5120.917284481861,1060.0,183.0,80.0,0,0.9719687000033446
194,L950_C2,14,14,14,10955.762,357,14,1,31,8338.448267190432,8764.76230991798,1785.0,336.0,70.0,0,1.355570899992017
195,L950_C2,15,15,15,10281.928,303,15,1,31,8169.15222124351,8391.92786280243,1515.0,300.0,75.0,0,0.3899756000027992
196,L950_C2,15,15,15,10692.349,292,15,1,31,8003.510915327861,8882.348892271239,1460.0,275.0,75.0,0,1.127833800012013
197,L950_C2,15,15,15,10276.706,283,15,1,31,7978.448267190432,8511.706189882529,1415.0,275.0,75.0,0,0.8594737999956124
198,L950_C2,14,14,14,11442.831,365,14,1,31,8391.553528480425,9200.830910690762,1825.0,347.0,70.0,0,1.0731048999878112
199,L950_C2,15,15,15,11073.85,374,15,1,31,8417.747159355844,8773.84967955966,1870.0,355.0,75.0,0,0.8718169000057969
200,L950_C2,15,15,15,10776.177,288,15,1,31,8027.640653542588,8985.176872703372,1440.0,276.0,75.0,0,0.6462909999827389
201,L950_C2,13,13,13,10631.314,329,13,1,31,8289.49992326253,8598.313569317896,1645.0,323.0,65.0,0,0.5464385999948718
202,L950_C2,15,15,15,10587.275,298,15,1,31,8091.424641467503,8736.274692926805,1490.0,286.0,75.0,0,0.7225036000018008
203,L950_C2,11,11,11,10513.247,400,11,1,31,8746.111985593254,8061.247216340635,2000.0,397.0,55.0,0,0.3273213999927975
204,L950_C2,16,16,16,6725.79,241,16,1,31,3233.0,5209.790486058669,1205.0,231.0,80.0,0,1.8647446999966633
205,L950_C2,14,14,14,10311.109,298,14,1,31,8104.171543026108,8459.1087248885,1490.0,292.0,70.0,0,0.6687324000231456
206,L950_C2,14,14,14,10945.609,316,14,1,31,8098.448267190432,9000.608590123007,1580.0,295.0,70.0,0,1.003149800002575
207,L950_C2,15,15,15,9759.069,238,15,1,31,7751.927727464244,8258.068973048508,1190.0,236.0,75.0,0,0.4892744999960996
208,L950_C2,12,12,12,10542.271,414,12,1,31,8767.290783387001,8010.270957769578,2070.0,402.0,60.0,0,0.4085276999976486
209,L950_C2,10,10,10,10416.715,383,10,1,31,8645.796232166444,8072.715118655005,1915.0,379.0,50.0,0,0.4233034999924712
210,L950_C2,13,13,13,10074.276,312,13,1,31,8182.548475556807,8145.276170692908,1560.0,304.0,65.0,0,0.5343280000088271
211,L950_C2,15,15,15,10851.082,320,15,1,31,8102.950315527423,8871.08228288396,1600.0,305.0,75.0,0,0.8584638999891467
212,L950_C2,14,14,14,10744.973,334,14,1,31,8332.235280816632,8675.972921363647,1670.0,329.0,70.0,0,0.4999412999895867
213,L950_C2,15,15,15,11171.451,327,15,1,31,8175.419521977376,9144.450902411354,1635.0,317.0,75.0,0,1.0534049000125378
214,L950_C2,15,15,15,10901.285,312,15,1,31,8062.448267190432,8975.284937672,1560.0,291.0,75.0,0,1.567729700007476
215,L950_C2,14,14,14,10545.666,321,14,1,31,8233.366330072367,8559.666412227489,1605.0,311.0,70.0,0,0.8734922000148799
216,L950_C2,14,14,14,11229.824,345,14,1,31,8194.448267190432,9111.82363055371,1725.0,323.0,70.0,0,0.8220683000108693
217,L950_C2,13,13,13,10429.628,332,13,1,31,8301.089883817196,8380.628096751974,1660.0,324.0,65.0,0,0.6495443000167143
218,L950_C2,11,11,11,10733.532,380,11,1,31,8607.86162104693,8402.53226448413,1900.0,376.0,55.0,0,0.4435047000006307
219,L950_C2,13,13,13,10393.509,340,13,1,31,8397.959549540668,8298.50938254501,1700.0,330.0,65.0,0,0.8696284999896307
220,L950_C2,10,10,10,11184.556,415,10,1,31,8798.08512036505,8660.55628925103,2075.0,399.0,50.0,0,0.8019142000121064
221,L950_C2,12,12,12,11215.773,395,12,1,31,8671.01729298726,8804.77324262863,1975.0,376.0,60.0,0,0.7984960000030696
222,L950_C2,15,15,15,10355.198,304,15,1,31,8176.163040137186,8461.197602672999,1520.0,299.0,75.0,0,0.5660248000058345
223,L950_C2,16,16,16,7463.657,271,16,1,31,4601.625484277363,5770.656648407007,1355.0,258.0,80.0,0,0.9315607000025921
224,L950_C2,12,12,12,10640.011,373,12,1,31,8548.448267190432,8347.010763002343,1865.0,368.0,60.0,0,0.5730048999830615
225,L950_C2,12,12,12,10938.905,379,12,1,31,8554.448267190432,8613.905464667065,1895.0,370.0,60.0,0,0.629688500019256
226,L950_C2,13,13,13,10348.799,332,13,1,31,8285.336287997085,8306.798893711937,1660.0,317.0,65.0,0,0.8877975999785122
227,L950_C2,15,15,15,11060.875,345,15,1,31,8296.448267190432,8932.874899074925,1725.0,328.0,75.0,0,1.278147800010629
228,L950_C2,14,14,14,11349.876,350,14,1,31,8332.448267190432,9194.8763247145,1750.0,335.0,70.0,0,0.8199726000020746
229,L950_C2,15,15,15,10465.624,267,15,1,31,7906.448267190432,8794.624110222221,1335.0,261.0,75.0,0,0.7109383999777492
230,L950_C2,11,11,11,10503.834,360,11,1,31,8475.415889745564,8299.834252385435,1800.0,349.0,55.0,0,0.8571386999974493
231,L950_C2,16,16,16,5290.339,192,16,1,31,2714.396398828179,4078.338949545507,960.0,172.0,80.0,0,1.0966812999977265
232,L950_C2,12,12,12,10906.041,382,12,1,31,8484.751160573032,8572.04113286712,1910.0,364.0,60.0,0,0.4936167999985628
233,L950_C2,11,11,11,10429.838,356,11,1,31,8472.036367110672,8242.838259100192,1780.0,352.0,55.0,0,0.48622590000741184
234,L950_C2,13,13,13,10759.378,354,13,1,31,8398.448267190432,8580.377958326215,1770.0,344.0,65.0,0,0.7215606000099797
235,L950_C2,15,15,15,10520.908,290,15,1,31,8008.448267190432,8715.907896770277,1450.0,280.0,75.0,0,1.0623483000090346
236,L950_C2,10,10,10,10311.395,376,10,1,31,8589.704407174648,8009.395286081961,1880.0,372.0,50.0,0,0.420620399992913
237,L950_C2,16,16,16,5993.147,234,16,1,31,1525.0,4522.147433137787,1170.0,221.0,80.0,0,1.1869516000151634
238,L950_C2,11,11,11,11385.819,405,11,1,31,8692.448267190432,8912.818701154984,2025.0,393.0,55.0,0,0.6964345999876969
239,L950_C2,13,13,13,11370.366,378,13,1,31,8484.814106078158,9055.365847365365,1890.0,360.0,65.0,0,0.5796583000046667
240,L950_C2,16,16,16,7838.225,250,16,1,31,4545.69405760721,6275.2245565537905,1250.0,233.0,80.0,0,1.1667416999989655
241,L950_C2,12,12,12,11149.633,389,12,1,31,8635.346682000765,8774.63302164792,1945.0,370.0,60.0,0,0.8703480999975
242,L950_C2,15,15,15,10746.061,298,15,1,31,8026.448267190432,8897.060678458054,1490.0,284.0,75.0,0,1.0450851999921724
243,L950_C2,11,11,11,10599.465,384,11,1,31,8638.448267190432,8244.4649708537,1920.0,380.0,55.0,0,0.3907584999979008
244,L950_C2,15,15,15,11270.841,344,15,1,31,8098.448267190432,9147.841075001144,1720.0,328.0,75.0,0,1.2031612999853678
245,L950_C2,11,11,11,11178.39,395,11,1,31,8662.448267190432,8765.389542056811,1975.0,383.0,55.0,0,0.7454995999869425
246,L950_C2,13,13,13,10106.131,308,13,1,31,8158.448267190432,8200.131101946632,1540.0,301.0,65.0,0,0.48340329999336973
247,L950_C2,15,15,15,10947.284,342,15,1,31,8260.887539091073,8834.284308764389,1710.0,328.0,75.0,0,0.5201056999794673
248,L950_C2,13,13,13,10077.089,294,13,1,31,8044.448267190432,8256.089150143498,1470.0,286.0,65.0,0,0.6949365999898873
249,L950_C2,16,16,16,5983.606,265,16,1,31,2121.0,4324.606265374372,1325.0,254.0,80.0,0,1.1939848000183702
250,L950_C2,12,12,12,10711.164,374,12,1,31,8546.364798565934,8417.163686310329,1870.0,364.0,60.0,0,0.8093325999798253
251,L950_C2,15,15,15,10219.697,291,15,1,31,7996.502713840929,8414.696837497862,1455.0,275.0,75.0,0,1.051020700018853
252,L950_C2,14,14,14,10979.316,358,14,1,31,8418.96560040706,8770.316265866764,1790.0,349.0,70.0,0,0.7671824999852106
253,L950_C2,10,10,10,10933.993,398,10,1,31,8722.84294748281,8507.99288483423,1990.0,386.0,50.0,0,0.5083309999899939
254,L950_C2,13,13,13,10532.502,333,13,1,31,8327.53895922457,8477.501943427256,1665.0,325.0,65.0,0,0.6421904000162613
255,L950_C2,10,10,10,10323.834,394,10,1,31,8720.457083447029,7913.83428003233,1970.0,390.0,50.0,0,0.5429377999971621
256,L950_C2,12,12,12,10103.269,343,12,1,31,8419.133265293383,7990.2693323184385,1715.0,338.0,60.0,0,0.5392142999917269
257,L950_C2,13,13,13,10807.549,340,13,1,31,8255.647507705171,8725.549285184827,1700.0,317.0,65.0,0,1.4541996999760158
258,L950_C2,16,16,16,6789.812,242,16,1,31,2910.2565651495706,5270.811540788499,1210.0,229.0,80.0,0,0.9989138999953866
259,L950_C2,13,13,13,10089.683,337,13,1,31,8369.916358614186,8014.683280364633,1685.0,325.0,65.0,0,0.6551688000035938
260,L950_C2,14,14,14,10957.229,345,14,1,31,8218.51826966527,8836.228797746817,1725.0,326.0,70.0,0,0.5231480000074953
261,L950_C2,12,12,12,10631.674,336,12,1,31,8326.448267190432,8561.673997063843,1680.0,330.0,60.0,0,0.4840535999974236
262,L950_C2,13,13,13,10793.272,323,13,1,31,8170.448267190432,8805.272241057668,1615.0,308.0,65.0,0,1.231186200020602
263,L950_C2,10,10,10,10972.847,415,10,1,31,8804.332645601726,8444.847191133125,2075.0,403.0,50.0,0,0.7054415000020526
264,L950_C2,11,11,11,10358.778,366,11,1,31,8588.433276289517,8109.777628515636,1830.0,364.0,55.0,0,0.379650999995647
265,L950_C2,14,14,14,10212.439,282,14,1,31,8035.471626783986,8456.439071839402,1410.0,276.0,70.0,0,0.4342430999968201
266,L950_C2,12,12,12,10488.703,354,12,1,31,8487.51073396249,8307.703299213306,1770.0,351.0,60.0,0,0.364082000014605
267,L950_C2,14,14,14,10333.871,311,14,1,31,8178.890365200848,8401.871121811402,1555.0,307.0,70.0,0,0.6437795000092592
268,L950_C2,15,15,15,10827.418,319,15,1,31,8097.682866165067,8860.418046278779,1595.0,297.0,75.0,0,1.0936629000061657
269,L950_C2,15,15,15,10195.08,258,15,1,31,7859.574903653518,8578.08035953717,1290.0,252.0,75.0,0,0.644383500010008
270,L950_C2,16,16,16,7404.596,244,16,1,31,3970.3162429056583,5885.596040433764,1220.0,219.0,80.0,0,0.9427097000007052
271,L950_C2,14,14,14,10918.895,324,14,1,31,8194.448267190432,8915.894645104374,1620.0,313.0,70.0,0,1.052976300008595
272,L950_C2,15,15,15,11794.609,305,15,1,31,7984.448267190432,9918.609195709849,1525.0,276.0,75.0,0,1.0053246000024956
273,L950_C2,12,12,12,10538.586,352,12,1,31,8386.152030871708,8383.585758223342,1760.0,335.0,60.0,0,0.9095892999903299
274,L950_C2,15,15,15,10464.446,300,15,1,31,8108.685852182288,8603.445757317912,1500.0,286.0,75.0,0,0.6852970999898389
275,L950_C2,12,12,12,11097.392,381,12,1,31,8536.057752643668,8773.392421611148,1905.0,359.0,60.0,0,0.9499447999987751
276,L950_C2,16,16,16,7521.532,224,130,1,31,2841.9622476133104,5789.532291467327,1120.0,190.0,422.0,114,1.1033376000123098
277,L950_C2,13,13,13,10636.215,338,13,1,31,8254.448267190432,8562.215371258873,1690.0,319.0,65.0,0,1.1772780999890529
278,L950_C2,14,14,14,10494.883,304,14,1,31,8096.3790647191145,8613.8828547216,1520.0,291.0,70.0,0,1.0676367999985814
279,L950_C2,12,12,12,10744.227,372,12,1,31,8494.448267190432,8464.226984117806,1860.0,360.0,60.0,0,0.8331584999978077
280,L950_C2,12,12,12,10430.508,343,12,1,31,8385.528427078214,8316.507813312825,1715.0,339.0,60.0,0,0.4827153999940492
281,L950_C2,13,13,13,11438.886,344,13,1,31,8272.718348242026,9337.885922484136,1720.0,316.0,65.0,0,0.827935899986187
282,L950_C2,16,16,16,5840.561,197,16,1,31,2341.0,4583.561358167948,985.0,192.0,80.0,0,0.8607235999952536
283,L950_C2,16,16,16,10303.619,333,16,1,31,7434.836004824099,8239.619182763126,1665.0,319.0,80.0,0,0.8625721999851521
284,L950_C2,15,15,15,10193.947,305,15,1,31,8216.127632501848,8300.947199591548,1525.0,293.0,75.0,0,0.7395879999967292
285,L950_C2,16,16,16,5828.427,204,16,1,31,2642.721907223679,4551.4268929774935,1020.0,177.0,80.0,0,1.1567651999939699
286,L950_C2,11,11,11,10460.041,375,11,1,31,8611.228562683964,8164.041267248213,1875.0,366.0,55.0,0,0.6452503000036813
287,L950_C2,12,12,12,10449.976,332,12,1,31,8340.155296602696,8406.975681197939,1660.0,323.0,60.0,0,0.5169764999882318
288,L950_C2,13,13,13,10315.663,301,13,1,31,8112.636567699481,8452.662974026322,1505.0,293.0,65.0,0,0.6660717000195291
289,L950_C2,13,13,13,10156.938,293,13,1,31,8067.713931365175,8340.938124491946,1465.0,286.0,65.0,0,0.5255126999982167
290,L950_C2,10,10,10,11052.652,405,10,1,31,8718.991029254974,8585.651995992934,2025.0,392.0,50.0,0,0.6021925999957602
291,L950_C2,13,13,13,10313.764,327,13,1,31,8369.519890854062,8289.764233322865,1635.0,324.0,65.0,0,0.39221220000763424
292,L950_C2,11,11,11,11151.303,374,11,1,31,8609.299099018033,8855.302977095547,1870.0,371.0,55.0,0,0.24659709999104962
293,L950_C2,15,15,15,10689.854,313,15,1,31,8198.81435853156,8747.854494113351,1565.0,302.0,75.0,0,0.7599746999912895
294,L950_C2,15,15,15,10683.475,298,15,1,31,8018.618330520504,8837.475435262051,1490.0,281.0,75.0,0,0.9415102000057232
295,L950_C2,15,15,15,10418.344,266,15,1,31,7850.982413349904,8758.343576942316,1330.0,255.0,75.0,0,0.9767599999904633
296,L950_C2,15,15,15,10892.446,294,15,1,31,8013.461730018389,9067.44646302236,1470.0,280.0,75.0,0,0.9797869000176433
297,L950_C2,16,16,16,6359.511,204,16,1,31,3705.0730323726175,5073.511052081117,1020.0,186.0,80.0,0,0.9002090000140015
298,L950_C2,13,13,13,10441.318,348,13,1,31,8408.116575383923,8297.317670926739,1740.0,339.0,65.0,0,0.5509355000103824
299,L950_C2,11,11,11,10492.771,371,11,1,31,8530.448267190432,8217.770515223669,1855.0,365.0,55.0,0,0.5441599999903701
300,L950_C2,11,11,11,10810.759,372,11,1,31,8524.448267190432,8531.759251348236,1860.0,364.0,55.0,0,0.6281268000020646
