seed,case,strategy,source_count,detected_channels,cleared_channels,total_virtual_time_s,measure_actions,clear_actions,all_cleared,movement_time_s,active_measurements,no_signal_actions,failed_clear_actions,decision_wall_time_s
2026,1,A_current_ls_dopt,10,10,10,3783.104,131,10,1,2949.103889,3,108,0,0.007946
2026,1,B_region_dopt,10,10,10,3983.874,140,10,1,3094.873718,10,108,0,0.203565
2026,1,C_region_q2,10,10,10,4178.122,140,10,1,3289.12234,10,108,0,1.125622
2026,2,A_current_ls_dopt,15,15,15,3972.212,125,18,1,3140.21156,2,90,3,0.004955
2026,2,B_region_dopt,15,15,15,4648.403,142,15,1,3727.403352,15,90,0,0.323013
2026,2,C_region_q2,15,15,15,4806.358,139,15,1,3900.358426,12,90,0,1.118915
2026,3,A_current_ls_dopt,14,14,14,4523.455,128,16,1,3680.455499,1,95,2,0.012848
2026,3,B_region_dopt,14,14,14,4783.631,137,14,1,3892.631177,8,95,0,0.246504
2026,3,C_region_q2,14,14,14,4945.279,137,14,1,4054.278673,8,95,0,1.632107
2026,4,A_current_ls_dopt,16,16,16,4796.739,136,26,1,3873.738575,6,98,10,0.052634
2026,4,B_region_dopt,16,16,16,4992.531,151,16,1,4013.530869,20,98,0,0.736297
2026,4,C_region_q2,16,16,16,5132.382,146,16,1,4178.381924,15,98,0,2.310899
2026,5,A_current_ls_dopt,10,10,10,3641.546,131,10,1,2807.546427,4,107,0,0.017497
2026,5,B_region_dopt,10,10,10,3770.578,138,10,1,2894.577877,9,107,0,0.37488
2026,5,C_region_q2,10,10,10,3896.543,137,10,1,3025.54338,8,107,0,1.240084
2026,6,A_current_ls_dopt,10,10,10,3650.668,125,12,1,2845.668025,2,103,2,0.005917
2026,6,B_region_dopt,10,10,10,4036.709,138,10,1,3161.708847,11,103,0,0.513981
2026,6,C_region_q2,10,10,10,4258.191,137,10,1,3388.190512,10,103,0,1.138174
2026,7,A_current_ls_dopt,13,13,13,4166.209,127,19,1,3323.208757,5,95,6,0.014908
2026,7,B_region_dopt,13,13,13,4296.085,135,13,1,3425.085203,11,95,0,0.224324
2026,7,C_region_q2,13,13,13,4454.902,133,13,1,3593.901816,9,95,0,0.81576
2026,8,A_current_ls_dopt,10,10,10,3540.872,135,10,1,2681.872109,3,111,0,0.003557
2026,8,B_region_dopt,10,10,10,3828.405,144,10,1,2917.40462,10,111,0,0.186761
2026,8,C_region_q2,10,10,10,4037.165,143,10,1,3131.165487,9,111,0,0.701414
2026,9,A_current_ls_dopt,14,14,14,4526.83,134,18,1,3641.830009,4,101,4,0.011968
2026,9,B_region_dopt,14,14,14,4925.7,149,14,1,3969.700358,17,101,0,0.337658
2026,9,C_region_q2,14,14,14,5118.528,145,14,1,4182.527741,13,101,0,1.11266
2026,10,A_current_ls_dopt,10,10,10,3830.227,128,18,1,2989.226738,0,106,8,0.001477
2026,10,B_region_dopt,10,10,10,3895.404,138,10,1,3018.404376,7,106,0,0.167055
2026,10,C_region_q2,10,10,10,3973.087,138,10,1,3096.086607,7,106,0,0.893328
2026,11,A_current_ls_dopt,13,13,13,4297.919,139,18,1,3385.919095,7,110,5,0.009991
2026,11,B_region_dopt,13,13,13,4721.812,150,13,1,3762.812438,15,110,0,0.235872
2026,11,C_region_q2,13,13,13,4938.149,148,13,1,3989.149052,13,110,0,0.848684
2026,12,A_current_ls_dopt,16,16,16,4040.982,110,18,1,3296.981772,5,71,2,0.022802
2026,12,B_region_dopt,16,16,16,4289.868,122,16,1,3481.868,16,71,0,0.290527
2026,12,C_region_q2,16,16,16,4438.553,121,16,1,3635.552849,15,71,0,1.407569
2026,13,A_current_ls_dopt,16,16,16,5045.895,140,23,1,4108.895276,8,101,7,0.024006
2026,13,B_region_dopt,16,16,16,4975.004,152,16,1,3989.00393,19,101,0,0.344779
2026,13,C_region_q2,16,16,16,5316.99,151,16,1,4335.989958,18,101,0,1.63087
2026,14,A_current_ls_dopt,16,16,16,4101.695,86,24,1,3487.694793,10,48,8,0.029069
2026,14,B_region_dopt,16,16,16,3835.641,100,16,1,3165.64076,23,47,0,0.384123
2026,14,C_region_q2,16,16,16,4085.824,95,16,1,3440.823731,18,47,0,1.541017
2026,15,A_current_ls_dopt,15,15,15,4154.794,117,20,1,3363.794431,1,81,5,0.01359
2026,15,B_region_dopt,15,15,15,4352.796,131,15,1,3493.795577,13,81,0,0.308267
2026,15,C_region_q2,15,15,15,4476.724,131,15,1,3617.724118,13,81,0,1.409689
2026,16,A_current_ls_dopt,12,12,12,4012.466,132,13,1,3159.46571,4,104,1,0.013595
2026,16,B_region_dopt,12,12,12,4209.179,142,12,1,3299.178649,12,104,0,0.251321
2026,16,C_region_q2,12,12,12,4466.629,141,12,1,3561.629186,11,104,0,1.166638
2026,17,A_current_ls_dopt,10,10,10,3406.384,124,10,1,2613.383863,3,98,0,0.006323
2026,17,B_region_dopt,10,10,10,3702.499,130,10,1,2874.498762,7,98,0,0.135546
2026,17,C_region_q2,10,10,10,3838.689,129,10,1,3015.688645,6,98,0,0.485173
2026,18,A_current_ls_dopt,16,16,16,3863.008,75,29,1,3301.007786,16,35,13,0.033176
2026,18,B_region_dopt,16,16,16,4131.815,93,16,1,3512.814983,33,35,0,0.446039
2026,18,C_region_q2,16,16,16,4119.08,84,16,1,3545.07956,24,35,0,1.769484
2026,19,A_current_ls_dopt,10,10,10,3927.407,132,13,1,3078.406897,4,109,3,0.006231
2026,19,B_region_dopt,10,10,10,4470.821,142,10,1,3574.821254,12,109,0,0.181702
2026,19,C_region_q2,10,10,10,4670.927,140,10,1,3784.926609,10,109,0,0.604128
2026,20,A_current_ls_dopt,12,12,12,4356.817,131,13,1,3508.816655,2,104,1,0.00662
2026,20,B_region_dopt,12,12,12,4535.627,145,12,1,3609.627272,14,104,0,0.290447
2026,20,C_region_q2,12,12,12,4677.913,142,12,1,3766.913465,11,104,0,0.99581
2026,21,A_current_ls_dopt,13,13,13,4647.517,130,14,1,3802.517416,4,99,1,0.007516
2026,21,B_region_dopt,13,13,13,5042.747,147,13,1,4101.747059,15,103,0,0.27122
2026,21,C_region_q2,13,13,13,4981.821,143,13,1,4060.82081,11,103,0,0.981369
2026,22,A_current_ls_dopt,16,16,16,3819.183,124,19,1,2988.18303,5,84,3,0.01719
2026,22,B_region_dopt,16,16,16,4920.05,138,16,1,4017.050215,15,84,0,0.246124
2026,22,C_region_q2,16,16,16,4836.491,136,16,1,3943.490912,13,84,0,1.151339
2026,23,A_current_ls_dopt,11,11,11,4051.899,133,20,1,3175.898563,5,102,9,0.008494
2026,23,B_region_dopt,11,11,11,4099.228,141,11,1,3202.227993,12,102,0,0.198996
2026,23,C_region_q2,11,11,11,4150.374,140,11,1,3258.373566,11,102,0,1.100218
2026,24,A_current_ls_dopt,14,14,14,4015.68,123,14,1,3208.679752,4,89,0,0.012124
2026,24,B_region_dopt,14,14,14,4232.837,135,14,1,3355.837136,13,89,0,0.27213
2026,24,C_region_q2,14,14,14,4393.786,133,14,1,3526.786264,11,89,0,0.936582
2026,25,A_current_ls_dopt,10,10,10,4174.579,134,19,1,3296.57924,5,110,9,0.006321
2026,25,B_region_dopt,10,10,10,4120.455,141,10,1,3226.455234,9,110,0,0.15483
2026,25,C_region_q2,10,10,10,4168.341,141,10,1,3274.341291,9,110,0,0.788855
2026,26,A_current_ls_dopt,14,14,14,3954.182,122,21,1,3132.181721,2,90,7,0.008439
2026,26,B_region_dopt,14,14,14,4261.713,141,14,1,3352.712918,17,90,0,0.385135
2026,26,C_region_q2,14,14,14,4564.946,136,14,1,3680.946337,12,90,0,1.224876
2026,27,A_current_ls_dopt,10,10,10,3235.212,123,10,1,2448.212009,1,101,0,0.002586
2026,27,B_region_dopt,10,10,10,3415.003,135,10,1,2559.003215,11,101,0,0.240744
2026,27,C_region_q2,10,10,10,3524.461,132,10,1,2683.461409,8,101,0,0.915257
2026,28,A_current_ls_dopt,10,10,10,3813.046,130,10,1,2984.04613,2,105,0,0.009878
2026,28,B_region_dopt,10,10,10,3952.97,140,10,1,3065.970056,12,105,0,0.267552
2026,28,C_region_q2,10,10,10,4204.907,138,10,1,3327.90666,10,105,0,1.120482
2026,29,A_current_ls_dopt,13,13,13,4477.3,131,20,1,3607.29978,5,100,7,0.008835
2026,29,B_region_dopt,13,13,13,4899.908,145,13,1,3969.908115,16,100,0,0.294742
2026,29,C_region_q2,13,13,13,5141.731,143,13,1,4221.730935,14,100,0,1.18364
2026,30,A_current_ls_dopt,15,15,15,4877.161,126,23,1,4024.161261,3,86,8,0.016886
2026,30,B_region_dopt,15,15,15,4897.441,139,15,1,3993.441045,16,86,0,0.324198
2026,30,C_region_q2,15,15,15,5166.969,138,15,1,4267.968914,15,86,0,1.346536
2026,31,A_current_ls_dopt,15,15,15,4224.476,130,15,1,3370.475948,3,98,0,0.008607
2026,31,B_region_dopt,15,15,15,4552.206,147,15,1,3599.205967,15,98,0,0.328054
2026,31,C_region_q2,15,15,15,4849.103,146,15,1,3901.103064,14,98,0,1.500399
2026,32,A_current_ls_dopt,11,11,11,3491.091,114,14,1,2744.090502,0,87,3,0.001761
2026,32,B_region_dopt,11,11,11,3824.714,127,11,1,3008.714062,9,87,0,0.237838
2026,32,C_region_q2,11,11,11,3899.845,127,11,1,3083.844559,9,87,0,1.137567
2026,33,A_current_ls_dopt,12,12,12,5068.697,134,22,1,4177.696877,7,101,10,0.011721
2026,33,B_region_dopt,12,12,12,4839.859,142,12,1,3934.859289,15,101,0,0.229628
2026,33,C_region_q2,12,12,12,4922.472,139,12,1,4032.472427,12,101,0,0.739268
2026,34,A_current_ls_dopt,11,11,11,4027.112,129,16,1,3184.111997,2,104,5,0.006412
2026,34,B_region_dopt,11,11,11,4483.633,143,11,1,3574.63294,13,104,0,0.237103
2026,34,C_region_q2,11,11,11,4541.791,141,11,1,3642.791431,11,104,0,1.120692
2026,35,A_current_ls_dopt,13,13,13,3531.587,117,13,1,2766.586931,3,88,0,0.00546
2026,35,B_region_dopt,13,13,13,4372.862,132,13,1,3519.861929,13,88,0,0.230274
2026,35,C_region_q2,13,13,13,4387.852,130,13,1,3544.851544,11,88,0,0.981786
2026,36,A_current_ls_dopt,15,15,15,4149.923,124,24,1,3306.922563,5,86,9,0.01223
2026,36,B_region_dopt,15,15,15,4326.832,136,15,1,3440.831753,13,86,0,0.269062
2026,36,C_region_q2,15,15,15,4619.126,135,15,1,3738.126239,12,86,0,1.072767
2026,37,A_current_ls_dopt,11,11,11,4113.821,140,15,1,3208.821293,4,113,4,0.008041
2026,37,B_region_dopt,11,11,11,4418.113,152,11,1,3457.113187,16,113,0,0.255012
2026,37,C_region_q2,11,11,11,4596.178,150,11,1,3645.178447,14,113,0,1.188426
2026,38,A_current_ls_dopt,13,13,13,3933.7,115,13,1,3179.700227,3,83,0,0.009076
2026,38,B_region_dopt,13,13,13,4208.045,130,13,1,3368.045421,14,83,0,0.303574
2026,38,C_region_q2,13,13,13,4373.327,128,13,1,3543.327003,12,83,0,1.262061
2026,39,A_current_ls_dopt,12,12,12,4377.986,135,15,1,3500.986121,3,107,3,0.006045
2026,39,B_region_dopt,12,12,12,4593.839,148,12,1,3649.839216,14,107,0,0.289027
2026,39,C_region_q2,12,12,12,4867.394,148,12,1,3923.39354,14,107,0,1.500533
2026,40,A_current_ls_dopt,15,15,15,3933.128,111,17,1,3187.128028,0,76,2,0.0038
2026,40,B_region_dopt,15,15,15,4473.781,133,15,1,3605.78055,17,76,0,0.41959
2026,40,C_region_q2,15,15,15,4621.133,129,15,1,3773.132825,13,76,0,1.514797
2026,41,A_current_ls_dopt,13,13,13,4923.045,125,23,1,4081.045307,5,89,10,0.007195
2026,41,B_region_dopt,13,13,13,5005.808,139,13,1,4112.807838,17,89,0,0.338915
2026,41,C_region_q2,13,13,13,5188.967,137,13,1,4305.967419,15,89,0,1.332303
2026,42,A_current_ls_dopt,15,15,15,3863.368,109,19,1,3123.367988,0,73,4,0.004026
2026,42,B_region_dopt,15,15,15,4358.065,128,15,1,3519.065244,15,73,0,0.385565
2026,42,C_region_q2,15,15,15,4624.171,126,15,1,3795.171497,13,73,0,1.641188
2026,43,A_current_ls_dopt,11,11,11,3961.183,133,13,1,3103.182975,3,107,2,0.007244
2026,43,B_region_dopt,11,11,11,4252.044,144,11,1,3337.043517,12,107,0,0.194157
2026,43,C_region_q2,11,11,11,4241.148,142,11,1,3336.147683,10,107,0,0.967481
2026,44,A_current_ls_dopt,11,11,11,3946.606,132,15,1,3088.605821,1,105,4,0.005015
2026,44,B_region_dopt,11,11,11,4161.909,143,11,1,3250.908536,10,105,0,0.225398
2026,44,C_region_q2,11,11,11,4339.441,142,11,1,3433.440988,9,105,0,1.015453
2026,45,A_current_ls_dopt,12,12,12,4404.898,128,20,1,3554.898405,3,100,8,0.004606
2026,45,B_region_dopt,12,12,12,4509.577,143,12,1,3596.576504,15,100,0,0.310143
2026,45,C_region_q2,12,12,12,4669.341,141,12,1,3766.341118,13,100,0,1.219145
2026,46,A_current_ls_dopt,16,16,16,4064.896,120,23,1,3246.896026,5,81,7,0.014566
2026,46,B_region_dopt,16,16,16,4218.742,137,16,1,3321.742329,19,81,0,0.377427
2026,46,C_region_q2,16,16,16,4328.659,134,16,1,3446.658894,16,81,0,1.530377
2026,47,A_current_ls_dopt,10,10,10,3911.782,128,10,1,3094.781717,3,104,0,0.007484
2026,47,B_region_dopt,10,10,10,4126.117,136,10,1,3262.117452,9,104,0,0.173772
2026,47,C_region_q2,10,10,10,4353.686,136,10,1,3489.686011,9,104,0,0.802974
2026,48,A_current_ls_dopt,13,13,13,4071.07,123,13,1,3270.070113,3,92,0,0.008153
2026,48,B_region_dopt,13,13,13,4267.818,132,13,1,3412.817929,8,92,0,0.181585
2026,48,C_region_q2,13,13,13,4458.796,132,13,1,3603.795536,8,92,0,0.765161
2026,49,A_current_ls_dopt,13,13,13,4857.675,141,23,1,3921.675012,9,107,10,0.013846
2026,49,B_region_dopt,13,13,13,4706.16,152,13,1,3736.159796,18,107,0,0.266346
2026,49,C_region_q2,13,13,13,4627.22,147,13,1,3682.220073,13,107,0,1.046786
2026,50,A_current_ls_dopt,16,16,16,4574.199,137,30,1,3635.199001,10,95,14,0.021575
2026,50,B_region_dopt,16,16,16,4874.381,156,16,1,3870.381477,26,95,0,0.436108
2026,50,C_region_q2,16,16,16,4828.835,147,16,1,3869.835178,17,95,0,1.512484
2026,51,A_current_ls_dopt,14,14,14,4304.133,131,14,1,3451.13324,4,99,0,0.013692
2026,51,B_region_dopt,14,14,14,4517.595,142,14,1,3597.594854,12,99,0,0.24546
2026,51,C_region_q2,14,14,14,4735.739,142,14,1,3815.738849,12,99,0,1.1508
2026,52,A_current_ls_dopt,12,12,12,4013.599,124,12,1,3210.598788,0,93,0,0.009294
2026,52,B_region_dopt,12,12,12,4133.278,133,12,1,3276.277871,8,93,0,0.209069
2026,52,C_region_q2,12,12,12,4357.301,133,12,1,3500.300968,8,93,0,0.994574
2026,53,A_current_ls_dopt,12,12,12,4458.529,132,13,1,3604.529311,4,103,1,0.012566
2026,53,B_region_dopt,12,12,12,4520.835,142,12,1,3613.835094,13,103,0,0.246929
2026,53,C_region_q2,12,12,12,4653.992,141,12,1,3751.991983,12,103,0,1.125569
2026,54,A_current_ls_dopt,10,10,10,4605.412,134,17,1,3732.41238,3,108,7,0.004636
2026,54,B_region_dopt,10,10,10,4599.03,142,10,1,3700.030042,11,108,0,0.193889
2026,54,C_region_q2,10,10,10,4810.798,142,10,1,3911.798197,11,108,0,0.951234
2026,55,A_current_ls_dopt,16,16,16,4110.134,129,16,1,3258.134435,3,89,0,0.015442
2026,55,B_region_dopt,16,16,16,4362.759,142,16,1,3434.759492,14,89,0,0.342766
2026,55,C_region_q2,16,16,16,4549.054,139,16,1,3636.054142,11,89,0,1.159132
2026,56,A_current_ls_dopt,16,16,16,4762.151,123,23,1,3926.151289,8,84,7,0.012112
2026,56,B_region_dopt,16,16,16,5508.435,144,16,1,4574.434845,23,84,0,0.392924
2026,56,C_region_q2,16,16,16,5742.637,140,16,1,4828.636591,19,84,0,1.403454
2026,57,A_current_ls_dopt,13,13,13,3655.569,126,13,1,2836.569022,4,93,0,0.012452
2026,57,B_region_dopt,13,13,13,4012.464,134,13,1,3145.463612,10,93,0,0.207514
2026,57,C_region_q2,13,13,13,4230.776,134,13,1,3363.776366,10,93,0,0.847484
2026,58,A_current_ls_dopt,15,15,15,3547.423,121,23,1,2723.422827,0,87,8,0.003183
2026,58,B_region_dopt,15,15,15,4107.903,138,15,1,3205.902839,11,87,0,0.304102
2026,58,C_region_q2,15,15,15,4229.447,138,15,1,3327.446615,11,87,0,1.397956
2026,59,A_current_ls_dopt,14,14,14,4010.256,130,18,1,3152.256287,6,94,4,0.017876
2026,59,B_region_dopt,14,14,14,4347.762,143,14,1,3424.761675,17,94,0,0.367755
2026,59,C_region_q2,14,14,14,4737.41,141,14,1,3824.40975,15,94,0,1.589649
2026,60,A_current_ls_dopt,11,11,11,4181.671,125,17,1,3360.671256,3,98,6,0.004465
2026,60,B_region_dopt,11,11,11,4522.729,136,11,1,3655.729181,12,98,0,0.229106
2026,60,C_region_q2,11,11,11,4598.063,134,11,1,3741.063035,10,98,0,0.976576
2026,61,A_current_ls_dopt,11,11,11,3825.739,128,11,1,3003.738926,1,101,0,0.007444
2026,61,B_region_dopt,11,11,11,3944.394,136,11,1,3075.393992,8,101,0,0.18208
2026,61,C_region_q2,11,11,11,4127.78,136,11,1,3258.780046,8,101,0,0.873752
2026,62,A_current_ls_dopt,12,12,12,3325.679,119,13,1,2549.67948,1,90,1,0.004366
2026,62,B_region_dopt,12,12,12,3888.098,132,12,1,3037.098209,10,90,0,0.222874
2026,62,C_region_q2,12,12,12,4089.1,132,12,1,3238.09991,10,90,0,0.943391
2026,63,A_current_ls_dopt,10,10,10,3932.415,126,10,1,3127.415463,1,104,0,0.003075
2026,63,B_region_dopt,10,10,10,4203.744,139,10,1,3321.743519,11,104,0,0.223348
2026,63,C_region_q2,10,10,10,4300.011,139,10,1,3418.010909,11,104,0,1.10554
2026,64,A_current_ls_dopt,14,14,14,3993.123,122,19,1,3177.122713,1,86,5,0.007097
2026,64,B_region_dopt,14,14,14,4209.576,137,14,1,3319.575892,14,86,0,0.323662
2026,64,C_region_q2,14,14,14,4488.038,136,14,1,3603.038438,13,86,0,1.389432
2026,65,A_current_ls_dopt,11,11,11,3939.434,130,13,1,3099.434018,0,105,2,0.004971
2026,65,B_region_dopt,11,11,11,4147.746,140,11,1,3253.745884,9,105,0,0.202986
2026,65,C_region_q2,11,11,11,4313.7,140,11,1,3419.700077,9,105,0,1.012743
2026,66,A_current_ls_dopt,14,14,14,4354.138,131,23,1,3472.138326,2,100,9,0.010712
2026,66,B_region_dopt,14,14,14,4503.382,150,14,1,3540.382346,19,100,0,0.402812
2026,66,C_region_q2,14,14,14,4866.717,145,14,1,3928.716649,14,100,0,1.380042
2026,67,A_current_ls_dopt,11,11,11,4128.998,134,11,1,3271.997977,3,107,0,0.008532
2026,67,B_region_dopt,11,11,11,4177.642,143,11,1,3266.641664,10,107,0,0.206556
2026,67,C_region_q2,11,11,11,4337.33,143,11,1,3426.329921,10,107,0,0.966207
2026,68,A_current_ls_dopt,11,11,11,4163.442,132,11,1,3317.44175,1,108,0,0.003563
2026,68,B_region_dopt,11,11,11,4337.394,142,11,1,3432.394456,8,108,0,0.176954
2026,68,C_region_q2,11,11,11,4516.715,142,11,1,3611.714835,8,108,0,0.878174
2026,69,A_current_ls_dopt,13,13,13,3851.292,121,18,1,3046.292426,2,92,5,0.005219
2026,69,B_region_dopt,13,13,13,4301.835,135,13,1,3427.834553,12,92,0,0.265456
2026,69,C_region_q2,13,13,13,4632.988,136,13,1,3753.987887,13,92,0,1.294286
2026,70,A_current_ls_dopt,10,10,10,4372.202,133,20,1,3497.201759,5,109,10,0.006532
2026,70,B_region_dopt,10,10,10,4386.763,139,10,1,3505.762529,9,109,0,0.128357
2026,70,C_region_q2,10,10,10,4283.889,137,10,1,3412.888779,7,109,0,0.583928
2026,71,A_current_ls_dopt,14,14,14,4851.56,132,24,1,3964.560123,8,97,10,0.010554
2026,71,B_region_dopt,14,14,14,4979.168,141,14,1,4069.167914,13,97,0,0.1996
2026,71,C_region_q2,14,14,14,4974.701,139,14,1,4074.701301,11,97,0,0.83986
2026,72,A_current_ls_dopt,10,10,10,3714.583,128,16,1,2879.582648,1,107,6,0.002652
2026,72,B_region_dopt,10,10,10,4146.857,143,10,1,3243.856931,12,107,0,0.253045
2026,72,C_region_q2,10,10,10,4347.819,141,10,1,3454.819107,10,107,0,1.100147
2026,73,A_current_ls_dopt,16,16,16,6111.128,126,43,1,5203.128145,17,82,27,0.033668
2026,73,B_region_dopt,16,16,16,5810.706,141,16,1,4901.705743,31,82,0,0.44906
2026,73,C_region_q2,16,16,16,5330.575,130,16,1,4476.574501,20,82,0,1.636014
2026,74,A_current_ls_dopt,16,16,16,4788.406,124,25,1,3942.406056,10,81,9,0.027381
2026,74,B_region_dopt,16,16,16,4908.199,136,16,1,4019.198547,20,81,0,0.365214
2026,74,C_region_q2,16,16,16,5220.266,134,16,1,4341.266337,18,81,0,1.413709
2026,75,A_current_ls_dopt,11,11,11,3949.4,125,15,1,3134.399509,5,98,4,0.011203
2026,75,B_region_dopt,11,11,11,4332.068,136,11,1,3467.068495,14,98,0,0.225233
2026,75,C_region_q2,11,11,11,4524.539,132,11,1,3679.538795,10,98,0,0.764113
2026,76,A_current_ls_dopt,11,11,11,4358.0,137,12,1,3478.999634,2,111,1,0.008756
2026,76,B_region_dopt,11,11,11,4491.418,149,11,1,3548.41777,14,111,0,0.270787
2026,76,C_region_q2,11,11,11,4579.772,146,11,1,3651.772362,11,111,0,1.124254
2026,77,A_current_ls_dopt,13,13,13,4128.66,125,13,1,3314.659653,3,94,0,0.012862
2026,77,B_region_dopt,13,13,13,4253.266,137,13,1,3369.266274,14,94,0,0.304175
2026,77,C_region_q2,13,13,13,4481.401,137,13,1,3597.400864,14,94,0,1.484543
2026,78,A_current_ls_dopt,10,10,10,3561.435,129,10,1,2738.435414,1,105,0,0.003864
2026,78,B_region_dopt,10,10,10,3762.25,137,10,1,2892.250361,7,105,0,0.15107
2026,78,C_region_q2,10,10,10,3966.177,137,10,1,3096.177187,7,105,0,0.779962
2026,79,A_current_ls_dopt,14,14,14,3936.415,126,19,1,3098.415394,5,90,5,0.017669
2026,79,B_region_dopt,14,14,14,4384.603,141,14,1,3473.603203,18,90,0,0.365575
2026,79,C_region_q2,14,14,14,4418.547,137,14,1,3527.547295,14,90,0,1.36898
2026,80,A_current_ls_dopt,11,11,11,4033.958,134,12,1,3172.958397,2,110,1,0.0052
2026,80,B_region_dopt,11,11,11,4225.98,144,11,1,3308.98005,10,110,0,0.187607
2026,80,C_region_q2,11,11,11,4399.478,144,11,1,3482.478203,10,110,0,0.908664
2026,81,A_current_ls_dopt,11,11,11,4267.578,140,13,1,3367.578388,4,114,2,0.00841
2026,81,B_region_dopt,11,11,11,4635.245,157,11,1,3648.244566,19,114,0,0.378128
2026,81,C_region_q2,11,11,11,4788.921,151,11,1,3831.920505,13,114,0,1.087323
2026,82,A_current_ls_dopt,16,16,16,4385.974,128,18,1,3534.973803,7,89,2,0.017514
2026,82,B_region_dopt,16,16,16,4716.084,142,16,1,3789.083684,18,89,0,0.314481
2026,82,C_region_q2,16,16,16,4822.801,139,16,1,3910.801127,15,89,0,1.371692
2026,83,A_current_ls_dopt,12,12,12,3377.034,127,14,1,2551.034291,5,96,2,0.011995
2026,83,B_region_dopt,12,12,12,4212.776,142,12,1,3309.775622,17,96,0,0.374566
2026,83,C_region_q2,12,12,12,4350.005,135,12,1,3482.004562,10,96,0,0.810541
2026,84,A_current_ls_dopt,12,12,12,3845.814,121,20,1,3036.813514,2,90,8,0.007744
2026,84,B_region_dopt,12,12,12,4001.287,132,12,1,3152.286825,10,90,0,0.220674
2026,84,C_region_q2,12,12,12,4143.001,130,12,1,3304.001415,8,90,0,0.663419
2026,85,A_current_ls_dopt,11,11,11,4037.82,127,15,1,3210.819957,4,102,4,0.009497
2026,85,B_region_dopt,11,11,11,4214.472,137,11,1,3339.472332,11,102,0,0.206428
2026,85,C_region_q2,11,11,11,4320.572,137,11,1,3445.571927,11,102,0,1.00218
2026,86,A_current_ls_dopt,12,12,12,3658.613,127,16,1,2825.613358,1,99,4,0.005182
2026,86,B_region_dopt,12,12,12,4224.66,141,12,1,3322.660317,13,99,0,0.299941
2026,86,C_region_q2,12,12,12,4297.725,139,12,1,3405.725265,11,99,0,1.21674
2026,87,A_current_ls_dopt,12,12,12,4090.323,124,20,1,3263.322727,2,97,8,0.00582
2026,87,B_region_dopt,12,12,12,4401.088,136,12,1,3527.087708,11,97,0,0.229579
2026,87,C_region_q2,12,12,12,4586.584,135,12,1,3717.584047,10,97,0,0.96509
2026,88,A_current_ls_dopt,11,11,11,3974.224,133,14,1,3113.224142,4,107,3,0.010334
2026,88,B_region_dopt,11,11,11,4453.983,144,11,1,3538.982888,13,107,0,0.227873
2026,88,C_region_q2,11,11,11,4436.93,142,11,1,3531.929565,11,107,0,1.094423
2026,89,A_current_ls_dopt,11,11,11,4383.26,135,11,1,3519.259944,4,110,0,0.010168
2026,89,B_region_dopt,11,11,11,4502.096,143,11,1,3593.096286,10,110,0,0.144124
2026,89,C_region_q2,11,11,11,4466.771,142,11,1,3562.770996,9,110,0,0.686956
2026,90,A_current_ls_dopt,10,10,10,3957.426,134,12,1,3098.42645,0,112,2,0.001562
2026,90,B_region_dopt,10,10,10,4034.882,145,10,1,3115.881928,7,115,0,0.151417
2026,90,C_region_q2,10,10,10,4149.361,145,10,1,3230.36098,7,115,0,0.754763
2026,91,A_current_ls_dopt,14,14,14,4328.489,143,18,1,3391.488768,8,109,4,0.016202
2026,91,B_region_dopt,14,14,14,4678.207,151,14,1,3706.206778,14,109,0,0.221683
2026,91,C_region_q2,14,14,14,4878.312,149,14,1,3916.312492,12,109,0,0.760823
2026,92,A_current_ls_dopt,10,10,10,3915.362,126,15,1,3096.361926,4,99,5,0.011612
2026,92,B_region_dopt,10,10,10,4059.976,133,10,1,3213.976326,9,99,0,0.192206
2026,92,C_region_q2,10,10,10,4247.741,132,10,1,3406.741291,8,99,0,0.814835
2026,93,A_current_ls_dopt,10,10,10,4094.768,132,15,1,3239.767751,4,108,5,0.004101
2026,93,B_region_dopt,10,10,10,4026.809,143,10,1,3121.808659,11,108,0,0.192772
2026,93,C_region_q2,10,10,10,4243.453,143,10,1,3338.453015,11,108,0,0.929788
2026,94,A_current_ls_dopt,15,15,15,3826.349,119,22,1,3018.349296,3,82,7,0.007565
2026,94,B_region_dopt,15,15,15,4392.799,139,15,1,3490.79903,19,82,0,0.442761
2026,94,C_region_q2,15,15,15,4509.687,134,15,1,3632.686591,14,82,0,1.585863
2026,95,A_current_ls_dopt,11,11,11,3889.473,124,16,1,3077.473359,2,94,5,0.008075
2026,95,B_region_dopt,11,11,11,3898.868,131,11,1,3060.8684,8,94,0,0.178165
2026,95,C_region_q2,11,11,11,3960.742,131,11,1,3122.741867,8,94,0,0.856163
2026,96,A_current_ls_dopt,11,11,11,3773.954,124,16,1,2961.9536,2,93,5,0.002032
2026,96,B_region_dopt,11,11,11,3784.639,130,11,1,2951.63923,6,93,0,0.118637
2026,96,C_region_q2,11,11,11,3803.489,130,11,1,2970.488701,6,93,0,0.521729
2026,97,A_current_ls_dopt,13,13,13,4000.862,135,17,1,3115.862283,3,109,4,0.009767
2026,97,B_region_dopt,13,13,13,4397.781,150,13,1,3436.780819,16,109,0,0.308967
2026,97,C_region_q2,13,13,13,4633.712,148,13,1,3682.711556,14,109,0,1.414477
2026,98,A_current_ls_dopt,15,15,15,4179.347,128,15,1,3337.346651,4,93,0,0.024852
2026,98,B_region_dopt,15,15,15,4425.164,143,15,1,3498.163505,18,93,0,0.377501
2026,98,C_region_q2,15,15,15,4531.842,140,15,1,3619.84229,15,93,0,1.521587
2026,99,A_current_ls_dopt,16,16,16,4802.911,121,26,1,3970.910716,10,82,10,0.035941
2026,99,B_region_dopt,16,16,16,5065.308,134,16,1,4189.307967,22,82,0,0.320778
2026,99,C_region_q2,16,16,16,5082.238,130,16,1,4226.238113,18,82,0,1.402411
2026,100,A_current_ls_dopt,13,13,13,4114.742,125,13,1,3301.741509,3,94,0,0.012266
2026,100,B_region_dopt,13,13,13,4553.924,138,13,1,3664.923563,14,94,0,0.261397
2026,100,C_region_q2,13,13,13,4588.905,137,13,1,3704.905337,13,94,0,1.369502
