case,strategy,source_count,detected_channels,cleared_channels,total_virtual_time_s,measure_actions,clear_actions,all_cleared,search_sites,search_end_time_s,movement_time_s,search_movement_time_s,post_search_movement_time_s,detection_time_s,switching_time_s,clearing_time_s,failed_clear_actions,wall_time_s
1,Base,15,15,15,9590.426,345,15,1,27,5922.8719793931805,7469.426254495868,4081.871979393182,3387.5542751026874,1725.0,321.0,75.0,0,0.7841052000003401
1,Extra450,15,15,15,8985.77,327,15,1,27,5922.8719793931805,6954.7701871293075,4081.871979393182,2872.8982077361225,1635.0,321.0,75.0,0,0.5271104999992531
1,Extra700,15,15,15,9037.32,327,15,1,27,5922.8719793931805,7006.3198600919195,4081.871979393182,2924.4478806987336,1635.0,321.0,75.0,0,0.5499014999950305
2,Base,16,16,16,8512.791,295,16,1,27,4265.810490091315,6681.790658211585,2826.8104900913154,3854.9801681202684,1475.0,276.0,80.0,0,0.6011035999981686
2,Extra450,16,16,16,8545.376,300,16,1,27,4265.810490091315,6689.375854010229,2826.8104900913154,3862.5653639189127,1500.0,276.0,80.0,0,0.6953669999784324
2,Extra700,16,16,16,8977.497,307,16,1,27,4265.810490091315,7084.497165335824,2826.8104900913154,4257.6866752445085,1535.0,278.0,80.0,0,0.7549099999887403
3,Base,16,16,16,7385.663,311,16,1,27,4644.538123959431,5449.662925932719,3001.538123959432,2448.124801973289,1555.0,301.0,80.0,0,0.6475500999949872
3,Extra450,16,16,16,7428.687,309,16,1,27,4644.538123959431,5503.686532013565,3001.538123959432,2502.148408054134,1545.0,300.0,80.0,0,0.7054742999898735
3,Extra700,16,16,16,7464.111,310,16,1,27,4644.538123959431,5534.111416636543,3001.538123959432,2532.5732926771125,1550.0,300.0,80.0,0,0.8208601000078488
4,Base,14,14,14,8465.084,323,14,1,27,5940.8719793931805,6459.084320715162,4081.871979393182,2377.21234132198,1615.0,321.0,70.0,0,0.3836314999789465
4,Extra450,14,14,14,8465.084,323,14,1,27,5940.8719793931805,6459.084320715162,4081.871979393182,2377.21234132198,1615.0,321.0,70.0,0,0.43101430000388063
4,Extra700,14,14,14,8496.322,323,14,1,27,5940.8719793931805,6490.321798334887,4081.871979393182,2408.449818941705,1615.0,321.0,70.0,0,0.4859405000170227
5,Base,10,10,10,9225.552,393,10,1,27,6393.297202254052,6825.552405992204,4121.2972022540525,2704.255203738151,1965.0,385.0,50.0,0,0.30112849999568425
5,Extra450,10,10,10,9268.524,394,10,1,27,6393.297202254052,6863.524488607485,4121.2972022540525,2742.2272863534317,1970.0,385.0,50.0,0,0.33611659999587573
5,Extra700,10,10,10,9339.936,394,10,1,27,6393.297202254052,6934.935564704046,4121.2972022540525,2813.638362449992,1970.0,385.0,50.0,0,0.37776669999584556
6,Base,12,12,12,8655.664,384,12,1,27,6372.4907226515115,6297.664441653141,4149.490722651513,2148.173719001626,1920.0,378.0,60.0,0,0.3106694000016432
6,Extra450,12,12,12,8655.664,384,12,1,27,6372.4907226515115,6297.664441653141,4149.490722651513,2148.173719001626,1920.0,378.0,60.0,0,0.2662943000032101
6,Extra700,12,12,12,8672.5,385,12,1,27,6372.4907226515115,6309.499766924809,4149.490722651513,2160.009044273294,1925.0,378.0,60.0,0,0.31534160001319833
7,Base,10,10,10,8592.231,381,10,1,27,6150.871979393181,6284.230687506482,4081.871979393182,2202.3587081133046,1905.0,353.0,50.0,0,0.7246127999969758
7,Extra450,10,10,10,8158.973,369,10,1,27,6150.871979393181,5910.973208664137,4081.871979393182,1829.1012292709543,1845.0,353.0,50.0,0,0.5895697999803815
7,Extra700,10,10,10,8123.16,366,10,1,27,6150.871979393181,5890.159559021273,4081.871979393182,1808.2875796280891,1830.0,353.0,50.0,0,0.5616057000006549
8,Base,10,10,10,8378.964,415,10,1,27,6462.615922705135,5850.9637180430545,4082.615922705137,1768.3477953379186,2075.0,403.0,50.0,0,0.3903985999932047
8,Extra450,10,10,10,8355.357,411,10,1,27,6462.615922705135,5847.356868323992,4082.615922705137,1764.7409456188539,2055.0,403.0,50.0,0,0.3425475000112783
8,Extra700,10,10,10,8408.837,412,10,1,27,6462.615922705135,5895.836587819191,4082.615922705137,1813.2206651140523,2060.0,403.0,50.0,0,0.4216582000080962
9,Base,13,13,13,8809.801,348,13,1,27,5922.871979393181,6685.801067135501,4081.871979393182,2603.9290877423273,1740.0,319.0,65.0,0,0.8329640000010841
9,Extra450,13,13,13,8649.971,339,13,1,27,5922.871979393181,6570.970950922408,4081.871979393182,2489.09897152923,1695.0,319.0,65.0,0,0.7516920999914873
9,Extra700,13,13,13,8493.324,332,13,1,27,5922.871979393181,6449.324434861515,4081.871979393182,2367.4524554683358,1660.0,319.0,65.0,0,0.6353065999865066
10,Base,15,15,15,8853.208,319,15,1,27,5869.689968645533,6881.208376403161,4125.689968645533,2755.518407757629,1595.0,302.0,75.0,0,0.5730502999795135
10,Extra450,15,15,15,8983.11,316,15,1,27,5869.689968645533,7026.109718420068,4125.689968645533,2900.419749774536,1580.0,302.0,75.0,0,0.6624355000094511
10,Extra700,15,15,15,8908.057,313,15,1,27,5869.689968645533,6966.056987208342,4125.689968645533,2840.3670185628102,1565.0,302.0,75.0,0,0.5945205000170972
11,Base,13,13,13,8467.974,344,13,1,27,6012.871979393181,6350.974112209124,4081.871979393182,2269.102132815943,1720.0,332.0,65.0,0,0.47510340000735596
11,Extra450,13,13,13,8609.063,345,13,1,27,6012.871979393181,6487.062598757981,4081.871979393182,2405.1906193648,1725.0,332.0,65.0,0,0.5813952999887988
11,Extra700,13,13,13,8640.565,345,13,1,27,6012.871979393181,6518.564841452469,4081.871979393182,2436.6928620592885,1725.0,332.0,65.0,0,0.5980765000276733
12,Base,11,11,11,8681.283,388,11,1,27,6288.8719793931805,6308.283191317087,4081.871979393182,2226.4112119239035,1940.0,378.0,55.0,0,0.4550251000036951
12,Extra450,11,11,11,8758.519,387,11,1,27,6288.8719793931805,6390.519421476419,4081.871979393182,2308.6474420832374,1935.0,378.0,55.0,0,0.4855493000068236
12,Extra700,11,11,11,8814.037,387,11,1,27,6288.8719793931805,6446.037213311314,4081.871979393182,2364.1652339181333,1935.0,378.0,55.0,0,0.5533655999752227
13,Base,10,10,10,9016.739,401,10,1,27,6306.8719793931805,6581.73864021452,4081.871979393182,2499.8666608213402,2005.0,380.0,50.0,0,0.6098637000250164
13,Extra450,10,10,10,8785.547,390,10,1,27,6306.8719793931805,6405.547001207315,4081.871979393182,2323.6750218141337,1950.0,380.0,50.0,0,0.4089640000020154
13,Extra700,10,10,10,9024.835,392,10,1,27,6306.8719793931805,6634.83465779598,4081.871979393182,2552.9626784027964,1960.0,380.0,50.0,0,0.5614578000095207
14,Base,16,16,16,8203.531,393,16,1,27,5256.86892231273,5772.530602655812,3452.868922312732,2319.6616803430816,1965.0,386.0,80.0,0,0.7361069999751635
14,Extra450,16,16,16,8721.65,400,16,1,27,5256.86892231273,6248.649633045595,3452.868922312732,2795.7807107328626,2000.0,393.0,80.0,0,0.6571941000001971
14,Extra700,16,16,16,8512.913,396,16,1,27,5256.86892231273,6063.913460930411,3452.868922312732,2611.0445386176784,1980.0,389.0,80.0,0,0.6904648000199813
15,Base,15,15,15,8096.017,318,15,1,27,5932.873121031156,6118.0166343390765,4098.873121031157,2019.1435133079185,1590.0,313.0,75.0,0,0.3674683000135701
15,Extra450,15,15,15,8096.017,318,15,1,27,5932.873121031156,6118.0166343390765,4098.873121031157,2019.1435133079185,1590.0,313.0,75.0,0,0.4073678000131622
15,Extra700,15,15,15,8096.017,318,15,1,27,5932.873121031156,6118.0166343390765,4098.873121031157,2019.1435133079185,1590.0,313.0,75.0,0,0.4002875000005588
16,Base,12,12,12,9006.582,376,12,1,27,6169.69617550003,6719.582403112848,4125.696175500032,2593.886227612818,1880.0,347.0,60.0,0,0.5624191999959294
16,Extra450,12,12,12,8833.723,364,12,1,27,6169.69617550003,6605.722794787607,4125.696175500032,2480.0266192875742,1820.0,348.0,60.0,0,0.45157990002189763
16,Extra700,12,12,12,9133.71,371,12,1,27,6169.69617550003,6870.710405686691,4125.696175500032,2745.014230186658,1855.0,348.0,60.0,0,0.5937840999977197
17,Base,11,11,11,9653.389,426,11,1,27,6378.8719793931805,7076.389215914623,4081.871979393182,2994.51723652145,2130.0,392.0,55.0,0,0.7035322999872733
17,Extra450,11,11,11,9433.912,414,11,1,27,6378.8719793931805,6916.912448924531,4081.871979393182,2835.040469531353,2070.0,392.0,55.0,0,0.6471308999753091
17,Extra700,11,11,11,9559.154,413,11,1,27,6378.8719793931805,7046.153789752133,4081.871979393182,2964.2818103589548,2065.0,393.0,55.0,0,0.7285291999869514
18,Base,14,14,14,8716.944,403,14,1,27,6293.761180843749,6239.944158238561,4112.76118084375,2127.1829773948093,2015.0,392.0,70.0,0,0.4385080999927595
18,Extra450,14,14,14,8832.528,405,14,1,27,6293.761180843749,6343.5279002610805,4112.76118084375,2230.76671941733,2025.0,394.0,70.0,0,0.5122269999992568
18,Extra700,14,14,14,8867.415,404,14,1,27,6293.761180843749,6384.415467994075,4112.76118084375,2271.6542871503257,2020.0,393.0,70.0,0,0.5191224000009242
19,Base,14,14,14,8364.979,380,14,1,27,6281.017023851381,6023.979131898551,4117.017023851383,1906.9621080471682,1900.0,371.0,70.0,0,0.5673469000030309
19,Extra450,14,14,14,8407.693,380,14,1,27,6281.017023851381,6066.692823958386,4117.017023851383,1949.6758001070048,1900.0,371.0,70.0,0,0.6337639999983367
19,Extra700,14,14,14,8304.413,376,14,1,27,6281.017023851381,5983.413114480646,4117.017023851383,1866.396090629264,1880.0,371.0,70.0,0,0.4979449999809731
20,Base,13,13,13,8621.388,317,13,1,27,5898.456232111449,6663.388303341729,4106.45623211145,2556.9320712302815,1585.0,308.0,65.0,0,0.39412719997926615
20,Extra450,13,13,13,8594.282,316,13,1,27,5898.456232111449,6641.281809358158,4106.45623211145,2534.8255772467073,1580.0,308.0,65.0,0,0.40656430000672117
20,Extra700,13,13,13,8594.282,316,13,1,27,5898.456232111449,6641.281809358158,4106.45623211145,2534.8255772467073,1580.0,308.0,65.0,0,0.42838990001473576
21,Base,15,15,15,8841.246,344,15,1,27,5952.8719793931805,6721.246090842074,4081.871979393182,2639.3741114488935,1720.0,325.0,75.0,0,0.7455539000220597
21,Extra450,15,15,15,8779.827,338,15,1,27,5952.8719793931805,6689.826959206623,4081.871979393182,2607.9549798134412,1690.0,325.0,75.0,0,0.7292281000118237
21,Extra700,15,15,15,9062.494,340,15,1,27,5952.8719793931805,6962.493710096873,4081.871979393182,2880.621730703691,1700.0,325.0,75.0,0,0.8696648000041023
22,Base,16,16,16,8992.374,337,16,1,27,5148.217187173481,6913.374266091916,3571.2171871734818,3342.1570789184348,1685.0,314.0,80.0,0,0.6675004999851808
22,Extra450,16,16,16,8784.215,339,16,1,27,5148.217187173481,6695.214633139472,3571.2171871734818,3123.9974459659925,1695.0,314.0,80.0,0,0.7232643000024837
22,Extra700,16,16,16,8983.923,342,16,1,27,5148.217187173481,6873.922972918416,3571.2171871734818,3302.705785744932,1710.0,320.0,80.0,0,0.7283113999874331
23,Base,13,13,13,7805.121,300,13,1,27,5760.871979393181,5946.121233682885,4081.871979393182,1864.2492542897044,1500.0,294.0,65.0,0,0.5698763000254985
23,Extra450,13,13,13,8057.843,306,13,1,27,5760.871979393181,6167.842631755015,4081.871979393182,2085.970652361837,1530.0,295.0,65.0,0,0.7531447000219487
23,Extra700,13,13,13,8064.592,309,13,1,27,5760.871979393181,6160.591873107767,4081.871979393182,2078.71989371459,1545.0,294.0,65.0,0,0.8900774999929126
24,Base,11,11,11,8377.605,398,11,1,27,6312.8719793931805,5950.604933918416,4081.871979393182,1868.7329545252355,1990.0,382.0,55.0,0,0.5438543999916874
24,Extra450,11,11,11,8155.537,389,11,1,27,6312.8719793931805,5773.537174772049,4081.871979393182,1691.6651953788685,1945.0,382.0,55.0,0,0.36718679999466985
24,Extra700,11,11,11,8155.537,389,11,1,27,6312.8719793931805,5773.537174772049,4081.871979393182,1691.6651953788685,1945.0,382.0,55.0,0,0.41222369999741204
25,Base,10,10,10,8021.066,390,10,1,27,6342.4163073198615,5638.0657840877175,4082.416307319863,1555.649476767854,1950.0,383.0,50.0,0,0.22827809999580495
25,Extra450,10,10,10,8156.81,393,10,1,27,6342.4163073198615,5758.809804807303,4082.416307319863,1676.393497487439,1965.0,383.0,50.0,0,0.3520272000168916
25,Extra700,10,10,10,8247.441,393,10,1,27,6342.4163073198615,5849.440557624564,4082.416307319863,1767.0242503046993,1965.0,383.0,50.0,0,0.41538849999778904
26,Base,13,13,13,8520.841,328,13,1,27,5989.84031914791,6496.840963509463,4125.84031914791,2371.000644361555,1640.0,319.0,65.0,0,0.38815350001095794
26,Extra450,13,13,13,8527.445,328,13,1,27,5989.84031914791,6503.445362120801,4125.84031914791,2377.6050429728934,1640.0,319.0,65.0,0,0.44251329998951405
26,Extra700,13,13,13,8585.981,326,13,1,27,5989.84031914791,6571.98113757874,4125.84031914791,2446.1408184308307,1630.0,319.0,65.0,0,0.3828949000162538
27,Base,12,12,12,8066.078,371,12,1,27,6253.878275149442,5785.078254149828,4107.878275149443,1677.1999790003874,1855.0,366.0,60.0,0,0.28793510000105016
27,Extra450,12,12,12,8033.611,371,12,1,27,6253.878275149442,5752.61079651535,4107.878275149443,1644.7325213659078,1855.0,366.0,60.0,0,0.307819700014079
27,Extra700,12,12,12,8135.058,372,12,1,27,6253.878275149442,5849.0582349914275,4107.878275149443,1741.1799598419861,1860.0,366.0,60.0,0,0.5062978000205476
28,Base,10,10,10,8710.363,400,10,1,27,6297.372361073575,6284.36261608818,4091.372361073577,2192.9902550146057,2000.0,376.0,50.0,0,0.9094177999941166
28,Extra450,10,10,10,8447.159,387,10,1,27,6297.372361073575,6086.158916606358,4091.372361073577,1994.7865555327826,1935.0,376.0,50.0,0,0.4548754999996163
28,Extra700,10,10,10,8471.684,387,10,1,27,6297.372361073575,6110.684326271424,4091.372361073577,2019.3119651978488,1935.0,376.0,50.0,0,0.6736227000073995
29,Base,14,14,14,8841.072,291,14,1,27,5628.871979393181,7044.072008797958,4081.871979393182,2962.200029404779,1455.0,272.0,70.0,0,1.0757817999983672
29,Extra450,14,14,14,8880.359,289,14,1,27,5628.871979393181,7092.3585367214855,4081.871979393182,3010.486557328305,1445.0,273.0,70.0,0,1.2736609000130557
29,Extra700,14,14,14,9347.142,296,14,1,27,5628.871979393181,7524.14191645188,4081.871979393182,3442.269937058698,1480.0,273.0,70.0,0,1.7237017000152264
30,Base,14,14,14,8776.66,388,14,1,27,6266.003687478038,6398.659560552782,4108.00368747804,2290.655873074746,1940.0,368.0,70.0,0,1.4277013999817427
30,Extra450,14,14,14,8645.694,382,14,1,27,6266.003687478038,6297.694230239344,4108.00368747804,2189.690542761304,1910.0,368.0,70.0,0,1.2012524000019766
30,Extra700,14,14,14,9029.367,387,14,1,27,6266.003687478038,6656.367392789965,4108.00368747804,2548.3637053119255,1935.0,368.0,70.0,0,1.6007375000044703
31,Base,11,11,11,8225.02,345,11,1,27,6006.871979393181,6113.020230152122,4081.871979393182,2031.1482507589415,1725.0,332.0,55.0,0,0.8709098999970593
31,Extra450,11,11,11,8194.401,341,11,1,27,6006.871979393181,6102.401418779358,4081.871979393182,2020.5294393861784,1705.0,332.0,55.0,0,0.8357527999905869
31,Extra700,11,11,11,8194.401,341,11,1,27,6006.871979393181,6102.401418779358,4081.871979393182,2020.5294393861784,1705.0,332.0,55.0,0,0.9333454000006896
32,Base,14,14,14,8314.409,307,14,1,27,5784.871979393181,6414.408823946271,4081.871979393182,2332.536844553089,1535.0,295.0,70.0,0,1.2663760999857914
32,Extra450,14,14,14,8342.007,303,14,1,27,5784.871979393181,6462.007036292525,4081.871979393182,2380.1350568993435,1515.0,295.0,70.0,0,1.089080700010527
32,Extra700,14,14,14,8336.768,302,14,1,27,5784.871979393181,6461.768245474307,4081.871979393182,2379.8962660811244,1510.0,295.0,70.0,0,1.1085580000071786
33,Base,15,15,15,8669.477,327,15,1,27,5898.871979393181,6643.4766897830905,4081.871979393182,2561.6047103899095,1635.0,316.0,75.0,0,0.9831396999943536
33,Extra450,15,15,15,8760.226,327,15,1,27,5898.871979393181,6734.225688633699,4081.871979393182,2652.353709240519,1635.0,316.0,75.0,0,1.050213899987284
33,Extra700,15,15,15,8760.192,327,15,1,27,5898.871979393181,6734.192456324827,4081.871979393182,2652.320476931647,1635.0,316.0,75.0,0,1.1390998999995645
34,Base,14,14,14,8764.564,344,14,1,27,5970.8719793931805,6649.563642171052,4081.871979393182,2567.691662777875,1720.0,325.0,70.0,0,0.93251600000076
34,Extra450,14,14,14,9039.298,352,14,1,27,5970.8719793931805,6884.29794740015,4081.871979393182,2802.425968006972,1760.0,325.0,70.0,0,1.2700618000235409
34,Extra700,14,14,14,9152.772,350,14,1,27,5970.8719793931805,7007.772159476214,4081.871979393182,2925.9001800830365,1750.0,325.0,70.0,0,1.334287100005895
35,Base,14,14,14,7928.095,293,14,1,27,5688.871979393181,6115.094853261218,4081.871979393182,2033.2228738680392,1465.0,278.0,70.0,0,0.8331500999920536
35,Extra450,14,14,14,7766.145,285,14,1,27,5688.871979393181,5993.145320439231,4081.871979393182,1911.2733410460505,1425.0,278.0,70.0,0,0.8093933000054676
35,Extra700,14,14,14,8082.743,293,14,1,27,5688.871979393181,6269.742918402655,4081.871979393182,2187.870939009474,1465.0,278.0,70.0,0,1.0485368999943603
36,Base,10,10,10,8517.26,377,10,1,27,6281.213779592046,6220.2597380081825,4131.213779592047,2089.0459584161367,1885.0,362.0,50.0,0,0.7107690000266302
36,Extra450,10,10,10,8509.855,376,10,1,27,6281.213779592046,6217.855156599154,4131.213779592047,2086.641377007108,1880.0,362.0,50.0,0,0.738989000004949
36,Extra700,10,10,10,8509.855,376,10,1,27,6281.213779592046,6217.855156599154,4131.213779592047,2086.641377007108,1880.0,362.0,50.0,0,0.7887207000167109
37,Base,12,12,12,10028.593,432,12,1,27,6294.8719793931805,7401.593063217664,4081.871979393182,3319.7210838244837,2160.0,407.0,60.0,0,0.6472172999929171
37,Extra450,12,12,12,9864.535,425,12,1,27,6294.8719793931805,7282.534982915324,4081.871979393182,3200.6630035221424,2125.0,397.0,60.0,0,0.7389790999877732
37,Extra700,12,12,12,9978.47,423,12,1,27,6294.8719793931805,7408.470098301306,4081.871979393182,3326.598118908125,2115.0,395.0,60.0,0,0.7201956000062637
38,Base,14,14,14,8074.116,329,14,1,27,6016.11988357864,6038.116226112689,4147.11988357864,1890.9963425340495,1645.0,321.0,70.0,0,0.8872721000225283
38,Extra450,14,14,14,8154.798,331,14,1,27,6016.11988357864,6108.798055367647,4147.11988357864,1961.6781717890074,1655.0,321.0,70.0,0,1.0950728000025265
38,Extra700,14,14,14,8140.106,330,14,1,27,6016.11988357864,6099.1061347888535,4147.11988357864,1951.986251210213,1650.0,321.0,70.0,0,1.1107761000166647
39,Base,16,16,16,8816.149,405,16,1,27,4331.810490091315,6322.149499394548,2826.8104900913154,3495.339009303236,2025.0,389.0,80.0,0,1.987105900014285
39,Extra450,16,16,16,8405.983,388,16,1,27,4331.810490091315,6001.983474278701,2826.8104900913154,3175.1729841873885,1940.0,384.0,80.0,0,1.599170299974503
39,Extra700,16,16,16,8491.157,382,16,1,27,4331.810490091315,6133.156825649008,2826.8104900913154,3306.346335557693,1910.0,368.0,80.0,0,1.7780946000129916
40,Base,12,12,12,9161.865,352,12,1,27,6175.383707999426,6998.864912383189,4157.383707999427,2841.4812043837633,1760.0,343.0,60.0,0,0.5072456999914721
40,Extra450,12,12,12,9189.223,353,12,1,27,6175.383707999426,7021.22290063294,4157.383707999427,2863.839192633513,1765.0,343.0,60.0,0,0.6030578999780118
40,Extra700,12,12,12,9178.945,354,12,1,27,6175.383707999426,7005.944772052065,4157.383707999427,2848.561064052637,1770.0,343.0,60.0,0,0.6892886999994516
41,Base,11,11,11,8212.443,382,11,1,27,6288.8719793931805,5871.443458154281,4081.871979393182,1789.5714787610975,1910.0,376.0,55.0,0,0.6998582000087481
41,Extra450,11,11,11,8156.952,380,11,1,27,6288.8719793931805,5825.9519908731345,4081.871979393182,1744.0800114799506,1900.0,376.0,55.0,0,0.6998356999829412
41,Extra700,11,11,11,8156.952,380,11,1,27,6288.8719793931805,5825.9519908731345,4081.871979393182,1744.0800114799506,1900.0,376.0,55.0,0,0.7210424999939278
42,Base,10,10,10,8136.328,400,10,1,27,6414.8719793931805,5688.327863775071,4081.871979393182,1606.45588438189,2000.0,398.0,50.0,0,0.497371600009501
42,Extra450,10,10,10,8344.622,404,10,1,27,6414.8719793931805,5876.6224388481305,4081.871979393182,1794.750459454948,2020.0,398.0,50.0,0,0.6854236999934074
42,Extra700,10,10,10,8357.327,404,10,1,27,6414.8719793931805,5889.326613784893,4081.871979393182,1807.45463439171,2020.0,398.0,50.0,0,0.7715036000008695
43,Base,12,12,12,8894.194,385,12,1,27,6215.457692263122,6545.193913775142,4087.4576922631245,2457.736221512021,1925.0,364.0,60.0,0,1.2380246999964584
43,Extra450,12,12,12,8894.637,375,12,1,27,6215.457692263122,6596.637434795364,4087.4576922631245,2509.179742532239,1875.0,363.0,60.0,0,0.8608168000064325
43,Extra700,12,12,12,8969.764,376,12,1,27,6215.457692263122,6666.76389646871,4087.4576922631245,2579.3062042055844,1880.0,363.0,60.0,0,0.96199529999285
44,Base,10,10,10,8724.299,393,10,1,27,6342.8719793931805,6323.298668083916,4081.871979393182,2241.426688690735,1965.0,386.0,50.0,0,0.5384454000159167
44,Extra450,10,10,10,8895.649,395,10,1,27,6342.8719793931805,6484.648838080062,4081.871979393182,2402.776858686881,1975.0,386.0,50.0,0,0.8088338000234216
44,Extra700,10,10,10,8870.701,395,10,1,27,6342.8719793931805,6459.700911680908,4081.871979393182,2377.828932287729,1975.0,386.0,50.0,0,0.8242516999889631
45,Base,16,16,16,7264.059,270,16,1,27,4910.787012814365,5572.059369205934,3417.7870128143663,2154.2723563915674,1350.0,262.0,80.0,0,0.9796407999820076
45,Extra450,16,16,16,7191.813,267,16,1,27,4910.787012814365,5514.8132013351,3417.7870128143663,2097.0261885207324,1335.0,262.0,80.0,0,1.0139271000225563
45,Extra700,16,16,16,7476.174,270,16,1,27,4910.787012814365,5785.174169000331,3417.7870128143663,2367.3871561859637,1350.0,261.0,80.0,0,1.2378136000188533
46,Base,12,12,12,8589.692,363,12,1,27,6130.480730707444,6367.692034991997,4092.480730707445,2275.211304284557,1815.0,347.0,60.0,0,1.1173132999974769
46,Extra450,12,12,12,8510.178,358,12,1,27,6130.480730707444,6313.178114118967,4092.480730707445,2220.697383411525,1790.0,347.0,60.0,0,0.945669300010195
46,Extra700,12,12,12,8457.759,354,12,1,27,6130.480730707444,6280.759207461884,4092.480730707445,2188.2784767544395,1770.0,347.0,60.0,0,0.7789371000253595
47,Base,14,14,14,8340.204,275,14,1,27,5598.871979393181,6628.203881008281,4081.871979393182,2546.331901615104,1375.0,267.0,70.0,0,0.8195887000183575
47,Extra450,14,14,14,8327.967,275,14,1,27,5598.871979393181,6615.9671817751905,4081.871979393182,2534.0952023820114,1375.0,267.0,70.0,0,0.8775894000136759
47,Extra700,14,14,14,8416.849,277,14,1,27,5598.871979393181,6693.849165298937,4081.871979393182,2611.9771859057582,1385.0,268.0,70.0,0,1.0435789999901317
48,Base,12,12,12,8251.227,358,12,1,27,6108.8719793931805,6055.227407952231,4081.871979393182,1973.3554285590494,1790.0,346.0,60.0,0,1.0181682000111323
48,Extra450,12,12,12,8017.531,351,12,1,27,6108.8719793931805,5856.530793613715,4081.871979393182,1774.6588142205321,1755.0,346.0,60.0,0,0.7695326999819372
48,Extra700,12,12,12,8025.55,351,12,1,27,6108.8719793931805,5864.54987072642,4081.871979393182,1782.6778913332366,1755.0,346.0,60.0,0,0.803439499984961
49,Base,11,11,11,8023.655,393,11,1,27,6403.056740439253,5615.655048603598,4119.056740439255,1496.598308164344,1965.0,388.0,55.0,0,0.5142876000027172
49,Extra450,11,11,11,7972.009,392,11,1,27,6403.056740439253,5569.008589261619,4119.056740439255,1449.9518488223646,1960.0,388.0,55.0,0,0.554436699982034
49,Extra700,11,11,11,8029.816,394,11,1,27,6403.056740439253,5616.816432259196,4119.056740439255,1497.759691819944,1970.0,388.0,55.0,0,0.6866950000112411
50,Base,10,10,10,9437.328,409,10,1,27,6324.8719793931805,6959.327635533892,4081.871979393182,2877.4556561407107,2045.0,383.0,50.0,0,0.815307999990182
50,Extra450,10,10,10,9289.475,396,10,1,27,6324.8719793931805,6876.475343466569,4081.871979393182,2794.6033640733867,1980.0,383.0,50.0,0,0.6941083999990951
50,Extra700,10,10,10,9393.051,397,10,1,27,6324.8719793931805,6974.051384631276,4081.871979393182,2892.1794052380938,1985.0,384.0,50.0,0,0.9038451999949757
51,Base,11,11,11,8178.496,402,11,1,27,6414.8719793931805,5715.496351105506,4081.871979393182,1633.6243717123225,2010.0,398.0,55.0,0,0.5766824999882374
51,Extra450,11,11,11,8185.223,402,11,1,27,6414.8719793931805,5722.223016129634,4081.871979393182,1640.3510367364509,2010.0,398.0,55.0,0,0.6619250999938231
51,Extra700,11,11,11,8209.446,402,11,1,27,6414.8719793931805,5746.446314787939,4081.871979393182,1664.5743353947578,2010.0,398.0,55.0,0,0.7426954999973532
52,Base,13,13,13,8882.581,371,13,1,27,6210.8719793931805,6595.580788318573,4081.871979393182,2513.708808925391,1855.0,367.0,65.0,0,0.6399992000078782
52,Extra450,13,13,13,8902.211,370,13,1,27,6210.8719793931805,6620.210974134057,4081.871979393182,2538.338994740876,1850.0,367.0,65.0,0,0.6982913999818265
52,Extra700,13,13,13,8876.999,369,13,1,27,6210.8719793931805,6599.998891785556,4081.871979393182,2518.126912392375,1845.0,367.0,65.0,0,0.6552419000072405
53,Base,12,12,12,8685.751,359,12,1,27,6078.8719793931805,6487.751038177037,4081.871979393182,2405.8790587838575,1795.0,343.0,60.0,0,0.9101610999787226
53,Extra450,12,12,12,8415.859,350,12,1,27,6078.8719793931805,6262.858709801918,4081.871979393182,2180.9867304087365,1750.0,343.0,60.0,0,0.9032702000113204
53,Extra700,12,12,12,8737.12,356,12,1,27,6078.8719793931805,6554.120457066182,4081.871979393182,2472.2484776730007,1780.0,343.0,60.0,0,1.2021777000045404
54,Base,12,12,12,8545.143,408,12,1,27,6532.918152709543,6043.142760698471,4165.918152709544,1877.2246079889285,2040.0,402.0,60.0,0,0.708712599996943
54,Extra450,12,12,12,8545.143,408,12,1,27,6532.918152709543,6043.142760698471,4165.918152709544,1877.2246079889285,2040.0,402.0,60.0,0,0.7283173000032548
54,Extra700,12,12,12,8565.614,408,12,1,27,6532.918152709543,6063.6135971991525,4165.918152709544,1897.6954444896091,2040.0,402.0,60.0,0,0.7545955000096001
55,Base,14,14,14,8695.833,340,14,1,27,5957.941582763157,6604.8327285385185,4081.941582763158,2522.891145775362,1700.0,321.0,70.0,0,1.1129868999996688
55,Extra450,14,14,14,8777.775,340,14,1,27,5957.941582763157,6686.775395392145,4081.941582763158,2604.8338126289864,1700.0,321.0,70.0,0,1.1812643999874126
55,Extra700,14,14,14,8642.472,335,14,1,27,5957.941582763157,6576.471520316343,4081.941582763158,2494.529937553184,1675.0,321.0,70.0,0,1.142507000011392
56,Base,10,10,10,8022.225,385,10,1,27,6318.8719793931805,5667.2251910250125,4081.871979393182,1585.3532116318324,1925.0,380.0,50.0,0,0.43496830001822673
56,Extra450,10,10,10,8044.564,385,10,1,27,6318.8719793931805,5689.563552694125,4081.871979393182,1607.6915733009455,1925.0,380.0,50.0,0,0.5580010999983642
56,Extra700,10,10,10,8079.415,385,10,1,27,6318.8719793931805,5724.414519982739,4081.871979393182,1642.5425405895594,1925.0,380.0,50.0,0,0.618701700004749
57,Base,11,11,11,8388.027,354,11,1,27,6000.871979393181,6233.026602084138,4081.871979393182,2151.1546226909586,1770.0,330.0,55.0,0,1.0596940999967046
57,Extra450,11,11,11,8343.948,345,11,1,27,6000.871979393181,6233.947868974919,4081.871979393182,2152.0758895817366,1725.0,330.0,55.0,0,0.9665254999999888
57,Extra700,11,11,11,8232.18,343,11,1,27,6000.871979393181,6132.179720832396,4081.871979393182,2050.3077414392146,1715.0,330.0,55.0,0,0.9183421999914572
58,Base,14,14,14,7973.336,306,14,1,27,5841.290273439728,6078.336249574576,4127.2902734397285,1951.0459761348466,1530.0,295.0,70.0,0,0.8734870000043884
58,Extra450,14,14,14,8046.434,304,14,1,27,5841.290273439728,6161.433788727278,4127.2902734397285,2034.1435152875488,1520.0,295.0,70.0,0,0.8520829000044614
58,Extra700,14,14,14,8014.677,303,14,1,27,5841.290273439728,6134.676952970205,4127.2902734397285,2007.3866795304764,1515.0,295.0,70.0,0,0.9439230000134557
59,Base,12,12,12,8740.582,341,12,1,27,6030.871979393181,6640.581634135357,4081.871979393182,2558.709654742174,1705.0,335.0,60.0,0,0.6498056999989785
59,Extra450,12,12,12,8867.163,343,12,1,27,6030.871979393181,6757.1625542419815,4081.871979393182,2675.290574848798,1715.0,335.0,60.0,0,0.7299050999863539
59,Extra700,12,12,12,8957.485,343,12,1,27,6030.871979393181,6847.485260807488,4081.871979393182,2765.613281414305,1715.0,335.0,60.0,0,0.7938108000089414
60,Base,14,14,14,8240.974,308,14,1,27,5784.871979393181,6335.97442971244,4081.871979393182,2254.102450319256,1540.0,295.0,70.0,0,0.949082199978875
60,Extra450,14,14,14,8231.131,304,14,1,27,5784.871979393181,6345.130740839528,4081.871979393182,2263.2587614463464,1520.0,296.0,70.0,0,1.0434898000094108
60,Extra700,14,14,14,8261.286,302,14,1,27,5784.871979393181,6385.286461305556,4081.871979393182,2303.4144819123753,1510.0,296.0,70.0,0,1.0936747000087053
61,Base,10,10,10,8814.713,432,10,1,27,6597.008569334206,6186.713315799058,4110.008569334207,2076.704746464853,2160.0,418.0,50.0,0,0.8710193999868352
61,Extra450,10,10,10,8594.564,423,10,1,27,6597.008569334206,6011.563873040728,4110.008569334207,1901.5553037065213,2115.0,418.0,50.0,0,0.5097011000034399
61,Extra700,10,10,10,8795.108,427,10,1,27,6597.008569334206,6192.107907589626,4110.008569334207,2082.0993382554198,2135.0,418.0,50.0,0,0.7740790999960154
62,Base,12,12,12,8430.496,370,12,1,27,6198.8719793931805,6157.496139389157,4081.871979393182,2075.6241599959735,1850.0,363.0,60.0,0,0.5408813999965787
62,Extra450,12,12,12,8449.827,368,12,1,27,6198.8719793931805,6186.826572130119,4081.871979393182,2104.954592736937,1840.0,363.0,60.0,0,0.5658368000003975
62,Extra700,12,12,12,8562.125,371,12,1,27,6198.8719793931805,6284.124977126667,4081.871979393182,2202.2529977334843,1855.0,363.0,60.0,0,0.6999539000098594
63,Base,16,16,16,9310.403,364,16,1,27,5064.595979333307,7089.402940250748,3289.595979333309,3799.8069609174427,1820.0,321.0,80.0,0,1.6609468999959063
63,Extra450,16,16,16,8284.782,346,16,1,27,5064.595979333307,6142.781702643809,3289.595979333309,2853.1857233105034,1730.0,332.0,80.0,0,1.3362358000013046
63,Extra700,16,16,16,8243.382,345,16,1,27,5064.595979333307,6110.382186897473,3289.595979333309,2820.7862075641656,1725.0,328.0,80.0,0,1.2592881000018679
64,Base,12,12,12,8372.302,403,12,1,27,6276.8719793931805,5904.302252408497,4081.871979393182,1822.4302730153192,2015.0,393.0,60.0,0,0.7346752000157721
64,Extra450,12,12,12,8300.782,397,12,1,27,6276.8719793931805,5868.781845069337,4081.871979393182,1786.9098656761564,1985.0,387.0,60.0,0,0.6952339999843389
64,Extra700,12,12,12,8342.113,397,12,1,27,6276.8719793931805,5910.1129898845,4081.871979393182,1828.24101049132,1985.0,387.0,60.0,0,0.7210697999980766
65,Base,10,10,10,7944.064,384,10,1,27,6336.889464869157,5595.063884920393,4100.889464869158,1494.1744200512346,1920.0,379.0,50.0,0,0.33893080000416376
65,Extra450,10,10,10,7892.125,383,10,1,27,6336.889464869157,5548.125255547106,4100.889464869158,1447.2357906779496,1915.0,379.0,50.0,0,0.42644450001535006
65,Extra700,10,10,10,7940.21,384,10,1,27,6336.889464869157,5591.209712946518,4100.889464869158,1490.32024807736,1920.0,379.0,50.0,0,0.517173099971842
66,Base,14,14,14,8802.492,366,14,1,27,6084.8719793931805,6555.49211468944,4081.871979393182,2473.620135296256,1830.0,347.0,70.0,0,1.3812274999800138
66,Extra450,14,14,14,8601.215,356,14,1,27,6084.8719793931805,6404.215261728259,4081.871979393182,2322.343282335073,1780.0,347.0,70.0,0,1.134966700017685
66,Extra700,14,14,14,8777.534,360,14,1,27,6084.8719793931805,6560.533565448206,4081.871979393182,2478.6615860550214,1800.0,347.0,70.0,0,1.4399060000141617
67,Base,16,16,16,9152.384,363,16,1,27,5466.944821041598,6907.383809160362,3745.9448210415985,3161.4389881187667,1815.0,350.0,80.0,0,1.2686291999998502
67,Extra450,16,16,16,9051.117,369,16,1,27,5466.944821041598,6769.116659663344,3745.9448210415985,3023.1718386217485,1845.0,357.0,80.0,0,1.3690691999800038
67,Extra700,16,16,16,9473.833,373,16,1,27,5466.944821041598,7167.832798232153,3745.9448210415985,3421.8879771905595,1865.0,361.0,80.0,0,1.7859181999810971
68,Base,12,12,12,9842.386,397,12,1,27,6300.8719793931805,7415.386095369977,4081.871979393182,3333.5141159767954,1985.0,382.0,60.0,0,0.7266644999908749
68,Extra450,12,12,12,9713.99,389,12,1,27,6300.8719793931805,7326.990490957091,4081.871979393182,3245.118511563909,1945.0,382.0,60.0,0,0.6512984999862965
68,Extra700,12,12,12,9724.869,389,12,1,27,6300.8719793931805,7337.868589227646,4081.871979393182,3255.996609834465,1945.0,382.0,60.0,0,0.6971071000152733
69,Base,13,13,13,8026.946,322,13,1,27,5916.871979393181,6034.94576049629,4081.871979393182,1953.0737811031097,1610.0,317.0,65.0,0,0.6840244999912102
69,Extra450,13,13,13,8078.069,322,13,1,27,5916.871979393181,6086.068724753871,4081.871979393182,2004.1967453606908,1610.0,317.0,65.0,0,0.7841536999912933
69,Extra700,13,13,13,8254.362,324,13,1,27,5916.871979393181,6252.361835197094,4081.871979393182,2170.489855803913,1620.0,317.0,65.0,0,0.8832876000087708
70,Base,14,14,14,9110.899,344,14,1,27,5933.776508361458,7005.898947904551,4100.776508361459,2905.1224395430922,1720.0,315.0,70.0,0,1.4759575000207406
70,Extra450,14,14,14,8720.809,324,14,1,27,5933.776508361458,6715.809371644106,4100.776508361459,2615.032863282646,1620.0,315.0,70.0,0,0.8173483999853488
70,Extra700,14,14,14,8755.278,324,14,1,27,5933.776508361458,6750.277772227743,4100.776508361459,2649.5012638662824,1620.0,315.0,70.0,0,0.8640064999926835
71,Base,11,11,11,8903.467,389,11,1,27,6246.8719793931805,6532.467035573926,4081.871979393182,2450.5950561807454,1945.0,371.0,55.0,0,1.0908455000026152
71,Extra450,11,11,11,9024.238,391,11,1,27,6246.8719793931805,6643.237987265683,4081.871979393182,2561.3660078725034,1955.0,371.0,55.0,0,1.2768760999897495
71,Extra700,11,11,11,8969.749,386,11,1,27,6246.8719793931805,6613.749373646171,4081.871979393182,2531.8773942529906,1930.0,371.0,55.0,0,1.1480230999877676
72,Base,16,16,16,8634.717,320,16,1,27,5502.944821041598,6648.7167654291725,3745.9448210415985,2902.771944387575,1600.0,306.0,80.0,0,1.092364699987229
72,Extra450,16,16,16,8593.213,314,16,1,27,5502.944821041598,6637.213103622319,3745.9448210415985,2891.268282580721,1570.0,306.0,80.0,0,0.9269210000056773
72,Extra700,16,16,16,8663.473,314,16,1,27,5502.944821041598,6707.472888697731,3745.9448210415985,2961.5280676561333,1570.0,306.0,80.0,0,1.0255304999882355
73,Base,13,13,13,9048.919,361,13,1,27,6126.8719793931805,6828.918516416392,4081.871979393182,2747.0465370232096,1805.0,350.0,65.0,0,0.8880135999934282
73,Extra450,13,13,13,9214.681,361,13,1,27,6126.8719793931805,6994.681257488732,4081.871979393182,2912.809278095551,1805.0,350.0,65.0,0,0.9320235000050161
73,Extra700,13,13,13,9097.579,360,13,1,27,6126.8719793931805,6882.579273585271,4081.871979393182,2800.7072941920896,1800.0,350.0,65.0,0,1.0142977999930736
74,Base,16,16,16,6832.722,249,16,1,27,4057.669371285619,5276.721611073136,2829.669371285619,2447.052239787518,1245.0,231.0,80.0,0,1.144081999984337
74,Extra450,16,16,16,7378.358,252,16,1,27,4057.669371285619,5804.3581940352815,2829.669371285619,2974.6888227496634,1260.0,234.0,80.0,0,1.3877769999962766
74,Extra700,16,16,16,7083.425,249,16,1,27,4057.669371285619,5526.424914625346,2829.669371285619,2696.7555433397265,1245.0,232.0,80.0,0,1.2995693999982905
75,Base,15,15,15,8761.567,342,15,1,27,5940.8719793931805,6652.5669658226625,4081.871979393182,2570.694986429484,1710.0,324.0,75.0,0,1.2588459999824408
75,Extra450,15,15,15,8991.821,335,15,1,27,5940.8719793931805,6916.82059345997,4081.871979393182,2834.9486140667905,1675.0,325.0,75.0,0,1.130176999984542
75,Extra700,15,15,15,8842.038,334,15,1,27,5940.8719793931805,6772.038327320872,4081.871979393182,2690.166347927692,1670.0,325.0,75.0,0,1.1560430999961682
76,Base,16,16,16,8236.577,313,16,1,27,5084.787012814365,6298.576932422374,3417.7870128143663,2880.7899196080084,1565.0,293.0,80.0,0,1.1397656000044663
76,Extra450,16,16,16,8118.348,306,16,1,27,5084.787012814365,6215.34849520491,3417.7870128143663,2797.561482390544,1530.0,293.0,80.0,0,1.150791299995035
76,Extra700,16,16,16,8069.954,304,16,1,27,5084.787012814365,6176.9542016680925,3417.7870128143663,2759.167188853726,1520.0,293.0,80.0,0,1.126381100009894
77,Base,11,11,11,8950.178,384,11,1,27,6198.8719793931805,6611.178172364672,4081.871979393182,2529.306192971491,1920.0,364.0,55.0,0,1.0503159000072628
77,Extra450,11,11,11,8914.291,382,11,1,27,6198.8719793931805,6585.2913759742,4081.871979393182,2503.419396581016,1910.0,364.0,55.0,0,1.2383431000052951
77,Extra700,11,11,11,8794.34,380,11,1,27,6198.8719793931805,6475.339790083077,4081.871979393182,2393.4678106898937,1900.0,364.0,55.0,0,1.2635386000038125
78,Base,14,14,14,8403.903,307,14,1,27,5762.86737516144,6507.902507184462,4084.8673751614397,2423.035132023024,1535.0,291.0,70.0,0,0.8568061999976635
78,Extra450,14,14,14,8570.878,306,14,1,27,5762.86737516144,6679.877553078243,4084.8673751614397,2595.010177916806,1530.0,291.0,70.0,0,0.8939415999921039
78,Extra700,14,14,14,8810.723,310,14,1,27,5762.86737516144,6899.722514299278,4084.8673751614397,2814.855139137839,1550.0,291.0,70.0,0,1.191618099983316
79,Base,16,16,16,6717.526,207,16,1,27,2957.0049834195615,5427.52614989984,2006.0049834195618,3421.5211664802796,1035.0,175.0,80.0,0,1.0881593999802135
79,Extra450,16,16,16,6239.865,188,16,1,27,2957.0049834195615,5045.865490889653,2006.0049834195618,3039.8605074700913,940.0,174.0,80.0,0,1.1146115000010468
79,Extra700,16,16,16,6380.954,189,16,1,27,2957.0049834195615,5182.953639738987,2006.0049834195618,3176.948656319426,945.0,173.0,80.0,0,1.06283720000647
80,Base,14,14,14,9087.707,430,14,1,27,6338.321824146126,6460.7065477478745,4145.321824146127,2315.384723601748,2150.0,407.0,70.0,0,0.8840951999882236
80,Extra450,14,14,14,9023.677,420,14,1,27,6338.321824146126,6462.677399199261,4145.321824146127,2317.3555750531345,2100.0,391.0,70.0,0,0.7343677000026219
80,Extra700,14,14,14,9850.121,434,14,1,27,6338.321824146126,7217.121108335254,4145.321824146127,3071.7992841891287,2170.0,393.0,70.0,0,1.0707833000051323
81,Base,13,13,13,8908.162,343,13,1,27,6024.8719793931805,6793.162068537931,4081.871979393182,2711.290089144747,1715.0,335.0,65.0,0,0.8384293999988586
81,Extra450,13,13,13,8861.632,339,13,1,27,6024.8719793931805,6766.631544967196,4081.871979393182,2684.7595655740124,1695.0,335.0,65.0,0,0.70483490001061
81,Extra700,13,13,13,9529.778,351,13,1,27,6024.8719793931805,7373.777693791821,4081.871979393182,3291.905714398637,1755.0,336.0,65.0,0,1.2316567999951076
82,Base,11,11,11,8727.113,385,11,1,27,6363.64525161764,6366.112613653796,4121.645251617641,2244.4673620361536,1925.0,381.0,55.0,0,0.5133367000089493
82,Extra450,11,11,11,8727.113,385,11,1,27,6363.64525161764,6366.112613653796,4121.645251617641,2244.4673620361536,1925.0,381.0,55.0,0,0.5561991000140551
82,Extra700,11,11,11,9215.337,394,11,1,27,6363.64525161764,6809.3373819732,4121.645251617641,2687.6921303555596,1970.0,381.0,55.0,0,0.9991657999926247
83,Base,11,11,11,8566.608,386,11,1,27,6264.8719793931805,6208.608163136871,4081.871979393182,2126.7361837436874,1930.0,373.0,55.0,0,0.7300566000049002
83,Extra450,11,11,11,8675.424,386,11,1,27,6264.8719793931805,6317.423904467343,4081.871979393182,2235.551925074161,1930.0,373.0,55.0,0,0.8733984999998938
83,Extra700,11,11,11,8703.993,383,11,1,27,6264.8719793931805,6360.993171957697,4081.871979393182,2279.1211925645134,1915.0,373.0,55.0,0,0.8684006000112277
84,Base,13,13,13,8038.069,345,13,1,27,6006.8719793931805,5915.068729602248,4081.871979393182,1833.1967502090704,1725.0,333.0,65.0,0,0.877169799990952
84,Extra450,13,13,13,8130.746,346,13,1,27,6006.8719793931805,6002.745876286857,4081.871979393182,1920.8738968936789,1730.0,333.0,65.0,0,1.003492499992717
84,Extra700,13,13,13,8553.813,352,13,1,27,6006.8719793931805,6394.813089222192,4081.871979393182,2312.9411098290116,1760.0,334.0,65.0,0,1.4429436000064015
85,Base,12,12,12,8796.083,381,12,1,27,6120.8719793931805,6481.082516294786,4081.871979393182,2399.2105369016076,1905.0,350.0,60.0,0,1.5330154999974184
85,Extra450,12,12,12,8317.682,360,12,1,27,6120.8719793931805,6107.682105580247,4081.871979393182,2025.8101261870636,1800.0,350.0,60.0,0,0.8427288999955636
85,Extra700,12,12,12,8431.73,361,12,1,27,6120.8719793931805,6216.729660508594,4081.871979393182,2134.8576811154103,1805.0,350.0,60.0,0,0.977483900001971
86,Base,16,16,16,6252.068,224,16,1,27,3023.2858469167954,4839.068339898937,2000.2858469167952,2838.7824929821395,1120.0,213.0,80.0,0,1.163103200000478
86,Extra450,16,16,16,5669.651,208,16,1,27,3023.2858469167954,4348.651141715685,2000.2858469167952,2348.365294798891,1040.0,201.0,80.0,0,1.021260200010147
86,Extra700,16,16,16,5659.131,208,16,1,27,3023.2858469167954,4338.130592309462,2000.2858469167952,2337.844745392667,1040.0,201.0,80.0,0,1.1153621999837924
87,Base,16,16,16,9205.306,358,16,1,27,4835.14031149368,7004.306459509846,3168.140311493682,3836.166148016165,1790.0,331.0,80.0,0,1.3832761999801733
87,Extra450,16,16,16,9184.024,366,16,1,27,4835.14031149368,6934.023611427961,3168.140311493682,3765.883299934281,1830.0,340.0,80.0,0,1.5002546999894548
87,Extra700,16,16,16,9916.845,374,16,1,27,4835.14031149368,7627.844886347643,3168.140311493682,4459.704574853961,1870.0,339.0,80.0,0,1.9420756000035908
88,Base,11,11,11,7982.329,363,11,1,27,6180.8719793931805,5752.328767024147,4081.871979393182,1670.4567876309657,1815.0,360.0,55.0,0,0.613055699999677
88,Extra450,11,11,11,8161.072,367,11,1,27,6180.8719793931805,5911.071687497079,4081.871979393182,1829.1997081038953,1835.0,360.0,55.0,0,0.8392447000078391
88,Extra700,11,11,11,8195.751,366,11,1,27,6180.8719793931805,5950.751287305696,4081.871979393182,1868.8793079125116,1830.0,360.0,55.0,0,0.9078560000052676
89,Base,16,16,16,9109.154,335,16,1,27,5425.011569799535,7060.154450768752,3747.011569799536,3313.142880969222,1675.0,294.0,80.0,0,2.312390000006417
89,Extra450,16,16,16,9270.624,334,16,1,27,5425.011569799535,7227.624194105332,3747.011569799536,3480.6126243057984,1670.0,293.0,80.0,0,2.037887399987085
89,Extra700,16,16,16,8309.735,308,16,1,27,5425.011569799535,6394.735146286322,3747.011569799536,2647.723576486788,1540.0,295.0,80.0,0,1.0330912999925204
90,Base,15,15,15,8503.861,313,15,1,27,5850.879779075918,6559.861013941443,4088.8797790759186,2470.9812348655228,1565.0,304.0,75.0,0,0.7543512000120245
90,Extra450,15,15,15,8544.326,313,15,1,27,5850.879779075918,6600.325682552687,4088.8797790759186,2511.445903476768,1565.0,304.0,75.0,0,0.9086484000144992
90,Extra700,15,15,15,8611.107,313,15,1,27,5850.879779075918,6667.107347570255,4088.8797790759186,2578.2275684943356,1565.0,304.0,75.0,0,0.9363457999716047
91,Base,10,10,10,8112.218,395,10,1,27,6426.296090428553,5700.218278614729,4130.296090428555,1569.9221881861727,1975.0,387.0,50.0,0,0.4970626000140328
91,Extra450,10,10,10,8118.827,393,10,1,27,6426.296090428553,5716.826726111532,4130.296090428555,1586.530635682976,1965.0,387.0,50.0,0,0.4580069999792613
91,Extra700,10,10,10,8155.096,394,10,1,27,6426.296090428553,5748.095880999875,4130.296090428555,1617.7997905713187,1970.0,387.0,50.0,0,0.5619938000163529
92,Base,10,10,10,8759.519,433,10,1,27,6534.8719793931805,6128.519330501831,4081.871979393182,2046.6473511086533,2165.0,416.0,50.0,0,0.7142068000102881
92,Extra450,10,10,10,9066.221,438,10,1,27,6534.8719793931805,6410.221026938381,4081.871979393182,2328.3490475452036,2190.0,416.0,50.0,0,0.9474898999906145
92,Extra700,10,10,10,8931.812,430,10,1,27,6534.8719793931805,6315.811800740402,4081.871979393182,2233.9398213472223,2150.0,416.0,50.0,0,0.9218877000093926
93,Base,13,13,13,8301.567,301,13,1,27,5796.339060460176,6441.567321791512,4118.339060460177,2323.2282613313346,1505.0,290.0,65.0,0,0.7462876999925356
93,Extra450,13,13,13,8344.511,298,13,1,27,5796.339060460176,6499.511114523329,4118.339060460177,2381.172054063152,1490.0,290.0,65.0,0,0.7505416999920271
93,Extra700,13,13,13,8438.934,298,13,1,27,5796.339060460176,6593.93433565653,4118.339060460177,2475.5952751963537,1490.0,290.0,65.0,0,0.8217935999855399
94,Base,16,16,16,9198.39,326,16,1,27,5138.787012814365,7179.389603686473,3417.7870128143663,3761.6025908721067,1630.0,309.0,80.0,0,1.1266694999940228
94,Extra450,16,16,16,9320.016,324,16,1,27,5138.787012814365,7314.016001042098,3417.7870128143663,3896.2289882277337,1620.0,306.0,80.0,0,1.1793792999815196
94,Extra700,16,16,16,9436.218,326,16,1,27,5138.787012814365,7420.218124515109,3417.7870128143663,4002.4311117007437,1630.0,306.0,80.0,0,1.2977385999984108
95,Base,15,15,15,9128.654,339,15,1,27,5925.578070018864,7043.654498185512,4103.578070018865,2940.0764281666484,1695.0,315.0,75.0,0,1.1538297999941278
95,Extra450,15,15,15,8857.896,329,15,1,27,5925.578070018864,6822.896319904604,4103.578070018865,2719.318249885738,1645.0,315.0,75.0,0,0.9511346000072081
95,Extra700,15,15,15,9229.531,332,15,1,27,5925.578070018864,7178.531318842459,4103.578070018865,3074.953248823596,1660.0,316.0,75.0,0,1.0701735000184271
96,Base,13,13,13,9264.29,339,13,1,27,5868.871979393181,7195.289551507636,4081.871979393182,3113.417572114457,1695.0,309.0,65.0,0,1.006852299993625
96,Extra450,13,13,13,9339.06,335,13,1,27,5868.871979393181,7290.060089537461,4081.871979393182,3208.1881101442823,1675.0,309.0,65.0,0,1.0117741000140086
96,Extra700,13,13,13,9314.913,331,13,1,27,5868.871979393181,7285.913437437871,4081.871979393182,3204.04145804469,1655.0,309.0,65.0,0,0.9533788000117056
97,Base,12,12,12,7845.172,335,12,1,27,6031.725674405755,5781.172111458883,4101.725674405756,1679.4464370531268,1675.0,329.0,60.0,0,0.6162859000032768
97,Extra450,12,12,12,7902.306,335,12,1,27,6031.725674405755,5838.30646677001,4101.725674405756,1736.5807923642528,1675.0,329.0,60.0,0,0.6221609000058379
97,Extra700,12,12,12,7837.491,333,12,1,27,6031.725674405755,5783.49143293997,4101.725674405756,1681.7657585342122,1665.0,329.0,60.0,0,0.5793793000048026
98,Base,14,14,14,8161.983,337,14,1,27,5982.8719793931805,6079.983294633746,4081.871979393182,1998.111315240565,1685.0,327.0,70.0,0,0.7464218999957666
98,Extra450,14,14,14,8104.856,334,14,1,27,5982.8719793931805,6037.856058081022,4081.871979393182,1955.9840786878408,1670.0,327.0,70.0,0,0.7903766000235919
98,Extra700,14,14,14,8264.454,335,14,1,27,5982.8719793931805,6192.453639995547,4081.871979393182,2110.581660602365,1675.0,327.0,70.0,0,0.6663382000115234
99,Base,13,13,13,10113.656,394,13,1,27,6144.8719793931805,7717.655673171174,4081.871979393182,3635.7836937779953,1970.0,361.0,65.0,0,0.9522256999916863
99,Extra450,13,13,13,9751.014,379,13,1,27,6144.8719793931805,7433.014288982608,4081.871979393182,3351.1423095894274,1895.0,358.0,65.0,0,0.8245115999889094
99,Extra700,13,13,13,9967.132,379,13,1,27,6144.8719793931805,7649.13216853736,4081.871979393182,3567.2601891441777,1895.0,358.0,65.0,0,0.834947800001828
100,Base,12,12,12,8364.969,361,12,1,27,6084.610376437881,6157.969188849041,4082.610376437882,2075.3588124111625,1805.0,342.0,60.0,0,0.569496199983405
100,Extra450,12,12,12,8282.86,351,12,1,27,6084.610376437881,6125.860125537787,4082.610376437882,2043.2497490999065,1755.0,342.0,60.0,0,0.45030699999188073
100,Extra700,12,12,12,8366.687,351,12,1,27,6084.610376437881,6209.686993020145,4082.610376437882,2127.0766165822643,1755.0,342.0,60.0,0,0.48056630001519807
