case,strategy,source_count,cleared_channels,all_cleared,total_virtual_time_s,search_end_time_s,measure_total,measure_search,measure_post,measure_search_no_signal,measure_post_no_signal,measure_post_direction,clear_total,clear_post_success,clear_post_fail,stations_search,stations_post,distance_m,distance_post_m,wall_time_s
1,B,13,13,1,8815.608,6225.3089423972,371,356,15,330,2,13,13,12,0,28,27,32653.04059551537,12226.49588352937,0.23567250001360662
1,C,13,13,1,8716.381,5578.5264323263955,348,325,23,299,6,17,13,13,0,29,36,32881.90372182819,14734.271560196219,0.4754873000201769
2,B,10,10,1,8355.64,6313.181554192147,391,367,24,347,17,7,10,9,0,28,33,29888.201930029125,9352.294159068377,0.49892240000190213
2,C,10,10,1,9137.471,6094.526432326396,454,411,43,392,36,7,10,10,0,29,48,31997.35545013426,13849.723288502293,0.56632990000071
3,B,14,14,1,9469.437,5988.871979393181,359,318,41,290,24,17,14,14,0,27,55,36377.18445731508,15967.824560349192,0.7820808999822475
3,C,14,14,1,9403.988,5607.370546077941,393,327,66,300,52,14,14,13,0,30,56,35059.93845373403,16853.08572334433,0.528255299985176
4,B,12,12,1,8243.276,6452.325128897371,404,388,16,364,7,9,12,9,0,30,25,28841.380673421718,8289.755028934858,0.33912819999386556
4,C,12,12,1,9358.157,6257.310839534488,491,435,56,413,42,14,12,11,0,30,33,31805.783030643397,13589.228832970954,0.3763533000019379
5,B,13,13,1,7829.194,6110.876956208587,323,313,10,287,3,7,13,8,0,32,18,29155.971165629,8111.586384586056,0.22953040001448244
5,C,13,13,1,9208.385,6228.242984163503,488,419,69,395,60,9,13,10,0,32,44,31161.924519749857,12660.70959893235,0.48325660001137294
6,B,13,13,1,8466.638,6254.98108235801,379,352,27,326,12,15,13,10,0,30,37,30738.187956293285,10093.282544503245,0.3315803000004962
6,C,13,13,1,8360.559,5662.5264323263955,393,339,54,314,41,13,13,13,0,29,44,29797.79579486309,11650.163633231125,0.6238720000255853
7,B,16,16,1,8077.055,5681.046719010199,358,337,21,306,12,9,16,13,0,27,33,29315.27373622453,11090.040141173522,0.38611190000665374
7,C,16,16,1,7437.563,5417.558058479395,340,324,16,294,6,10,16,14,0,30,24,26627.81285691855,9305.022564521565,0.2151890000095591
8,B,12,12,1,8464.128,6482.928147178419,412,393,19,369,10,9,12,10,0,29,29,29720.6418008151,9141.001064923012,0.5382756000035442
8,C,12,12,1,8092.581,6232.526432326396,456,434,22,411,10,12,12,12,0,29,23,26512.906429060633,8365.274267428666,0.308477300015511
9,B,14,14,1,8627.974,6098.631613182439,342,331,11,303,2,9,14,13,0,28,24,32554.86965966737,12011.711593755172,0.2726699000049848
9,C,14,14,1,8690.406,5972.322117178395,433,386,47,360,35,12,14,13,0,30,36,30207.031428801176,11945.42084290919,0.5146975000097882
10,B,12,12,1,8532.038,6418.730874728609,393,387,6,363,0,6,12,11,0,28,17,30575.18755465811,10111.533181015058,0.1964985000086017
10,C,12,12,1,9353.525,6165.628643108586,486,422,64,399,52,12,12,11,0,30,43,31982.624517698638,13834.481302155711,0.622422699991148
11,B,14,14,1,8619.688,6390.7362982517425,383,366,17,338,5,12,14,10,0,31,27,31298.441856394955,10419.760365136239,0.46687800000654534
11,C,14,14,1,8310.178,5909.436044628935,388,374,14,346,3,11,14,12,0,31,26,29590.88867489755,11308.708451752886,0.3979562999738846
12,B,14,14,1,8235.404,6437.914236217753,397,383,14,355,6,8,14,10,0,31,24,28952.01869993126,8347.447518842488,0.3478592000028584
12,C,14,14,1,9314.339,6040.369700029722,467,400,67,374,51,16,14,13,0,30,45,32251.69504132052,14069.846541171926,0.4092419000226073
13,B,15,15,1,8117.549,5859.213957887523,300,291,9,261,4,5,15,12,0,30,21,31237.7442637145,10741.674474276882,0.26898419999633916
13,C,15,15,1,9270.024,5962.5264323263955,466,389,77,362,63,14,15,15,0,29,45,32080.11853831629,13932.486376684325,0.6939434000232723
14,B,15,15,1,8950.912,5953.409536206341,345,309,36,280,25,11,15,13,0,29,47,34154.56044778471,13702.512766752994,0.7817253999819513
14,C,15,15,1,10594.571,6022.526432326396,565,399,166,372,150,16,15,15,0,29,68,35702.85332627289,17555.221164640916,1.028314200026216
15,B,13,13,1,8643.157,6369.231850791807,390,378,12,352,0,12,13,12,0,28,24,31205.78362001145,10719.624366052403,0.37645930002327077
15,C,13,13,1,9793.916,6070.526432326396,475,407,68,382,56,12,13,13,0,29,57,34574.57795520143,16426.945793569455,0.4917546000215225
16,B,12,12,1,10518.905,6669.044910262645,523,425,98,402,88,10,12,10,0,29,65,36734.525079928324,16184.300528615107,0.9810767000017222
16,C,12,12,1,8313.546,6183.045187258224,448,424,24,401,14,10,12,11,0,30,24,27877.729236400202,9702.503300109085,0.20316380000440404
17,B,15,15,1,8720.685,6331.41139492748,388,364,24,334,14,10,15,13,0,29,37,31658.422505436287,10966.365530798888,0.595078000013018
17,C,15,15,1,9248.381,5924.024824225964,424,381,43,352,27,16,15,14,0,30,41,33216.902922959285,15046.778801829456,0.526368699996965
18,B,12,12,1,8417.885,6345.204976319684,393,368,25,344,17,8,12,9,0,30,34,30094.422891395436,9478.398009797012,0.6586713000142481
18,C,12,12,1,8695.036,5890.5264323263955,404,377,27,353,13,14,12,12,0,29,39,31135.178189483704,12987.546027851728,0.47658819999196567
19,B,13,13,1,8066.6,6396.766909644231,380,372,8,346,0,8,13,10,0,30,18,28627.99933259502,7874.164784373859,0.1606984999962151
19,C,13,13,1,9848.03,6099.557993246914,510,411,99,387,86,13,13,12,0,30,55,33720.149658949915,15572.359692715358,0.5267292000062298
20,B,13,13,1,8479.901,6377.844457852866,384,371,13,345,6,7,13,10,0,30,23,30589.505090016068,9900.282800751738,0.2829075999907218
20,C,13,13,1,9009.107,5944.5264323263955,435,386,49,361,34,15,13,13,0,29,40,31795.534891859283,13647.902730227315,0.4018592000065837
21,B,12,12,1,9004.667,6432.616475344413,406,384,22,360,12,10,12,8,0,31,30,32623.337320470975,12075.254943748912,0.32528959997580387
21,C,12,12,1,8158.148,5919.957648659456,405,381,24,358,12,12,12,11,0,30,34,28420.741962426036,10270.953719128762,0.49897149999742396
22,B,13,13,1,8508.414,6177.556763923687,358,341,17,315,4,13,13,12,0,28,29,31512.069924914074,10874.286105295638,0.374649400007911
22,C,13,13,1,8334.55,5818.918826267438,383,356,27,330,13,14,13,11,0,31,38,29947.751572580535,11578.157441243353,0.38638300000457093
23,B,12,12,1,8364.757,6511.796489095311,396,385,11,361,5,6,12,7,0,32,18,29673.786734184072,8784.804288707503,0.2971108000201639
23,C,12,12,1,8619.532,6094.526432326396,448,411,37,388,24,12,12,12,0,29,34,29447.660505457505,11300.02834382552,0.44323060000897385
24,B,11,11,1,9049.17,6286.938376629963,382,363,19,341,8,11,11,10,0,28,29,33565.849885739204,13041.15800258939,0.5012250000145286
24,C,11,11,1,8840.544,6133.599721433224,437,416,21,395,11,10,11,10,0,30,30,30887.719649946604,12719.721042780488,0.4581387999933213
25,B,12,12,1,8582.596,6417.339653355351,398,383,15,359,7,8,12,9,0,30,24,30722.979210414313,10196.280943637552,0.37632000001030974
25,C,12,12,1,8544.784,5785.212792253274,375,354,21,330,7,14,12,10,0,31,31,31238.921412690306,12977.857451423935,0.3662219000107143
26,B,10,10,1,8538.593,6426.8719793931805,399,391,8,371,2,6,10,10,0,27,18,30492.966887213093,10083.606990247188,0.22154009999940172
26,C,10,10,1,9252.303,6328.180525291938,496,440,56,422,49,7,10,8,0,31,40,31211.516742252366,12815.61411579268,0.35896929999580607
27,B,15,15,1,8768.308,6285.913892560822,374,356,18,326,8,10,15,11,0,31,29,32296.540553138377,11641.971090334282,0.41703499999130145
27,C,15,15,1,8148.327,5590.5264323263955,345,327,18,298,2,16,15,15,0,29,32,30041.6354417075,11894.003280075529,0.49625100000412203
28,B,11,11,1,9242.675,6667.292280128484,438,421,17,399,7,10,11,9,0,29,26,32833.37547984708,12171.914079204667,0.32264880000730045
28,C,11,11,1,9227.858,6145.700957374678,475,417,58,396,47,11,11,10,0,30,42,31709.289637431,13510.784850557626,0.5544025999843143
29,B,15,15,1,8581.502,5717.936703395463,295,269,26,239,13,13,15,13,0,29,39,33762.508145945685,13287.82462896837,0.6601978999970015
29,C,15,15,1,9601.497,5874.186326234185,435,370,65,342,51,14,15,13,0,31,55,34697.48624678127,16471.55461561035,0.694844399986323
30,B,11,11,1,8688.504,6394.6855349661155,388,373,15,351,6,9,11,8,0,30,23,31572.52153249945,10859.093857668871,0.3412118999985978
30,C,11,11,1,8834.238,6189.0474041151765,477,424,53,403,44,9,11,9,0,31,41,29681.1900416161,11500.953021040219,0.6365261000173632
31,B,11,11,1,8431.915,6595.223592617638,428,415,13,393,5,8,11,8,0,30,21,29079.57442454936,8623.45646146117,0.3160265000187792
31,C,11,11,1,9731.99,6064.526432326396,500,406,94,386,83,11,11,11,0,29,63,33529.95099276602,15382.318831134036,0.760152900009416
32,B,14,14,1,9210.809,6048.039162529364,394,327,67,301,55,12,14,13,0,28,47,33984.04697058492,13573.851157938094,0.5499939000001177
32,C,14,14,1,9978.445,6052.526432326396,514,404,110,379,96,14,14,14,0,29,61,34207.224112231124,16059.591950599162,1.121785399998771
33,B,11,11,1,8513.323,6608.3313353725,423,413,10,391,4,6,11,8,0,30,18,29631.61381277576,9049.957135913255,0.18388289998983964
33,C,11,11,1,8265.149,6060.236450109597,410,397,13,375,5,8,11,10,0,30,23,28780.744455558146,10409.56220501017,0.2941539000021294
34,B,13,13,1,8092.071,6368.378042930726,382,371,11,345,3,8,13,10,0,30,21,28695.353422219898,8053.4632075662685,0.2743676999816671
34,C,13,13,1,9405.14,5818.5264323263955,466,365,101,341,91,10,13,13,0,29,52,32750.699361057734,14603.067199425755,0.6164679999928921
35,B,15,15,1,8988.55,6048.8719793931805,360,328,32,298,19,13,15,15,0,27,47,33872.75023430474,13463.390337338826,0.7903519000101369
35,C,15,15,1,8877.625,5972.470089686696,430,386,44,358,30,14,15,13,0,31,38,31168.127352685602,12930.776904252136,0.48144289999618195
36,B,13,13,1,8647.166,6074.487902413164,341,325,16,299,6,10,13,10,0,30,26,32725.828126115015,12173.388614049203,0.3061953999858815
36,C,13,13,1,8112.547,5841.143582639586,386,365,21,339,12,9,13,10,0,32,31,28722.73663422849,10537.018721030561,0.521755599998869
37,B,12,12,1,9273.921,6563.238753310971,435,404,31,381,25,6,12,9,0,30,38,33149.60412338007,12523.410356825209,0.3933858999807853
37,C,12,12,1,9949.845,6318.712881905911,535,447,88,427,76,12,12,11,0,30,48,33474.223111389925,15310.658701860386,0.42218600001069717
38,B,10,10,1,8070.537,6279.917244942429,378,365,13,345,5,8,10,9,0,28,22,28802.685067118873,8373.098842406722,0.2741387000132818
38,C,10,10,1,9315.02,6184.526432326396,494,426,68,408,58,10,10,10,0,29,49,31655.097593289796,13507.46543165781,0.45513370001572184
39,B,15,15,1,8518.509,6135.040968364804,348,327,21,297,12,9,15,11,0,31,32,31842.54466607653,11072.33982425251,0.5605216999829281
39,C,15,15,1,9039.583,5789.504956601245,422,352,70,323,53,17,15,14,0,30,48,32272.91516078587,13905.390377779659,0.803619099984644
40,B,11,11,1,8487.529,6169.458485431808,368,341,27,319,18,9,11,9,0,29,36,31227.646493697444,10655.354066538399,0.4639533000008669
40,C,11,11,1,8274.995,5992.526432326396,411,394,17,372,6,11,11,11,0,29,28,28814.975869892492,10667.343708260518,0.43078649998642504
41,B,16,16,1,8889.027,5547.949212636455,358,298,60,268,47,13,16,14,0,27,54,33380.13279613027,14625.386732948002,0.7385552000196185
41,C,16,16,1,8722.696,4475.018030854491,416,283,133,257,117,16,16,16,0,22,60,30813.47983665082,16923.389682378358,0.7050605999829713
42,B,13,13,1,8628.238,6142.301189970791,344,333,11,307,2,9,13,9,0,31,20,32526.18783212457,11899.68188227062,0.21125120000215247
42,C,13,13,1,8679.469,5998.646884416772,415,393,22,367,8,14,13,11,0,31,33,30687.347426442044,12529.113004358172,0.4341159999894444
43,B,13,13,1,7922.295,6073.2827098347425,336,321,15,295,6,9,13,11,0,29,26,29241.476570825893,8550.063021652173,0.3305986999766901
43,C,13,13,1,9085.876,5927.0480296196065,410,368,42,343,28,14,13,9,0,33,27,32849.38127637859,14349.141128280553,0.23449309999705292
44,B,10,10,1,8890.693,6612.8719793931805,437,422,15,402,5,10,10,10,0,27,25,31128.46686756082,10719.106970594903,0.3413202000083402
44,C,10,10,1,8537.637,6260.872248724956,460,435,25,416,15,10,10,8,0,31,28,28703.182697768632,10493.821454143861,0.3854973000125028
45,B,11,11,1,8426.948,6552.29179848336,427,411,16,389,9,7,11,10,0,28,26,29099.740346538532,8688.28135412173,0.46061680000275373
45,C,11,11,1,8091.761,5977.611784176529,404,384,20,363,11,9,11,10,0,30,29,28118.804235218995,9770.745314336355,0.4774692000064533
46,B,10,10,1,9198.612,6552.878914781186,436,409,27,389,16,11,10,9,0,28,36,32763.059116849665,12288.664542943727,0.5333769999851938
46,C,10,10,1,9945.768,6328.526432326396,526,450,76,431,64,12,10,10,0,29,50,33813.841508404956,15666.209346772986,0.5005028000159655
47,B,15,15,1,9433.052,6500.846816678483,448,392,56,363,40,16,15,12,0,30,40,33435.262369718286,12761.028286325867,0.7060976999928243
47,C,15,15,1,8257.933,5680.5264323263955,384,342,42,313,28,14,15,15,0,29,35,29459.66355921583,11312.031397583849,0.5069068000011612
48,B,14,14,1,7591.219,5885.742232127416,305,293,12,265,4,8,14,11,0,30,23,28481.095784290865,7912.384623653776,0.3733176999958232
48,C,14,14,1,9518.757,5757.0773627258595,424,353,71,326,56,15,14,12,0,31,54,34618.78725054002,16468.400436910746,0.583734399988316
49,B,16,16,1,9117.035,5730.553318573218,376,328,48,298,33,15,16,15,0,26,49,34040.1769735524,15247.410380686313,0.7745983000204433
49,C,16,16,1,8483.779,5215.763262621534,366,303,63,273,47,16,16,13,0,29,55,31123.893270589615,14205.076957481946,0.7739776000089478
50,B,12,12,1,8978.095,6493.783184746648,418,401,17,377,6,11,12,11,0,28,28,32100.474704654313,11681.55878092106,0.2966604999965057
50,C,12,12,1,9287.915,5731.103053264542,378,345,33,322,18,15,12,11,0,30,35,34884.573103955,16599.057837632292,0.2471736999868881
51,B,15,15,1,8929.652,6230.25821747296,376,353,23,323,7,16,15,13,0,29,36,33048.26024403983,12531.969156675032,0.6176036999968346
51,C,15,15,1,9194.64,5981.3743146106945,452,388,64,359,52,12,15,12,0,32,48,32153.198386955537,13956.326813902084,0.7724832000094466
52,B,11,11,1,8033.55,6218.5079600788995,353,349,4,327,0,4,11,8,0,30,12,29312.749297479775,8760.209497085276,0.07725760000175796
52,C,11,11,1,8202.51,6358.526432326396,490,455,35,435,25,10,11,11,0,29,27,26087.550064904364,7939.917903272389,0.32833219997701235
53,B,11,11,1,8834.485,6427.097417739711,411,388,23,366,14,9,11,10,0,28,33,31647.422907048076,11171.935818349513,0.48625299998093396
53,C,11,11,1,8341.282,6262.769246558996,450,437,13,416,4,9,11,10,0,30,23,27956.40770981296,9772.561477017993,0.2890390000247862
54,B,13,13,1,8921.695,6271.512292320823,386,350,36,324,23,13,13,10,0,30,46,32843.47255156075,12055.911089956617,0.5362943999934942
54,C,13,13,1,9308.728,5646.06922724673,394,334,60,309,43,17,13,12,0,30,51,34538.642229710276,16348.296093476622,0.5783366999821737
55,B,15,15,1,8257.065,5949.661125659709,317,304,13,274,3,10,15,12,0,30,25,31425.324828974903,10867.019200676365,0.39724439999554306
55,C,15,15,1,9429.168,5986.526432326396,418,393,25,364,5,20,15,15,0,29,40,34285.84098020756,16138.208818575584,0.6249535999959335
56,B,10,10,1,9116.851,6597.646598136134,436,417,19,398,9,10,10,9,0,28,28,32324.256674109634,11866.023683428952,0.34235789999365807
56,C,10,10,1,8311.025,6142.526432326396,441,419,22,400,11,11,10,10,0,29,28,28120.1231638468,9972.491002214825,0.366286400007084
57,B,11,11,1,8470.87,6596.518233429625,424,416,8,394,2,6,11,10,0,28,18,29379.350932044246,8896.759764896122,0.2518405999871902
57,C,11,11,1,8798.022,6120.040749599275,432,408,24,387,13,11,11,10,0,30,34,30830.108304981484,12489.904556985117,0.46768810000503436
58,B,12,12,1,8216.608,6631.6045249987055,435,423,12,399,3,9,12,11,0,28,23,27758.04208321106,7310.019458217537,0.32514120000996627
58,C,12,12,1,8351.769,6226.812118337003,443,432,11,409,1,10,12,11,0,30,21,28183.8441083494,10029.783516664393,0.23165060000610538
59,B,11,11,1,8554.086,6090.872699416612,351,334,17,312,7,10,11,10,0,28,27,32015.43032723747,11601.066830154414,0.4176189000136219
59,C,11,11,1,9955.09,6093.52647711781,505,410,95,390,82,13,11,10,0,30,57,34470.45192788548,16322.819542296429,0.6177004000055604
60,B,10,10,1,8737.883,6608.642641294416,422,409,13,390,4,9,10,7,0,30,17,30824.4164312604,10121.203224788314,0.23182670000824146
60,C,10,10,1,9551.878,6459.1967865962,542,470,72,453,64,8,10,9,0,30,34,31264.387914610463,13088.40398162948,0.4125767000077758
61,B,15,15,1,8893.996,6232.082600220232,363,336,27,306,17,10,15,9,0,33,36,33299.98004461242,12364.567043511273,0.5301597000216134
61,C,15,15,1,9052.157,5893.059453725425,454,370,84,342,71,13,15,13,0,31,53,31415.785908171438,13095.488639544306,0.7829425999952946
62,B,13,13,1,8471.015,6162.5199120538755,356,342,14,316,5,9,13,11,0,29,25,31380.07426116371,10872.474700894332,0.34042190000764094
62,C,13,13,1,8871.551,6063.595251395848,461,405,56,380,45,11,13,12,0,30,45,30307.755260949365,12159.779003970123,0.7568926999811083
63,B,11,11,1,7974.265,6417.0867185596835,384,370,14,348,5,9,11,7,0,31,21,28121.32494125433,7230.891348455912,0.34234400000423193
63,C,11,11,1,8083.493,6179.290311016778,433,419,14,397,5,9,11,9,0,31,23,27192.46429650324,8911.012741419358,0.33547120000002906
64,B,16,16,1,8516.233,6020.5689857187135,361,340,21,309,10,11,16,12,0,30,32,31416.163345391884,11608.31841679832,0.37715790001675487
64,C,16,16,1,8858.126,4921.208481566142,434,326,108,298,93,15,16,14,0,25,59,30995.631511322707,16214.589103491979,0.863423699978739
65,B,10,10,1,8225.684,6726.470031650621,443,436,7,416,2,5,10,7,0,30,14,27603.4177915268,7121.067633273697,0.13791829999536276
65,C,10,10,1,9104.551,6352.526432326396,507,454,53,436,43,10,10,10,0,29,45,30242.754296255684,12095.122134623716,0.555265100003453
66,B,14,14,1,8238.794,5898.744763193433,322,293,29,265,17,12,14,11,0,30,40,31283.970395361273,10650.246579394112,0.640683400008129
66,C,14,14,1,8699.45,5891.464013197807,402,375,27,347,13,14,14,13,0,30,40,31167.25015988586,12979.930093896819,0.5217670000274666
67,B,11,11,1,9309.501,6598.919544533138,434,415,19,393,8,11,11,9,0,29,28,33317.503097977395,12817.90537531171,0.3323322999931406
67,C,11,11,1,8903.433,6322.526432326396,484,449,35,429,25,10,11,11,0,29,32,29827.164485513313,11679.532323881338,0.36652469998807646
68,B,14,14,1,8798.635,6003.660569083322,339,316,23,288,11,12,14,12,0,29,35,33543.17433094674,13049.871485530137,0.5884543000138365
68,C,14,14,1,9261.886,6076.526432326396,440,408,32,381,19,13,14,14,0,29,37,32839.429570148954,14691.797408516984,0.46892250000382774
69,B,15,15,1,9399.33,6168.432365625786,387,344,43,315,29,14,15,13,0,29,48,35136.64841039733,14659.486582268393,0.6700960999878589
69,C,15,15,1,10102.67,5956.526432326396,499,388,111,361,92,19,15,15,0,29,64,35288.350666417835,17140.718504785866,0.9272000000055414
70,B,14,14,1,8489.392,6215.543341401833,370,349,21,321,10,11,14,11,0,30,32,31056.958787713866,10519.242080704706,0.457431099988753
70,C,14,14,1,8426.442,5872.526432326396,394,374,20,346,6,14,14,14,0,29,34,30007.208397709655,11859.576236077686,0.4549962000164669
71,B,11,11,1,9999.909,6402.066971645872,435,386,49,364,39,10,11,10,0,28,59,36884.54454576684,16474.209687537466,0.8242448999953922
71,C,11,11,1,8377.711,6058.511496676898,421,402,19,380,6,13,11,10,0,30,29,29033.555198403807,10820.997715019326,0.4339501000067685
72,B,11,11,1,7812.813,6074.86113601983,334,323,11,301,4,7,11,7,0,31,18,28794.067094041242,8204.761413942091,0.3177774000214413
72,C,11,11,1,9022.104,6226.62401029153,484,432,52,412,43,9,11,10,0,30,34,30385.522403090876,12232.402351633235,0.4844026000064332
73,B,16,16,1,6711.459,4365.6576574546225,272,253,19,222,6,13,16,15,0,20,34,25042.29460907699,10824.006321803876,0.5012320000096224
73,C,16,16,1,9112.817,5738.955499181741,457,377,80,347,66,14,16,14,0,30,55,31569.085337256398,14229.3078413477,0.7585875999939162
74,B,12,12,1,9246.616,6164.672757449098,377,344,33,320,21,12,12,11,0,28,44,34748.08191599611,14264.718128750628,0.6585006999957841
74,C,12,12,1,8870.295,6082.526432326396,460,409,51,386,40,11,12,12,0,29,37,30341.47722764961,12193.845066017635,0.4339961000077892
75,B,13,13,1,8912.697,6443.822551558955,415,387,28,361,16,12,13,11,0,29,39,31883.48693565675,11319.374177861986,0.6608308000140823
75,C,13,13,1,8858.114,5671.497385239962,385,339,46,314,31,15,13,12,0,30,39,32540.57107208673,14373.08414588693,0.4694346000032965
76,B,15,15,1,9154.252,5971.048951314662,320,304,16,274,1,15,15,12,0,30,28,35836.257826055546,15171.013069482242,0.3165588999981992
76,C,15,15,1,10631.477,5774.217398787553,549,354,195,329,181,14,15,14,0,30,75,36412.38354666594,18181.296552728167,1.0604441000032239
77,B,10,10,1,9077.777,6686.39815093803,475,433,42,414,33,9,10,9,0,28,30,30958.885729531972,10536.894974841824,0.5034022000036202
77,C,10,10,1,9477.167,6217.755697441941,497,430,67,412,58,9,10,9,0,30,41,32320.835968567946,14152.057481358246,0.2587790999969002
78,B,14,14,1,8928.622,6429.041732798142,399,384,15,356,8,7,14,12,0,29,27,32368.111957472618,11787.903293481906,0.36093259998597205
78,C,14,14,1,8716.872,5776.5264323263955,390,358,32,331,17,15,14,14,0,29,44,31634.35987369863,13486.727712066655,0.5967108999902848
79,B,15,15,1,8473.994,5958.036797147044,320,304,16,274,5,11,15,12,0,30,28,32439.970949324084,11839.786963588864,0.44619869999587536
79,C,15,15,1,9775.092,5910.186575405114,434,377,57,348,39,18,15,13,0,31,40,35590.4575194475,17394.52464242193,0.4297229000076186
80,B,14,14,1,7729.228,6098.1407458681215,330,317,13,289,1,12,14,10,0,31,23,28421.13783618773,7535.4341068471185,0.3138609000016004
80,C,14,14,1,8037.623,5722.917178909349,376,345,31,317,20,11,14,11,0,32,42,28668.1149549771,10473.529060430357,0.863112099992577
81,B,14,14,1,8711.881,5994.628591782901,326,313,13,285,3,10,14,12,0,29,25,33454.40276593839,12916.259807023876,0.25743189998320304
81,C,14,14,1,9949.183,5932.526432326396,513,384,129,359,114,14,14,14,0,29,61,34095.9172233276,15948.285061695622,0.689691599982325
82,B,10,10,1,8948.106,6498.052857202225,437,401,36,381,26,10,10,9,0,28,45,31525.529167986675,11085.26488197556,0.7228021000046283
82,C,10,10,1,8917.115,6370.526432326396,501,457,44,438,33,11,10,10,0,29,33,29410.57431237128,11262.942150739298,0.3493714999931399
83,B,13,13,1,8970.022,6227.001736043411,372,352,20,326,10,10,13,12,0,28,32,33420.110239299625,12865.101559082565,0.5979270999960136
83,C,13,13,1,9936.993,6010.494779663703,480,392,88,369,77,11,13,11,0,31,43,35034.96657900945,16787.492680690935,0.4172981999872718
84,B,10,10,1,8853.254,6504.8719793931805,425,404,21,384,11,10,10,10,0,27,31,31326.268758086393,10916.908861120492,0.5362270000041462
84,C,10,10,1,8649.939,6310.333083150146,458,446,12,426,1,11,10,9,0,30,21,29279.69686784971,11128.031452098992,0.27522499999031425
85,B,15,15,1,8901.177,6182.41817781066,399,348,51,319,39,12,15,14,0,28,43,32315.885384507845,11863.79449545453,0.4483384999912232
85,C,15,15,1,9063.59,6041.738956807771,459,397,62,369,49,13,15,12,0,32,51,31307.951494546058,13079.256710507203,0.8584874999942258
86,B,13,13,1,8632.19,6091.573317670698,346,329,17,303,7,10,13,11,0,29,28,32500.948697691212,11958.082109337724,0.4521557000116445
86,C,13,13,1,9518.018,5932.5264323263955,482,384,98,360,85,13,13,13,0,29,46,32820.08961185044,14672.457450218473,0.5197844000067562
87,B,15,15,1,8526.528,6420.963268073689,391,368,23,338,13,9,15,9,0,33,31,30607.638881227864,9687.822540859419,0.45955990001675673
87,C,15,15,1,9090.8,5884.1221350490205,416,375,41,346,26,15,15,14,0,30,43,32718.99913602403,14568.388460778953,0.6270040000090376
88,B,12,12,1,8457.895,6205.461838753449,363,346,17,322,5,12,12,11,0,28,28,31139.472993191317,10512.163799424072,0.45644629999878816
88,C,12,12,1,10582.084,6034.5264323263955,548,401,147,381,136,11,12,12,0,29,76,36245.41988163091,18097.78771999892,0.8195142000040505
89,B,13,13,1,8390.148,6190.696056996824,360,341,19,315,8,11,13,11,0,29,30,30880.74184047891,10202.26155549479,0.4813078999868594
89,C,13,13,1,8777.768,5818.912559673906,424,364,60,339,48,12,13,12,0,30,48,31018.83902997018,12864.276231600656,0.7303991999942809
90,B,14,14,1,9669.012,6442.67482850587,432,380,52,353,42,10,14,11,0,30,44,35160.057983571714,14416.68384104236,0.37145029997918755
90,C,14,14,1,9024.352,5775.145644082003,418,352,66,325,52,14,14,13,0,30,53,32336.75907071435,14041.03085030436,0.6097276999789756
91,B,12,12,1,9056.275,6185.683344519611,366,347,19,323,7,12,12,11,0,28,30,34061.37400594427,13562.957283346223,0.3356263999885414
91,C,12,12,1,9116.425,5896.5264323263955,416,378,38,355,24,14,12,12,0,29,38,32907.123433230576,14759.491271598601,0.4488193000142928
92,B,10,10,1,9469.793,6397.7946028004235,451,383,68,364,60,8,10,8,0,29,47,33693.9627104412,13239.98969643909,0.6914539000135846
92,C,10,10,1,11351.895,6413.803436563092,621,463,158,447,148,10,10,9,0,30,59,37939.47311134929,19780.45592853381,0.5814204000052996
93,B,16,16,1,8976.892,5743.712542924213,358,331,27,300,8,19,16,15,0,26,40,33814.46249148474,15045.899776863675,0.5792097999947146
93,C,16,16,1,8478.574,5628.931058786377,386,360,26,329,9,17,16,15,0,29,40,30472.869906336848,13148.214612404969,0.560591999994358
94,B,10,10,1,8914.962,6810.367485644682,472,449,23,429,13,10,10,8,0,29,31,30249.812293944728,9712.974865721304,0.42831160000059754
94,C,10,10,1,9125.287,6244.526432326396,482,436,46,417,34,12,10,10,0,29,34,31006.437399162103,12858.805237530121,0.31285799999022856
95,B,16,16,1,9857.739,5832.944821041597,412,348,64,318,42,22,16,16,0,25,58,36593.69735838241,17863.973253174434,0.9531637000036426
95,C,16,16,1,7726.393,5088.854284582213,339,312,27,281,10,17,16,15,0,26,42,28126.965803178395,12062.694380267347,0.8215889999992214
96,B,12,12,1,9742.212,6282.8719793931805,414,367,47,343,34,13,12,12,0,27,59,36181.059231814936,15771.699334849034,1.230184600019129
96,C,12,12,1,8193.447,6047.24732733897,415,401,14,377,5,9,12,11,0,30,25,28257.23289504538,10070.996258350551,0.33590299999923445
97,B,16,16,1,8971.562,5400.21718717348,388,305,83,276,69,14,16,16,0,24,60,32932.80828112885,15076.722345261429,0.824087499990128
97,C,16,16,1,7737.2,4479.369788528068,338,256,82,227,66,16,16,16,0,23,55,28226.000147379003,13504.151204738677,0.8884858000092208
98,B,16,16,1,7958.012,4603.24801460471,302,257,45,227,29,16,16,13,0,23,36,30390.061623019905,15153.821549996355,0.4870846999983769
98,C,16,16,1,9836.201,5812.752387083912,443,355,88,326,72,16,16,15,0,30,54,35596.005757017665,17202.243821598102,0.681776199984597
99,B,15,15,1,8796.922,6068.451314287262,357,330,27,300,14,13,15,14,0,28,41,32989.61122157757,12567.354650141258,0.7271949999849312
99,C,15,15,1,9890.498,5824.5264323263955,442,366,76,338,58,18,15,15,0,29,61,35917.491362831584,17769.859201199604,0.8589412999863271
100,B,14,14,1,8331.218,6135.658802423298,359,336,23,308,10,13,14,12,0,29,35,30596.0906704272,10042.796658310725,0.6344586000195704
100,C,14,14,1,8285.887,5866.5264323263955,402,373,29,345,14,15,14,14,0,29,43,29099.435919642085,10951.803758010123,0.8613736999977846
101,B,11,11,1,8196.552,6622.4511154165475,406,390,16,368,12,4,11,4,0,34,20,28597.761862567557,7355.506285484824,0.39285380000364967
101,C,11,11,1,9010.205,6211.445389991586,461,421,40,400,29,11,11,9,0,31,37,31041.026608109412,12658.79965815148,0.6712253000005148
102,B,13,13,1,8510.164,6282.08641347564,378,364,14,338,2,12,13,12,0,28,26,30915.81833107896,10445.386263700748,0.3780294999887701
102,C,13,13,1,8518.051,5902.526432326396,396,379,17,353,2,15,13,13,0,29,30,30420.25561765579,12272.623456023814,0.4601220000186004
103,B,11,11,1,8722.432,6448.158913535906,402,386,16,364,9,7,11,9,0,29,25,31332.15997334481,10716.365405665265,0.3493132000148762
103,C,11,11,1,9683.583,6472.526432326396,519,474,45,454,37,8,11,11,0,29,35,32697.913983533603,14550.28182190163,0.32216070001595654
104,B,10,10,1,9372.512,6576.752332402745,434,403,31,384,22,9,10,7,0,30,32,33707.562221682914,12983.80055966918,0.26361130000441335
104,C,10,10,1,8539.069,6134.439781970747,429,414,15,395,5,10,10,9,0,30,21,29610.344608552554,11378.145698698816,0.2756177000119351
105,B,11,11,1,8143.349,6349.11690436658,378,367,11,345,5,6,11,8,0,30,19,29131.744388027797,8466.1598661949,0.30481289999443106
105,C,11,11,1,9366.833,6316.526432326396,504,448,56,428,46,10,11,11,0,29,39,31534.166970775474,13386.534809143503,0.5048061000125017
106,B,12,12,1,8703.485,6329.266745675615,379,364,15,340,4,11,12,9,0,30,24,31887.42728376368,11231.093555385602,0.3609899999864865
106,C,12,12,1,8655.077,6249.0941859928125,437,421,16,398,5,11,12,10,0,31,25,29900.387257877595,11329.916327913548,0.3304303000040818
107,B,15,15,1,9244.002,6325.497119512731,396,372,24,342,10,13,15,14,0,28,37,34025.0094411551,13577.523843591453,0.4936129000270739
107,C,15,15,1,10370.577,5921.898596839826,502,376,126,349,113,13,15,13,0,31,58,36447.882752344376,18163.389768145265,0.5904205999977421
108,B,10,10,1,8216.429,6555.112307820741,409,400,9,380,5,3,10,7,0,30,15,28592.144210012313,7886.582670908612,0.1779433999909088
108,C,10,10,1,8964.752,6261.673049859155,458,434,24,415,13,11,10,9,0,30,33,30918.761063663173,12650.395814367386,0.4324118999938946
109,B,11,11,1,8562.72,6282.8719793931805,389,367,22,346,13,9,11,11,0,27,22,30923.59974191559,10514.239844949681,0.2803006000176538
109,C,11,11,1,9770.18,6384.0685351195925,528,456,72,436,58,14,11,9,0,31,43,32795.89867589976,14600.556000301813,0.5764025999815203
110,B,14,14,1,8651.265,6266.939969996669,384,349,35,321,23,12,14,11,0,30,46,31511.32307899847,10716.623229015137,0.765367799991509
110,C,14,14,1,8834.706,5998.526432326396,441,395,46,368,28,18,14,14,0,29,46,30698.532054791598,12550.899893159632,0.599340899992967
111,B,16,16,1,8466.035,5455.917761604188,339,302,37,271,24,13,16,13,0,27,42,31875.177256446514,13725.588448425571,0.5093801000039093
111,C,16,16,1,9348.511,5090.551058281916,408,302,106,273,86,20,16,16,0,26,65,34187.55463052879,17789.799339119207,1.0649786999856587
112,B,10,10,1,8632.595,6294.8719793931805,385,369,16,349,6,10,10,10,0,27,26,31402.973234268502,10993.613337302584,0.37924230002681725
112,C,10,10,1,9809.231,6352.526432326396,540,454,86,437,74,12,10,10,0,29,47,32631.155865584227,14483.523703952253,0.4963778000092134
113,B,16,16,1,9617.197,5490.171542716545,331,290,41,259,20,21,16,15,0,26,49,37855.98744405355,19125.12973047078,0.8458197000145447
113,C,16,16,1,8076.802,4972.854133701501,306,280,26,249,11,14,16,15,0,27,40,30869.00844503923,14424.73777653173,0.7734767999791075
114,B,14,14,1,8979.175,6219.897840668473,348,332,16,304,2,14,14,9,0,32,25,34145.87479778002,13126.38559443766,0.345656899997266
114,C,14,14,1,9920.725,5664.897453730739,442,338,104,312,92,12,14,13,0,30,58,36093.62335209562,17929.13608344193,0.8399607000174001
115,B,11,11,1,8424.022,6350.662614650373,392,377,15,355,8,7,11,10,0,28,25,30140.109554810137,9716.796481558262,0.21368640000582673
115,C,11,11,1,9502.374,6419.634801997167,526,448,78,428,68,10,11,9,0,31,40,31516.86970766745,12903.695697681607,0.4877288999850862
116,B,16,16,1,8989.217,6077.8254485676125,375,341,34,310,24,10,16,12,0,30,41,33396.083856801175,13331.956613963106,0.4854324999905657
116,C,16,16,1,10299.931,5729.048952982977,544,375,169,347,153,16,16,14,0,30,74,34899.652842042,17549.40807712711,0.8477656999893952
117,B,13,13,1,9064.47,6263.83422619573,390,355,35,329,23,12,13,11,0,29,46,33422.35043998368,12798.179309005023,0.8823139000160154
117,C,13,13,1,8390.955,5973.691114666431,415,389,26,363,15,11,13,12,0,30,38,29264.775301501857,11086.319728169727,0.4729924999992363
118,B,10,10,1,9251.919,6426.8719793931805,422,391,31,371,20,11,10,10,0,27,41,33464.59608629369,13055.236189327796,0.5690717999823391
118,C,10,10,1,9090.105,6322.7801582063275,495,447,48,428,36,12,10,9,0,30,52,30535.527163462008,12351.626372430372,0.7939539999933913
119,B,14,14,1,8507.085,5984.402559594008,333,312,21,284,11,10,14,12,0,29,33,32260.427420118536,11743.414622148503,0.5855714000063017
119,C,14,14,1,9880.825,5872.5264323263955,497,374,123,349,107,16,14,14,0,29,55,34204.12535068048,16056.493189048511,0.9387906999909319
120,B,13,13,1,9003.06,6226.667353346518,374,339,35,313,24,11,13,9,0,31,44,33605.29964479726,12736.96287806469,0.7526169999910053
120,C,13,13,1,8662.857,5734.5264323263955,372,351,21,325,7,14,13,13,0,29,34,31879.283859567582,13731.651697935618,0.44254849999560975
121,B,10,10,1,9146.286,6463.612223442019,424,388,36,369,27,9,10,8,0,29,39,32896.431812008384,12263.370694798286,0.5706776000151876
121,C,10,10,1,8855.701,6106.616247076969,468,412,56,393,45,11,10,9,0,30,41,30113.50712184438,11960.425886459545,0.3900763000128791
122,B,14,14,1,8589.633,6026.089935133362,352,323,29,295,15,14,14,13,0,28,42,32138.165399053018,11717.715723386216,0.6868274999724235
122,C,14,14,1,8727.146,6076.526432326396,457,408,49,381,39,10,14,14,0,29,38,29680.72810621128,11533.095944579307,0.5140360999794211
123,B,16,16,1,8460.38,5630.467856772288,333,312,21,282,6,15,16,15,0,26,34,31951.898982667866,13179.55969880642,0.3194655000115745
123,C,16,16,1,9594.149,4111.704632400724,550,273,277,247,252,25,16,15,0,20,73,31095.745897382254,18747.222735378622,1.2417474999965634
124,B,16,16,1,7942.901,5248.839383881776,316,302,14,271,1,13,16,14,0,25,28,29869.505109102683,12730.308189693791,0.3489780999952927
124,C,16,16,1,8815.803,5585.1929012195105,397,345,52,315,34,18,16,14,0,30,36,31809.014220961293,14278.049714863764,0.46506919999956153
125,B,10,10,1,8567.817,6738.289633288761,433,425,8,405,3,5,10,6,0,31,14,29624.085606127126,8777.63743968332,0.2194837999995798
125,C,10,10,1,8806.531,6244.526432326396,464,436,28,417,20,8,10,10,0,29,32,29967.654320489924,11820.022158857942,0.2336014000175055
126,B,12,12,1,8392.872,6530.326288088706,417,401,16,377,5,11,12,10,0,29,26,29194.359174894602,8617.727734451058,0.45425509999040514
126,C,12,12,1,10015.549,6100.5264323263955,536,412,124,391,109,15,12,12,0,29,54,33762.74507521386,15615.112913581894,0.6961917000007816
127,B,12,12,1,8746.039,6261.714410179895,375,354,21,330,11,10,12,9,0,30,30,32250.196798924662,11631.62474802519,0.45320650000940077
127,C,12,12,1,9097.404,6022.591474384365,445,398,47,375,36,11,12,11,0,30,38,31952.02094131884,13799.063569397005,0.4538719999836758
128,B,16,16,1,9313.642,6176.988595898766,388,358,30,327,15,15,16,14,0,28,39,34623.20853078925,14523.26555129541,0.41403089999221265
128,C,16,16,1,8377.774,5318.30848108931,439,334,105,306,94,11,16,14,0,28,44,28343.869872509407,11817.327467062869,0.5005489999894053
129,B,11,11,1,7909.713,6222.853152707973,363,348,15,326,6,9,11,8,0,30,23,28428.567295581346,7824.301532041477,0.40695340000092983
129,C,11,11,1,9015.055,5896.5264323263955,435,378,57,357,48,9,11,11,0,29,47,31900.27505778264,13752.642896150663,0.9088624000141863
130,B,13,13,1,8839.636,6456.2339771757115,425,387,38,362,27,11,13,9,0,31,28,31208.180514756008,10632.010628877439,0.24336950000724755
130,C,13,13,1,9199.286,6002.947630399393,477,389,88,365,78,10,13,12,0,30,46,31426.428360680828,13101.690208683856,0.5743146000022534
131,B,12,12,1,8382.39,6034.651654581185,345,324,21,300,11,10,12,11,0,28,32,31336.952494032554,10903.694221126634,0.46404619998065755
131,C,12,12,1,9114.393,6098.4256885577115,504,409,95,387,84,11,12,10,0,31,46,30176.96431019522,11999.83586740668,0.6370587999990676
132,B,12,12,1,8987.808,6492.8719793931805,423,402,21,378,9,12,12,12,0,27,33,32009.03881505026,11599.678918084363,0.4031072999932803
132,C,12,12,1,9052.957,6291.527443176882,495,443,52,420,39,13,12,11,0,30,38,30229.782969562097,12082.145753677692,0.3642342000093777
133,B,13,13,1,8710.921,6050.481066467425,340,323,17,297,4,13,13,11,0,29,28,33069.60579579397,12552.200463456853,0.4016445000015665
133,C,13,13,1,8610.372,5716.5264323263955,408,348,60,323,49,11,13,13,0,29,52,30616.858110304354,12469.22594867237,0.6470342999964487
134,B,10,10,1,8385.767,6514.314356147771,414,392,22,373,15,7,10,6,0,31,28,29348.83519675191,8632.263416013053,0.20025819999864325
134,C,10,10,1,9137.713,6256.184236534314,472,437,35,418,24,11,10,9,0,30,36,31398.56496051181,13247.643777840234,0.40558770002098754
135,B,16,16,1,7717.831,5291.120852732929,272,255,17,224,6,11,16,14,0,27,29,30069.155069559103,11308.550805894462,0.48596819999511354
135,C,16,16,1,8823.002,3361.5891755103576,468,215,253,187,235,18,16,16,0,16,83,29730.008245690282,19367.062368138493,1.1257309000066016
136,B,13,13,1,8707.356,6456.8719793931805,412,396,16,370,4,12,13,13,0,27,29,30881.781178856687,10472.421281890774,0.42987299998640083
136,C,13,13,1,8229.319,5892.28064776944,392,374,18,349,4,14,13,11,0,31,29,29106.595186744493,10910.191947897298,0.4179440000152681
137,B,12,12,1,9417.101,6419.856373676953,406,383,23,359,13,10,12,10,0,29,33,34680.50591234615,14116.224043961362,0.4895290000131354
137,C,12,12,1,8948.998,6178.824131014141,489,424,65,401,53,12,12,11,0,30,46,29874.98941440619,11720.868759335499,0.38480989998788573
138,B,14,14,1,8695.343,5970.925181100251,339,314,25,286,14,11,14,13,0,28,38,33041.71663394019,12627.090728438936,0.48397669999394566
138,C,14,14,1,10018.72,5930.6514364724735,470,378,92,353,80,12,14,13,0,30,57,35803.601315972715,17510.344133610357,0.4916411000012886
139,B,13,13,1,8992.018,6408.1144797078505,395,371,24,346,13,11,13,10,0,30,28,32850.089033674216,12009.516635134954,0.34100889999535866
139,C,13,13,1,9035.019,5914.696674532565,439,373,66,348,55,11,13,11,0,31,48,31825.096224889312,13486.61285222649,0.5885867000033613
140,B,12,12,1,8166.261,6512.331702954186,405,391,14,367,2,11,12,8,0,31,21,28416.30267449063,7679.644159719707,0.30743789998814464
140,C,12,12,1,8560.038,6132.020046305019,456,413,43,391,30,13,12,11,0,30,38,28935.19099168887,10685.090760163788,0.5501775000011548
141,B,13,13,1,8673.695,6287.9039399242765,374,357,17,331,8,9,13,11,0,29,28,31868.475620937952,11183.955921316558,0.48070350001216866
141,C,13,13,1,8805.425,5950.5264323263955,439,387,52,362,40,12,13,13,0,29,39,30652.125859538573,12504.493697906608,0.5560846999869682
142,B,15,15,1,8111.778,6005.014496171816,334,315,19,285,8,11,15,13,0,29,32,30218.88874717106,9688.816266311984,0.5185085999837611
142,C,15,15,1,9201.264,5526.022450157399,405,313,92,286,75,17,15,14,0,30,46,33536.31858208528,15316.206331298294,0.5877656000084244
143,B,14,14,1,8940.419,6069.1701176064935,351,330,21,302,10,11,14,13,0,28,34,33882.09665716562,13456.246069133143,0.43945350000285544
143,C,14,14,1,9725.052,6029.0496679656035,476,399,77,373,61,16,14,13,0,30,43,34070.26239107053,15915.014051242526,0.436763300007442
144,B,12,12,1,8666.868,6036.871979393181,345,326,19,302,7,12,12,12,0,27,31,32739.33846473457,12329.978567768669,0.45151699997950345
144,C,12,12,1,9439.48,6160.526432326396,538,422,116,401,103,13,12,12,0,29,49,30832.399162875234,12684.767001243243,0.779316000000108
145,B,15,15,1,8858.435,5998.490965687752,341,314,27,284,15,12,15,13,0,29,40,33782.17305635937,13254.718227920599,0.6992899999895599
145,C,15,15,1,9013.299,5977.6352959246415,433,381,52,353,39,13,15,13,0,31,38,31731.496050739028,13318.319571115824,0.4866116999764927
146,B,15,15,1,9188.428,6387.627962432136,403,367,36,338,25,11,15,10,0,32,42,33607.14127084607,12799.001458685381,0.46250910000526346
146,C,15,15,1,10765.602,5771.608012094862,512,349,163,322,152,11,15,13,0,31,81,38193.01244505142,19849.972384577108,0.7075754000106826
147,B,15,15,1,8751.822,6336.051254912536,403,369,34,340,24,10,15,12,0,30,37,31389.11033421924,10848.85405965655,0.4680468999722507
147,C,15,15,1,11026.765,6154.526432326396,567,421,146,394,127,19,15,15,0,29,68,37883.82688967428,19736.19472804233,0.6633197000192013
148,B,14,14,1,8300.232,6221.687123208551,359,344,15,316,3,12,14,8,0,33,23,30426.15760901472,9782.721992971972,0.3626548000029288
148,C,14,14,1,9899.688,5746.710078738421,462,344,118,318,104,14,14,13,0,30,68,35388.4378808752,16994.887487183096,0.7496809999865945
149,B,10,10,1,9103.606,6555.058026620991,437,410,27,390,19,8,10,9,0,28,36,32263.030940210905,11807.74080710595,0.4625684999919031
149,C,10,10,1,9383.384,6376.805493902733,508,449,59,430,51,8,10,8,0,31,49,31601.921839487703,13232.894369974038,0.5034600000071805
150,B,16,16,1,7131.226,4294.945466570072,269,241,28,210,12,16,16,15,0,20,43,27261.12976988374,13036.402437033372,0.6807011000055354
150,C,16,16,1,9334.29,5794.526432326396,403,361,42,330,27,15,16,16,0,29,58,34326.44761682542,16178.815455193435,1.1019037000078242
151,B,10,10,1,9079.909,6716.985945585818,453,433,20,413,8,12,10,8,0,29,28,31624.5469689051,11074.617240976007,0.41578039998421445
151,C,10,10,1,8236.105,6106.526432326396,432,413,19,393,8,10,10,10,0,29,28,28025.52637343683,9877.894211804854,0.4189067999832332
152,B,15,15,1,9183.73,6027.748293016833,342,318,24,288,12,12,15,13,0,29,37,35358.65247846841,14804.91101338424,0.6805093000002671
152,C,15,15,1,9081.818,5842.411458446071,386,360,26,331,16,10,15,13,0,31,30,33519.09203823523,15152.034746004867,0.3211618999775965
153,B,10,10,1,8061.139,6280.605091818823,371,363,8,343,0,8,10,9,0,28,17,28935.695821418063,8442.670362323945,0.23030689998995513
153,C,10,10,1,8352.05,6320.8027396998705,461,447,14,428,5,9,10,9,0,30,20,27705.248215878233,9531.234517378884,0.18885279999813065
154,B,10,10,1,8560.532,6600.952205625443,431,416,15,396,9,6,10,8,0,29,23,29672.660536935407,9192.8995088082,0.3605616000131704
154,C,10,10,1,8900.184,6532.526432326396,532,484,48,465,38,9,10,10,0,29,40,28415.92089229474,10268.288730662764,0.580997999990359
155,B,12,12,1,8738.669,6414.783416862377,404,381,23,357,14,9,12,9,0,30,32,31363.343836641387,10789.426752329502,0.40489149998757057
155,C,12,12,1,7925.094,6240.575593907176,446,428,18,406,10,8,12,10,0,31,26,26000.469945420406,7682.591975884521,0.2251074000087101
156,B,10,10,1,8552.788,6714.896839517173,450,437,13,417,6,7,10,9,0,28,22,29048.940598469584,8604.45640088372,0.3218281000154093
156,C,10,10,1,8155.844,6238.526432326396,458,435,23,417,11,12,10,10,0,29,26,26829.221559519472,8681.589397887494,0.3192451999930199
157,B,13,13,1,9357.018,6079.805409977308,348,328,20,302,7,13,13,11,0,29,31,36075.088597865324,15561.061547978792,0.41999680001754314
157,C,13,13,1,8419.758,5833.736312490015,379,364,15,338,4,11,13,12,0,30,27,30428.79008144127,12200.108518991206,0.44418120000045747
158,B,15,15,1,9211.486,6043.621701618107,363,318,45,288,31,14,15,12,0,30,57,34967.42790002537,14359.31939193484,1.1641137000115123
158,C,15,15,1,9733.884,6009.608597777715,477,386,91,358,77,14,15,13,0,31,55,34089.42184280634,15666.378853917775,0.9415098000026774
159,B,12,12,1,8641.052,6533.332799492722,419,400,19,376,9,10,12,10,0,29,29,30390.258317014348,9768.59431955074,0.47412959998473525
159,C,12,12,1,9292.652,6232.526432326396,500,434,66,412,52,14,12,12,0,29,49,31233.262454703367,13085.630293071395,0.5894628999812994
160,B,12,12,1,8544.363,6262.069728983189,376,360,16,336,4,12,12,11,0,28,27,31176.81723108767,10686.468586171737,0.4216213999898173
160,C,12,12,1,7986.885,5971.6897149721635,405,388,17,364,6,11,12,11,0,30,28,27519.42252823911,9320.973953378305,0.5317838999908417
161,B,15,15,1,9089.775,6084.8719793931805,354,334,20,305,5,15,15,15,0,27,33,34498.876521142935,14089.516624177028,0.4816710999875795
161,C,15,15,1,10639.667,6015.273509936816,511,396,115,369,100,15,15,14,0,30,65,37568.3342092945,19391.966659610425,1.162028199993074
162,B,13,13,1,8964.596,6398.878236668978,411,382,29,356,17,12,13,11,0,29,40,32272.981757524893,11783.590574179998,0.6824428999971133
162,C,13,13,1,9253.223,6154.459425808153,474,420,54,395,41,13,13,12,0,30,43,31851.115619430995,13698.818490390231,0.7066968999861274
163,B,14,14,1,8331.401,6042.621920575322,338,316,22,289,13,9,14,11,0,30,31,31242.00696029526,10578.897357418642,0.3253787999856286
163,C,14,14,1,9532.841,5896.908419028117,454,376,78,350,64,14,14,12,0,31,63,33809.206152920364,15649.664057779773,1.1133374000201002
164,B,15,15,1,8969.92,6214.361231546198,382,354,28,325,17,11,15,14,0,28,40,33114.59908271103,12682.79292498004,0.5591862000001129
164,C,15,15,1,9624.956,6034.526432326396,495,401,94,373,80,14,15,15,0,29,55,32959.77894338372,14812.146781751744,0.9279779999924358
165,B,10,10,1,8954.457,6342.8719793931805,404,377,27,357,17,10,10,10,0,27,37,32497.285534419803,12087.925637453893,0.6027748000051361
165,C,10,10,1,9089.918,6124.526432326396,469,416,53,397,39,14,10,10,0,29,39,31219.59063148252,13071.95846985055,0.3751868999970611
166,B,15,15,1,8960.959,6210.865512988419,375,349,26,319,16,10,15,11,0,31,37,33274.79653178028,12785.468966838193,0.7011493000027258
166,C,15,15,1,8569.213,5512.5264323263955,345,314,31,285,15,16,15,15,0,29,44,32211.066985428715,14063.434823796752,0.8655601000064053
167,B,12,12,1,8815.018,6472.935458204262,401,392,9,368,1,8,12,9,0,30,18,31760.089677654134,11225.4123866328,0.21108409998123534
167,C,12,12,1,9865.912,6211.660863558864,516,424,92,402,78,14,12,11,0,30,56,33634.55968406182,15316.255366267496,0.6664200000232086
168,B,15,15,1,8050.736,5910.794562977462,316,303,13,273,5,8,15,14,0,28,27,30428.678476259545,9984.705661372236,0.40011640000739135
168,C,15,15,1,9335.117,5824.5264323263955,433,366,67,338,52,15,15,15,0,29,49,33400.58698256309,15252.954820931109,0.6327392999955919
169,B,11,11,1,8765.042,6563.491317016057,431,402,29,380,22,7,11,8,0,30,37,30745.212005922298,10057.755420842008,0.6799708000035025
169,C,11,11,1,9211.494,6285.035030045976,467,436,31,415,17,14,11,10,0,30,39,31877.471513255896,13552.296363026024,0.5795481000095606
170,B,12,12,1,8386.097,6483.68530707727,408,397,11,373,1,10,12,11,0,28,22,29405.486735597522,8917.060200211163,0.28484119998756796
170,C,12,12,1,9989.171,6316.526432326396,514,448,66,425,50,16,12,12,0,29,47,34345.85745013243,16198.225288500465,0.36264479998499155
171,B,16,16,1,9107.405,5487.505989660036,412,341,71,313,53,18,16,15,0,24,45,32862.02397721231,15674.494028912117,0.689987400022801
171,C,16,16,1,9264.607,5674.5264323263955,377,341,36,310,19,16,16,16,0,29,47,34723.03437527098,16575.40221363901,0.6337265000038315
172,B,16,16,1,7827.93,5905.622406466506,328,316,12,285,1,11,16,11,0,31,22,28919.650304152197,8991.538271819665,0.3332132000068668
172,C,16,16,1,9176.367,5632.124562277532,427,358,69,328,57,12,16,14,0,30,58,32776.83610117346,15401.213289785805,0.7306645999778993
173,B,15,15,1,8310.897,6058.6810153313945,334,322,12,292,3,9,15,12,0,30,24,31179.483615660232,10616.078539003269,0.31315050000557676
173,C,15,15,1,9815.014,6149.485191306775,511,412,99,384,87,12,15,13,0,31,57,33465.06789874369,15122.641942209815,0.8483169999963138
174,B,15,15,1,8699.784,6220.624163044741,381,349,32,320,20,12,15,13,0,29,35,31773.919165163115,11185.79834993941,0.5022405999770854
174,C,15,15,1,9289.461,5854.713971651974,456,370,86,343,69,16,15,14,0,30,51,32487.302968016276,14333.733109756411,0.6605456999968737
175,B,10,10,1,8091.49,6433.27737736299,401,391,10,371,3,7,10,9,0,28,19,28197.452200736498,7781.065313921548,0.3187873999995645
175,C,10,10,1,9520.202,6244.526432326396,490,436,54,417,41,13,10,10,0,29,45,32801.009128151076,14653.376966519094,0.47601620000205
176,B,12,12,1,8709.402,6119.667164499865,351,337,14,313,3,11,12,11,0,28,25,32747.01096691767,12278.675144418343,0.3573243000137154
176,C,12,12,1,10016.092,5914.5264323263955,431,381,50,358,36,14,12,12,0,29,59,37040.45775069512,18892.825589063137,0.8782847999827936
177,B,11,11,1,8857.784,6631.729054367479,433,415,18,393,14,4,11,9,0,29,27,31098.91914210397,10435.273870266577,0.36904150000191294
177,C,11,11,1,8869.902,6252.651807075766,464,436,28,415,16,11,11,10,0,30,28,30229.508734534975,12066.249699156157,0.27759129999321885
178,B,12,12,1,8803.584,6170.1710836615375,366,338,28,314,16,12,12,10,0,29,38,32832.921467620065,12167.066049312374,0.6662005999824032
178,C,12,12,1,9671.012,5968.5264323263955,439,390,49,367,35,14,12,12,0,29,56,35075.058138356006,16927.42597672405,1.2049795000057202
179,B,14,14,1,9132.103,6156.342145343485,367,345,22,317,11,11,14,13,0,28,35,34365.515137914044,13953.804411196612,0.6798371000040788
179,C,14,14,1,8812.233,5869.321614852115,419,361,58,334,47,11,14,12,0,31,42,31266.16630679666,12794.558232536101,0.5954448000120465
180,B,16,16,1,8217.102,5648.886702810402,322,302,20,271,7,13,16,13,0,28,33,31075.51016305554,11961.076649003533,0.5716226999938954
180,C,16,16,1,7904.79,4324.451119396962,401,296,105,270,86,19,16,14,0,21,35,27133.949157368625,14436.69356038382,0.45759520001593046
181,B,15,15,1,9465.937,6269.094462963388,424,354,70,325,57,12,15,13,0,29,53,34374.684650862306,13694.21233604537,0.8377840000030119
181,C,15,15,1,9923.493,5836.44436523348,434,367,67,338,51,16,15,14,0,30,61,36437.4646283217,18285.2428021543,0.6410344000032637
182,B,15,15,1,8531.187,5982.871979393181,331,317,14,287,1,13,15,15,0,27,29,32365.935537378802,11956.575640412902,0.4765602000115905
182,C,15,15,1,8285.366,5425.426365525192,316,292,24,262,8,16,15,14,0,30,38,31631.831618303113,13284.69979067716,0.6199615999939851
183,B,11,11,1,8488.889,6369.260794545675,397,377,20,355,12,8,11,9,0,29,29,30324.444439503386,9833.140466775012,0.4489861000038218
183,C,11,11,1,8693.376,6238.526432326396,454,435,19,413,5,14,11,11,0,29,30,29616.878568425236,11469.246406793272,0.48219870001776144
184,B,12,12,1,8213.95,6057.031042766275,346,323,23,299,9,14,12,11,0,28,34,30454.748503879167,9879.593290047796,0.57152810000116
184,C,12,12,1,8258.522,5878.526432326396,391,375,16,351,3,13,12,12,0,29,28,29287.6084081956,11139.976246563632,0.36466039999504574
185,B,15,15,1,8652.987,5911.8173892833565,304,288,16,258,3,13,15,11,0,31,27,33799.932549161924,12975.845602745156,0.2786385999934282
185,C,15,15,1,8449.392,5842.066101522801,386,357,29,327,18,11,15,11,0,33,40,30386.959450186925,11981.628942572925,0.7120239000068977
186,B,15,15,1,9649.994,6270.75126031698,397,364,33,334,18,15,15,14,0,28,47,36069.97091360323,15656.214612018335,0.6338495000090916
186,C,15,15,1,8913.738,5650.5264323263955,380,337,43,308,24,19,15,15,0,29,39,32853.689519664615,14706.057358032636,0.6406102000037208
187,B,13,13,1,8791.751,6215.871999147149,372,355,17,329,5,12,13,12,0,28,29,32513.754705514333,12104.394709778591,0.3442741999751888
187,C,13,13,1,9793.508,5982.480431886767,510,388,122,365,110,12,13,11,0,31,54,33452.53876539606,15225.136605962225,0.6504836000094656
188,B,11,11,1,8478.166,6375.430253328043,396,372,24,350,15,9,11,8,0,30,32,30305.830455176823,9658.679188536611,0.40402779998839833
188,C,11,11,1,8382.287,6346.526432326396,467,453,14,431,2,12,11,11,0,29,25,27646.43290362899,9498.800741997013,0.3140292999742087
189,B,11,11,1,8314.64,6379.81189298621,398,376,22,354,16,6,11,8,0,30,30,29448.202274477087,8899.142809546041,0.47083390000625513
189,C,11,11,1,9835.564,6190.526432326396,529,427,102,408,92,10,11,11,0,29,51,33112.82123434522,14965.189072713238,0.43558849999681115
190,B,10,10,1,8472.755,6484.502186087534,410,397,13,377,4,9,10,8,0,29,21,29848.775421663773,9381.264491226106,0.28014360001543537
190,C,10,10,1,8034.376,6183.861515891932,450,425,25,407,15,10,10,9,0,30,24,26491.879720193985,8342.572140734326,0.3460019000049215
191,B,15,15,1,9083.499,6431.5021636883,390,377,13,347,1,11,15,12,0,30,24,33367.49694930789,12589.98613086639,0.30641029999242164
191,C,15,15,1,10352.785,5788.5264323263955,527,360,167,333,152,15,15,15,0,29,73,35683.92606203378,17536.2939004018,0.8120725000044331
192,B,13,13,1,8411.856,6237.227744165181,373,356,17,330,5,12,13,12,0,28,29,30584.2796599244,10098.140939098488,0.45779859999311157
192,C,13,13,1,8436.406,5843.298873489558,398,368,30,343,18,12,13,12,0,30,38,30012.030435644414,11855.536068196627,0.46118610000121407
193,B,14,14,1,8954.718,6419.6971658772845,403,373,30,346,19,11,14,11,0,30,32,32428.59234389348,11590.10651450705,0.21672279998892918
193,C,14,14,1,10362.32,5990.603502039456,481,390,91,365,70,21,14,13,0,30,69,37161.60025988558,18928.582749688318,0.7494874999974854
194,B,11,11,1,7971.657,6186.324483911379,361,348,13,326,5,8,11,10,0,28,23,28783.285385154948,8311.662965598054,0.39364900000509806
194,C,11,11,1,8784.017,6240.584074391847,473,434,39,413,26,13,11,10,0,30,30,29500.086677172752,11337.166305213519,0.3876120999921113
195,B,10,10,1,8512.873,6432.525990165534,399,387,12,367,6,6,10,8,0,29,20,30379.365351955646,9871.735401127977,0.3194326000229921
195,C,10,10,1,8662.266,6135.363513721232,439,411,28,393,20,8,10,8,0,31,25,29961.330947051472,11659.513378445317,0.2932756999798585
196,B,16,16,1,9245.034,5379.089214502381,356,318,38,288,24,14,16,12,0,27,47,35280.168861387116,18019.722788875188,0.5720727000152692
196,C,16,16,1,8316.787,4912.452155278235,390,325,65,296,48,17,16,14,0,25,48,29573.935362846452,14806.674586455292,0.48669210000662133
197,B,16,16,1,8850.246,5589.873490457869,336,301,35,270,17,18,16,15,0,26,49,33891.23160476196,14991.864152472606,0.5510413000010885
197,C,16,16,1,9064.066,5689.283757237075,431,364,67,335,54,13,16,14,0,30,47,32055.331398070583,14573.9126118852,0.4710176000080537
198,B,16,16,1,9158.798,5297.05492085856,373,306,67,277,49,18,16,14,0,25,47,34313.98919773021,17053.7145934374,0.526586199994199
198,C,16,16,1,8520.745,5177.468345648775,424,340,84,312,67,17,16,14,0,27,51,29563.724387723196,13921.38265947932,0.46397959999740124
199,B,10,10,1,7670.08,6391.946800583324,379,375,4,355,0,4,10,7,0,30,11,26735.40009374657,6095.666090829944,0.08253610000247136
199,C,10,10,1,8996.832,6247.120405392839,473,435,38,417,28,10,10,9,0,30,39,30679.158611071496,12513.556584107311,0.2988306999905035
200,B,13,13,1,8584.631,6100.880459572442,336,318,18,292,5,13,13,10,0,30,28,32558.152577704182,11663.750279841966,0.395300700009102
200,C,13,13,1,9151.008,5757.768733605786,398,354,44,329,32,12,13,12,0,30,47,33630.0408052922,15481.197137263263,0.47821319999638945
