"组号","类型","S_x(m)","S_y(m)","监测点数","区域状态","直径(m)","同直径圆覆盖","检查结果","M1_x(m)","M1_y(m)","M2_x(m)","M2_y(m)","M3_x(m)","M3_y(m)","M4_x(m)","M4_y(m)","M5_x(m)","M5_y(m)","M6_x(m)","M6_y(m)"
"MC001","蒙特卡洛","-1048.72799137278","1233.32230012664","5","polygon","25.1648536337585","FALSE","通过","-1493.43543625595","507.449437831195","-1408.51168524918","1963.99399523704","-1132.17614094753","1907.61112398864","-617.683550617205","1645.39306880756","-1854.16810439815","1203.67591240561","",""
"MC002","蒙特卡洛","-207.302250261668","-1317.34261839149","4","polygon","25.900752615139","TRUE","通过","387.798591609578","-1446.68769967225","230.749233690712","-639.615796005109","-500.536004559921","-1485.23998348274","338.043170705363","-1809.7767909232","","","",""
"MC003","蒙特卡洛","-802.403013719052","-346.475073448999","3","polygon","16.9654679052689","TRUE","通过","-898.116471216045","-428.022514176402","-455.767754070039","-578.65887194495","-1191.6321967124","-966.714563547298","","","","","",""
"MC004","蒙特卡洛","775.196201754727","-1245.25368690877","2","polygon","63.9604713165245","TRUE","通过","299.150968137056","-674.525385666833","898.588562533611","-506.083952872378","","","","","","","",""
"MC005","蒙特卡洛","-566.028530033368","-1503.83958550111","6","polygon","23.5454424130739","TRUE","通过","-554.386222180731","-986.170420567337","-1136.52834565602","-1164.59005621909","-194.995210091102","-807.431895233582","-1254.33568204849","-1910.63086688028","-1392.843712801","-1835.55847747393","-175.616185623187","-965.170318254343"
"MC006","蒙特卡洛","-311.489077860865","-1577.58407588325","4","polygon","34.1969327662642","TRUE","通过","-775.339972135475","-1603.83146976336","-2.81901504541565","-2366.00789445037","201.558729718322","-1504.07143127762","456.887819671815","-1290.95856101604","","","",""
"MC007","蒙特卡洛","-1464.94612307167","-286.166128435275","2","polygon","77.4251930928239","TRUE","通过","-1928.74137879596","-422.353120406799","-1063.01391701966","114.788969935334","","","","","","","",""
"MC008","蒙特卡洛","-38.5001168496012","618.099272599536","4","polygon","15.4163708393868","TRUE","通过","43.4854875098458","771.728499245205","271.143885811135","589.574396367292","-98.2423113868313","1355.07777650901","-386.302899963648","299.543257583377","","","",""
"MC009","蒙特卡洛","862.365342945664","684.778157928262","6","polygon","22.942298815783","TRUE","通过","1224.3647452682","-59.8685147027186","387.003751679133","1364.04494084416","1582.26171686294","343.559183565953","1591.12923939599","857.909434681972","459.27704550012","1217.32214314818","1603.08888046303","1046.93544590438"
"MC010","蒙特卡洛","-1353.19091922943","-988.831177654607","6","polygon","11.3989717022026","FALSE","通过","-654.038169020093","-936.865799235584","-504.709452742977","-1182.8017786936","-1713.98016386259","-1134.02436476249","-1638.45613921022","-1709.98710751576","-1569.13531512068","-1210.33448295845","-1017.05921502184","-1347.3326616469"
"MC011","蒙特卡洛","1203.93069812949","-1279.43700902658","4","polygon","27.3823991198355","TRUE","通过","876.310927299656","-1317.0249762207","1421.36169143613","-1904.93378126057","670.746770229041","-1269.80384408939","1012.26179040719","-629.216581781525","","","",""
"MC012","蒙特卡洛","-106.169671171422","1527.41254090685","2","polygon","400.374450738181","TRUE","通过","639.239008733072","1989.521861678","-567.490814732658","1320.87552334596","","","","","","","",""
"MC013","蒙特卡洛","-551.721374451806","-1214.89053926621","3","polygon","25.8031314104541","TRUE","通过","-70.5232045769066","-508.794614239793","-144.076450684436","-1593.22890178709","-410.253301943816","-938.244987306514","","","","","",""
"MC014","蒙特卡洛","-37.6610800928919","755.585691066694","2","polygon","44.6289560464992","TRUE","通过","-422.846924532889","-39.2269621296181","20.1033996211092","626.498336122369","","","","","","","",""
"MC015","蒙特卡洛","522.089628812226","525.784248492415","4","polygon","51.1918440270171","TRUE","通过","370.392093468584","1149.74034872795","405.19880576015","1189.13172623407","752.54777490087","945.094254137485","544.994357598894","-228.861982075549","","","",""
"MC016","蒙特卡洛","658.560006371","-198.958137893866","2","polygon","84.7836140509924","TRUE","通过","839.991311932853","400.316519786368","393.013335171742","596.985210612738","","","","","","","",""
"MC017","蒙特卡洛","-370.524165138388","-1344.40346756141","2","polygon","39.3613317343763","TRUE","通过","-288.264640888012","-1210.66922392297","-994.437331705199","-1524.91610657678","","","","","","","",""
"MC018","蒙特卡洛","-465.379124661062","-1566.41830969192","2","polygon","108.613259050376","TRUE","通过","-117.86204175894","-1996.03827904331","-313.819463960704","-2427.86694730475","","","","","","","",""
"MC019","蒙特卡洛","-784.038849159557","1347.09495099675","2","polygon","700.046235226983","TRUE","通过","-716.032126613633","2013.46477204317","-813.881355538781","855.079433567282","","","","","","","",""
"MC020","蒙特卡洛","877.250868269884","1490.69156744417","2","polygon","101.361440648479","TRUE","通过","896.616983532976","1105.89063862816","738.169898139441","1910.15506861576","","","","","","","",""
"MC021","蒙特卡洛","1016.83563057124","3.76046701062404","4","polygon","18.3391353498393","TRUE","通过","1331.43689486283","626.269981823238","1324.3091887737","783.753014841676","370.475948323941","-226.743466862625","929.328280079976","36.1233489949761","","","",""
"MC022","蒙特卡洛","-1213.34897580439","-541.176637376575","5","polygon","5.32028182651644","TRUE","通过","-797.564715712851","-1202.42312433216","-1004.71950317888","134.654006746109","-684.684717766745","-785.285469875974","-1265.69922723756","-1075.9863943383","-1112.25610032569","-578.42326336099","",""
"MC023","蒙特卡洛","1514.72625152835","226.024304159153","4","polygon","9.00514786516197","FALSE","通过","1747.65949846246","132.54015806223","1280.85312896755","-576.958602473506","1378.72658257644","1097.29157967683","1545.69135981673","292.216314501485","","","",""
"MC024","蒙特卡洛","-473.241582326037","874.894613719462","2","polygon","321.259745659399","TRUE","通过","33.4692412383637","654.863301689137","239.863514739898","416.380110104681","","","","","","","",""
"MC025","蒙特卡洛","858.692977462615","685.203098897017","4","polygon","27.4602462555533","TRUE","通过","793.165365734975","135.944057761239","1380.20167661183","299.938349104068","1066.02410084032","1391.96229945785","926.190603107449","893.294927018283","","","",""
"MC026","蒙特卡洛","-1372.12128307711","-471.429274219402","3","polygon","24.2527549624559","TRUE","通过","-1869.30211340932","-952.295505411228","-1252.73748443132","-212.018995867947","-1047.78890539099","-824.846320559653","","","","","",""
"MC027","蒙特卡洛","-312.936745139169","-459.640420880448","6","polygon","26.7910133126642","TRUE","通过","293.520483100022","200.965056560118","327.145319694686","-1074.2243460078","-316.854491177492","105.831367666451","-262.372037732303","-1237.84990773592","-119.021955485394","371.908760934522","-868.453115135191","-1109.10411804314"
"MC028","蒙特卡洛","544.537403295731","-484.921417626504","2","polygon","178.170140358295","TRUE","通过","373.570500581433","161.467206696305","252.199319789785","17.4049612169281","","","","","","","",""
"MC029","蒙特卡洛","-416.718801344154","1157.23194799755","2","polygon","101.076264538611","TRUE","通过","-896.517609775212","717.460753060211","-1111.70037900803","996.527590633223","","","","","","","",""
"MC030","蒙特卡洛","-556.70351488326","1133.7637743279","5","polygon","36.2670282912904","TRUE","通过","-252.911697164357","1570.43022885105","-359.000497468276","335.294363451187","-1156.42342425572","756.245154307395","-882.375691473638","1754.11614419353","-584.567213723316","600.677193684201","",""
"MC031","蒙特卡洛","-853.25428244922","39.868113954685","2","polygon","65.0489617878522","TRUE","通过","-1219.87681664373","-143.035380613836","-309.64459193769","5.25331559383805","","","","","","","",""
"MC032","蒙特卡洛","1595.59235907791","692.659798828935","6","polygon","21.5449587540047","TRUE","通过","872.616326194162","1029.81852061216","1492.09069042164","1321.56582749739","1617.92145914658","949.853925624739","2031.62419490897","-51.9394802553378","1490.93991548142","1059.50122748813","1853.09895999717","1028.79703724705"
"MC033","蒙特卡洛","-61.923668494257","290.035386323507","3","polygon","30.2087726246111","TRUE","通过","-590.407793594689","284.470814262227","766.334543096414","341.684552650113","-151.948746897571","-306.460371801936","","","","","",""
"MC034","蒙特卡洛","-1051.24659243583","-485.0148926057","6","polygon","30.0548792279341","TRUE","通过","-860.815610781812","-1234.06987749798","-1468.08482467571","-999.018380622242","-1137.77677202736","-1291.41075244397","-777.879919675724","-283.26231130122","-1781.85629218932","2.68741830789628","-419.710326877905","-331.609574785004"
"MC035","蒙特卡洛","-488.311901948694","539.636384510243","3","polygon","32.6457966508867","FALSE","通过","-1110.36685914847","82.7429722000036","18.0393493078569","915.178512977359","-913.381747603154","1117.86604077092","","","","","",""
"MC036","蒙特卡洛","-950.840936293776","-74.6733797567805","3","polygon","47.8113236209298","TRUE","通过","-1532.88309373938","326.895412789082","-1305.00709616128","555.937345083007","-1585.28126420247","-78.0605141284062","","","","","",""
"MC037","蒙特卡洛","-994.993670873162","-1102.85377314343","6","polygon","18.3693390810648","FALSE","通过","-329.613572717436","-1332.60568848583","-1096.21060509317","-1474.56843536927","-476.928914102686","-371.242716815155","-274.946114280912","-1455.18225466506","-439.946648768001","-558.217664246357","-300.877183710304","-1616.59009191306"
"MC038","蒙特卡洛","-43.7738624192768","411.298501423345","5","polygon","8.5541334899178","FALSE","通过","-180.987435838526","605.618104197071","-306.806819815302","64.5671347910416","-836.480256205981","537.777871534088","-273.001533555709","39.8836204521842","748.341902908321","305.107569656613","",""
"MC039","蒙特卡洛","910.808835618803","-397.213604351877","6","polygon","21.1118955006698","FALSE","通过","1489.28724030099","-616.719071823573","1610.51790145825","-345.620466906981","1606.82842375359","-409.27937580842","1242.70271682711","-717.186728686273","1384.02562231384","232.541602528789","821.714521650602","-838.451733881583"
"MC040","蒙特卡洛","1425.59465385166","-885.183651429228","5","polygon","27.3440665555296","TRUE","通过","1217.19089728598","-793.881282080788","962.031008292276","-317.940876412266","1994.49689261482","-1065.66312145648","1516.83026369872","-998.987518521923","2159.31803958486","-1155.48493563549","",""
"MC041","蒙特卡洛","-1679.9073343609","-18.0734346427299","3","polygon","32.7429394170324","TRUE","通过","-1005.68228003724","-554.105231081961","-1754.18942069171","-345.130816862099","-2300.38596211771","363.836992635698","","","","","",""
"MC042","蒙特卡洛","-599.535730042076","-1655.82272797489","5","polygon","14.6490921129077","FALSE","通过","-550.05951378873","-2261.55975243498","-1449.78835079931","-1680.80711905355","-416.370338152035","-2296.89570831088","-1336.47027988382","-1427.86356802158","-818.473403247163","-2206.68010277023","",""
"MC043","蒙特卡洛","1284.09743177935","204.337920090918","4","polygon","27.6428134751188","TRUE","通过","966.961890862955","-182.263176936932","1311.86104239598","-673.01138156166","973.805681523768","828.83832916621","1619.97743670867","444.950439828461","","","",""
"MC044","蒙特卡洛","-948.554011090242","1329.80155204373","3","polygon","528.664174601852","TRUE","通过","-811.352209086678","1221.5515662316","-674.76834660623","1135.12960003822","-1368.52912563904","1657.69730867203","","","","","",""
"MC045","蒙特卡洛","-518.704510558885","412.561855750392","5","polygon","18.2331393411141","FALSE","通过","35.5092934712467","24.3279551519038","-53.4589658059347","632.190386329371","-1109.12408263259","572.560835427193","-858.343866143811","100.45395318455","-234.307069988111","-286.618480576555","",""
"MC046","蒙特卡洛","370.172478977064","-24.841905853641","2","polygon","26.1721893038005","TRUE","通过","893.62689573503","-171.262495367402","349.99803348718","275.709788455813","","","","","","","",""
"MC047","蒙特卡洛","-1271.93841927193","-587.954207827758","6","polygon","9.84686857207315","TRUE","通过","-765.953875686528","54.1677385318326","-1748.84788967488","-848.522078911207","-1378.6018608861","-846.448970894548","-1923.13625278846","-526.807650809012","-1509.28301647395","-757.076978744523","-1849.17413448431","74.3062547975312"
"MC048","蒙特卡洛","-540.47535186255","-369.4844788735","6","polygon","2.60142175085239","FALSE","通过","-12.9111301284555","-463.516570313857","-471.542113928285","-1080.736745003","-324.881392423727","-486.485936750935","-835.457437943171","390.642622401558","272.195765148298","-666.071412181221","-994.368947741893","-604.62285236501"
"MC049","蒙特卡洛","-1245.56584679237","1089.24577143842","3","polygon","35.5692983593526","FALSE","通过","-1578.08398720658","1740.55493357926","-497.574400442904","695.208005442135","-1915.31813779381","628.349728285747","","","","","",""
"MC050","蒙特卡洛","-1315.17366645301","1183.96644170107","5","polygon","12.2292663053142","TRUE","通过","-1230.23972481765","1596.96133987538","-1710.33306410573","1438.02655573135","-579.9863699041","790.039086561301","-1124.927966591","1053.29902645441","-1762.60772183348","460.468230473664","",""
"MC051","蒙特卡洛","301.832201100399","445.698575104623","3","polygon","22.2074915528404","FALSE","通过","-335.697565404971","729.271016121206","298.583414289622","1201.87689902452","771.133392776775","722.968457303004","","","","","",""
"MC052","蒙特卡洛","-371.085271252032","199.966183751767","3","polygon","118.774614977828","TRUE","通过","-278.632424849727","-608.713006321311","-665.507094052672","698.765842507953","-197.823520717725","-164.241508914044","","","","","",""
"MC053","蒙特卡洛","142.114384025947","157.082639739711","6","polygon","8.61549001281223","FALSE","通过","-10.3413500701389","-18.558453063153","220.622201032208","856.897470548837","-512.865510374496","-441.599135256868","223.554836224401","70.3844445141538","-363.8742354895","148.902405613316","167.8422240009","-574.476640206175"
"MC054","蒙特卡洛","-1188.92567432398","-1149.331191255","4","polygon","31.4037019950916","FALSE","通过","-1965.60739784436","-1272.87930447286","-1161.28922820469","-354.727369255517","-1911.32971179136","-706.047217864664","-1240.01613427429","-1840.74871632451","","","",""
"MC055","蒙特卡洛","142.983232017736","1572.61814363552","5","polygon","21.8150501858227","TRUE","通过","-303.944419831414","1276.70837801244","-99.6087289577877","1593.92589562625","-388.03201868428","1961.63428241637","-315.341370194624","1921.01889582184","533.459554906309","1533.47997815618","",""
"MC056","蒙特卡洛","-568.602242646272","828.523977131104","2","polygon","23.2427750388073","TRUE","通过","6.91590742859","823.735045887946","-549.598624341178","1138.16546204163","","","","","","","",""
"MC057","蒙特卡洛","-166.047876335599","58.8433335767316","6","polygon","7.04956190818718","FALSE","通过","-68.501917909805","-711.905847910771","344.952032482495","-21.0762033940812","496.358649053586","23.4456162902845","667.818601972779","257.671616480788","-668.796996202861","705.173681588324","-649.392359680075","-501.146978927933"
"MC058","蒙特卡洛","1374.12878191133","294.840676289192","6","polygon","8.54842435835597","FALSE","通过","531.221252705834","439.861836595194","1276.09127477909","612.612389025149","1231.76463231372","394.933812017453","1338.00348793604","-216.581533361102","1089.65688719127","167.716012662978","1074.48491889343","38.7621770729189"
"MC059","蒙特卡洛","1397.96749858459","-734.260590898663","2","polygon","47.6805275943922","TRUE","通过","2264.63755123941","-744.579029838089","1235.50985624894","-1606.78658226309","","","","","","","",""
"MC060","蒙特卡洛","394.851113489468","1539.24225250857","4","polygon","38.9152863682462","TRUE","通过","1271.39208656943","1351.97747337389","115.074092064792","1444.89471064126","-136.864710973597","1758.13305521738","714.919254170994","1704.34743011202","","","",""
"MC061","蒙特卡洛","1035.43028715848","288.790686855927","3","polygon","33.1759830092834","TRUE","通过","1084.17421208253","580.955254250069","1035.1421652864","-3.94919126702354","639.918799055503","-33.9778953650135","","","","","",""
"MC062","蒙特卡洛","-948.968564688751","562.126067775079","6","polygon","20.7886498345779","TRUE","通过","-1199.06556618049","1273.97494466645","-687.839824594107","907.772835665899","-1140.76381358735","-278.203845533351","-824.365871102235","845.333809809785","-230.014653039245","847.35648900893","-448.495159082374","907.638815349904"
"MC063","蒙特卡洛","1287.25461277555","-626.505116210156","3","polygon","7.90784549506331","TRUE","通过","976.078754807136","-763.712109125342","1265.90121743038","-538.054181421913","1096.16702736172","-755.078834333312","","","","","",""
"MC064","蒙特卡洛","541.553744893703","-1200.81667341695","5","polygon","34.2027093725363","TRUE","通过","1103.94560250506","-719.729347333249","774.826483266965","-1141.13232364541","1195.10398076637","-1807.94538735532","1003.6562890437","-1117.75787973295","780.49587892964","-1018.14441255343","",""
"MC065","蒙特卡洛","494.516131810574","1024.60812208126","2","polygon","293.978583816315","TRUE","通过","-362.562822019508","1091.00651560554","974.05344132282","905.10285816378","","","","","","","",""
"MC066","蒙特卡洛","578.184637858276","-1024.69983978152","6","polygon","4.85479129186539","FALSE","通过","-235.345176917636","-1103.38518529322","556.074509071459","-584.438562599629","1260.26765381033","-613.304483052676","1279.53788199922","-723.371894640983","469.851589019859","-875.976345950856","806.807038433486","-1050.02027694156"
"MC067","蒙特卡洛","-1545.8804666932","793.444018341545","4","polygon","8.83508048458722","TRUE","通过","-1714.22760069193","772.640577053862","-1412.65135388938","1100.29337494907","-779.613222879881","1236.69493258017","-1734.82451049004","203.824493861046","","","",""
"MC068","蒙特卡洛","-639.516744245387","1286.10232212756","3","polygon","68.484337488688","TRUE","通过","-1341.33227640341","1291.77938074566","-40.0390344773638","976.072349400371","-495.345717459754","1215.08213211788","","","","","",""
"MC069","蒙特卡洛","1242.65187861826","64.0279721516794","5","polygon","23.3105650385849","TRUE","通过","576.317666497079","-393.491027380067","1024.50185619776","688.48285184923","1062.6749879115","-113.06571710713","1188.72649665169","41.8505460284893","603.050466106208","312.158134724321","",""
"MC070","蒙特卡洛","1317.0627746723","-495.643210099891","3","polygon","21.4480533024216","TRUE","通过","1474.7898302581","-867.390935646688","1848.40798168721","-378.52653555744","1582.45415483483","-1275.39657813386","","","","","",""
"MC071","蒙特卡洛","926.691709041274","-1312.13009576","5","polygon","11.693129144507","FALSE","通过","527.699105593946","-891.38643954171","1134.27622161284","-834.279794304872","1200.60595097887","-958.62764971755","1009.54774070557","-1738.99158116408","517.896226407544","-1257.7100444819","",""
"MC072","蒙特卡洛","-1343.26277384006","814.582836403274","6","polygon","5.65514211160492","TRUE","通过","-1526.72269757413","929.978158522468","-1456.97000461661","1384.56626062343","-1525.18697077754","925.513177860522","-1513.17056214557","1161.41084020559","-1605.22701106347","1068.70002424174","-1251.84391253767","829.338405503282"
"MC073","蒙特卡洛","1006.75380486044","-1362.40569759161","4","polygon","50.5260400980531","TRUE","通过","847.570141534611","-2052.87021215923","382.239382609885","-1856.38953822274","1400.32940933787","-922.695006293292","574.949089447685","-1662.6383402464","","","",""
"MC074","蒙特卡洛","99.3790590012948","1123.75587929208","6","polygon","26.6636228420518","TRUE","通过","435.350528487951","1672.37653586842","720.753327949696","982.673686950685","133.486151914854","1810.83241004839","849.873854101888","633.318087625603","52.8313128432885","1714.49423588973","416.610405316924","1421.99404737949"
"MC075","蒙特卡洛","561.139971989326","-1545.72969750286","5","polygon","26.4761079008424","FALSE","通过","1121.33360637942","-1754.17228424733","1136.58508399103","-1572.64977737939","318.470838268363","-1247.90133878322","1091.33208180545","-1517.71474333072","926.773112236648","-895.463861318603","",""
"MC076","蒙特卡洛","-605.046166386299","44.3981961547394","3","polygon","30.1778840608613","TRUE","通过","105.796898752116","511.763266214029","-971.84605074121","-232.185633249585","-232.432949485567","-616.450369677057","","","","","",""
"MC077","蒙特卡洛","-678.895602609053","-1029.11065659428","3","polygon","28.5385420162981","TRUE","通过","-773.041511014335","-372.126556454452","-647.495354079159","-1338.21691800015","-83.1154557778763","-796.463540492573","","","","","",""
"MC078","蒙特卡洛","149.857001387188","1383.72128392117","6","polygon","24.8413319216286","TRUE","通过","-364.080533664558","1142.83845580468","-8.11578527459218","737.41684311963","274.942973909141","1571.32528278603","577.071038907132","2127.40576149123","-157.254839167328","586.804203133733","536.421922006038","1546.02815319779"
"MC079","蒙特卡洛","705.999253701198","-175.204336961472","6","polygon","12.768793362935","FALSE","通过","831.838849508839","606.071359126483","372.95066490806","639.347020233739","1327.8058726316","-143.824053585678","1047.88127111505","161.638723936468","1236.06439864174","499.837844188852","1325.27563336769","9.31840004860445"
"MC080","蒙特卡洛","600.422372112277","373.277786171313","2","polygon","56.209458715667","TRUE","通过","1439.33701406302","338.438139365396","981.380159027044","1009.62970934984","","","","","","","",""
"MC081","蒙特卡洛","953.807290046747","257.035053828209","2","polygon","49.0106552097751","TRUE","通过","239.231032619527","346.500126899785","745.477405619989","1076.31065303634","","","","","","","",""
"MC082","蒙特卡洛","-96.4719631380649","1563.20553368259","2","polygon","25.2099618328309","TRUE","通过","-681.121257070631","1681.15252892851","-25.455433854626","1942.21057681494","","","","","","","",""
"MC083","蒙特卡洛","428.086671170613","-1522.02265530723","6","polygon","13.1462111377039","TRUE","通过","277.264879499214","-1492.15793211534","375.229030721954","-1488.58039378119","378.164926501229","-890.492885851106","724.427421924768","-719.325344232104","819.301353140949","-832.854740643812","763.648151984667","-1864.74547314502"
"MC084","蒙特卡洛","1614.29506998235","-534.468262002528","3","polygon","27.4858341856132","TRUE","通过","1462.99220206518","-468.662321069685","2087.24037427048","141.696591225127","2144.77940037977","29.6455496736744","","","","","",""
"MC085","蒙特卡洛","-1454.19058606985","822.383785199404","4","polygon","25.8970862889085","TRUE","通过","-1374.56495174643","816.539777396745","-1852.38921896918","908.661216459538","-898.882560409818","1362.83774906932","-1790.46414809476","309.446180472241","","","",""
"MC086","蒙特卡洛","-528.184296054207","-708.413740577623","3","polygon","48.0684062328141","TRUE","通过","-12.587701427135","-1324.04843028286","-528.936191694925","-617.252880356131","-537.443054124811","169.067569645812","","","","","",""
"MC087","蒙特卡洛","1203.37056138282","360.182522830218","6","polygon","6.12589478137795","TRUE","通过","899.509054419144","145.239258537471","1258.55285587572","-420.77496956422","1455.89351875188","-104.217334856046","1578.32975694067","-232.533478186534","923.570706358874","74.8802289496692","1616.19931960079","411.598233659583"
"MC088","蒙特卡洛","-737.494433463581","434.939999560384","6","polygon","10.0299055654435","TRUE","通过","-1201.48557302672","1098.46552188545","-504.700134655351","899.345590585228","-352.775852757521","346.718600201821","-808.147946752433","263.165057629643","-1034.14784489698","-114.162275560859","-545.647828639642","-303.179735356123"
"MC089","蒙特卡洛","-989.451285285712","42.6926291433416","4","polygon","29.1040199148025","TRUE","通过","-904.188056112972","-851.496461747158","-703.879561761487","-450.639191569111","-1152.25186183571","-522.261097923877","-356.534157842796","-66.2965351152375","","","",""
"MC090","蒙特卡洛","1308.80360109508","-289.684004756138","3","polygon","51.0631622749355","TRUE","通过","1073.54790147383","327.078356600055","1072.36322544692","-1043.97246012137","1662.07596154442","242.677497046082","","","","","",""
"MC091","蒙特卡洛","-405.809132602318","-985.266616189031","2","polygon","69.3862275544486","TRUE","通过","-191.996601847268","-171.052490279075","-299.584245064185","-1292.93090109399","","","","","","","",""
"MC092","蒙特卡洛","417.386554315369","-639.609265342891","3","polygon","24.4727636288955","TRUE","通过","-153.008725244231","-1247.7097349398","413.222964823445","-727.466920789256","-174.579216486526","-1145.85506768947","","","","","",""
"MC093","蒙特卡洛","230.835573718928","204.468850568165","2","polygon","66.3442310108992","TRUE","通过","-649.073708195996","127.963472456352","404.331853234705","351.979467852533","","","","","","","",""
"MC094","蒙特卡洛","-113.30758900283","1051.21649821345","4","polygon","25.2141350025958","TRUE","通过","-471.719881828209","1637.13010305357","701.840105972167","885.783170269289","243.629530635134","705.702342380675","-71.4047268258263","1423.8689905545","","","",""
"MC095","蒙特卡洛","-434.773497478856","-1666.9541539794","4","polygon","19.3753842078958","TRUE","通过","-605.049206026343","-2200.66747868704","-408.525892483973","-1740.47305235834","397.804350241302","-1683.99822143404","66.1270465966623","-2407.38873044896","","","",""
"MC096","蒙特卡洛","1371.053166243","-311.894303824937","3","polygon","78.1884278346856","TRUE","通过","2199.38398619602","-509.329422046882","560.973034217851","-533.147960646664","1808.43879326986","-455.374922174541","","","","","",""
"MC097","蒙特卡洛","-0.2901442036838295","358.730577154495","6","polygon","12.5574479304946","TRUE","通过","-224.424907485924","-75.3151730031512","-150.862223864798","-142.57199614129","371.838507420175","441.509550512452","9.94627755904508","1249.09976717214","263.023735000238","1039.73312385263","-359.969013598357","244.788114253309"
"MC098","蒙特卡洛","810.163556177466","-440.409465888505","4","polygon","24.7806914045557","FALSE","通过","477.258475798664","-640.814456770068","1349.76237120708","-432.121587386041","601.952103328749","187.261285273854","1528.7936578834","-415.508190235058","","","",""
"MC099","蒙特卡洛","-528.176333207891","-43.1801651662848","3","polygon","40.8284843677683","TRUE","通过","-281.441108673543","463.874009235882","-638.769790009117","-753.302115466819","-192.030051458102","-550.362772464519","","","","","",""
"MC100","蒙特卡洛","-930.777772097743","1420.47835177678","2","polygon","60.2452474593902","TRUE","通过","-1518.77602008123","2023.91036047408","-887.091133059982","2040.08048225058","","","","","","","",""
"EQ_LAST","等边三角形反例","0","0","3","polygon","20.0000000000002","FALSE","通过","-610","-5.77350269189626","310","-525.388744962559","300","531.162247654456","","","","","",""
"","","","","","","","","","","","","","","","","","","","",""
"","","","","","","","","","","","","","","","","","","","",""
"","","","","","","","","","","","","","","","","","","","",""
"","","","","","","","","","","","","","","","","","","","",""
"","","","","","","","","","","","","","","","","","","","",""
"","","","","","","","","","","","","","","","","","","","",""
"","","","","","","","","","","","","","","","","","","","",""
"","","","","","","","","","","","","","","","","","","","",""
"","","","","","","","","","","","","","","","","","","","",""
"","","","","","","","","","","","","","","","","","","","",""
"","","","","","","","","","","","","","","","","","","","",""
"","","","","","","","","","","","","","","","","","","","",""
"","","","","","","","","","","","","","","","","","","","",""
"","","","","","","","","","","","","","","","","","","","",""
"","","","","","","","","","","","","","","","","","","","",""
"","","","","","","","","","","","","","","","","","","","",""
"","","","","","","","","","","","","","","","","","","","",""
"","","","","","","","","","","","","","","","","","","","",""
"","","","","","","","","","","","","","","","","","","","",""
"","","","","","","","","","","","","","","","","","","","",""
"","","","","","","","","","","","","","","","","","","","",""
"","","","","","","","","","","","","","","","","","","","",""
"","","","","","","","","","","","","","","","","","","","",""
"","","","","","","","","","","","","","","","","","","","",""
"","","","","","","","","","","","","","","","","","","","",""
"","","","","","","","","","","","","","","","","","","","",""
"","","","","","","","","","","","","","","","","","","","",""
"","","","","","","","","","","","","","","","","","","","",""
"","","","","","","","","","","","","","","","","","","","",""
"","","","","","","","","","","","","","","","","","","","",""
"","","","","","","","","","","","","","","","","","","","",""
"","","","","","","","","","","","","","","","","","","","",""
"","","","","","","","","","","","","","","","","","","","",""
"","","","","","","","","","","","","","","","","","","","",""
"","","","","","","","","","","","","","","","","","","","",""
"","","","","","","","","","","","","","","","","","","","",""
"","","","","","","","","","","","","","","","","","","","",""
"","","","","","","","","","","","","","","","","","","","",""
"","","","","","","","","","","","","","","","","","","","",""
"","","","","","","","","","","","","","","","","","","","",""
"","","","","","","","","","","","","","","","","","","","",""
"","","","","","","","","","","","","","","","","","","","",""
"","","","","","","","","","","","","","","","","","","","",""
"","","","","","","","","","","","","","","","","","","","",""
"","","","","","","","","","","","","","","","","","","","",""
"","","","","","","","","","","","","","","","","","","","",""
"","","","","","","","","","","","","","","","","","","","",""
"","","","","","","","","","","","","","","","","","","","",""
"","","","","","","","","","","","","","","","","","","","",""
"","","","","","","","","","","","","","","","","","","","",""
"","","","","","","","","","","","","","","","","","","","",""
"","","","","","","","","","","","","","","","","","","","",""
"","","","","","","","","","","","","","","","","","","","",""
"","","","","","","","","","","","","","","","","","","","",""
"","","","","","","","","","","","","","","","","","","","",""
"","","","","","","","","","","","","","","","","","","","",""
"","","","","","","","","","","","","","","","","","","","",""
"","","","","","","","","","","","","","","","","","","","",""
"","","","","","","","","","","","","","","","","","","","",""
"","","","","","","","","","","","","","","","","","","","",""
"","","","","","","","","","","","","","","","","","","","",""
"","","","","","","","","","","","","","","","","","","","",""
"","","","","","","","","","","","","","","","","","","","",""
"","","","","","","","","","","","","","","","","","","","",""
"","","","","","","","","","","","","","","","","","","","",""
"","","","","","","","","","","","","","","","","","","","",""
"","","","","","","","","","","","","","","","","","","","",""
"","","","","","","","","","","","","","","","","","","","",""
"","","","","","","","","","","","","","","","","","","","",""
"","","","","","","","","","","","","","","","","","","","",""
"","","","","","","","","","","","","","","","","","","","",""
"","","","","","","","","","","","","","","","","","","","",""
"","","","","","","","","","","","","","","","","","","","",""
"","","","","","","","","","","","","","","","","","","","",""
"","","","","","","","","","","","","","","","","","","","",""
"","","","","","","","","","","","","","","","","","","","",""
"","","","","","","","","","","","","","","","","","","","",""
"","","","","","","","","","","","","","","","","","","","",""
"","","","","","","","","","","","","","","","","","","","",""
"","","","","","","","","","","","","","","","","","","","",""
"","","","","","","","","","","","","","","","","","","","",""
"","","","","","","","","","","","","","","","","","","","",""
"","","","","","","","","","","","","","","","","","","","",""
"","","","","","","","","","","","","","","","","","","","",""
"","","","","","","","","","","","","","","","","","","","",""
"","","","","","","","","","","","","","","","","","","","",""
"","","","","","","","","","","","","","","","","","","","",""
"","","","","","","","","","","","","","","","","","","","",""
"","","","","","","","","","","","","","","","","","","","",""
"","","","","","","","","","","","","","","","","","","","",""
"","","","","","","","","","","","","","","","","","","","",""
"","","","","","","","","","","","","","","","","","","","",""
"","","","","","","","","","","","","","","","","","","","",""
"","","","","","","","","","","","","","","","","","","","",""
"","","","","","","","","","","","","","","","","","","","",""
"","","","","","","","","","","","","","","","","","","","",""
"","","","","","","","","","","","","","","","","","","","",""
"","","","","","","","","","","","","","","","","","","","",""
