"组号","误差半角(°)","区域状态","直径(m)","包含检查","直径不减检查","检查结果","","","","","","","","","","","","",""
"MC001","0.9","polygon","20.3575915131477","基准","不适用","通过","","","","","","","","","","","","",""
"MC001","1","polygon","25.1648536337585","通过","通过","通过","","","","","","","","","","","","",""
"MC001","1.1","polygon","29.5787920582863","通过","通过","通过","","","","","","","","","","","","",""
"MC002","0.9","polygon","21.9426076575915","基准","不适用","通过","","","","","","","","","","","","",""
"MC002","1","polygon","25.9007526151392","通过","通过","通过","","","","","","","","","","","","",""
"MC002","1.1","polygon","29.8801264350114","通过","通过","通过","","","","","","","","","","","","",""
"MC003","0.9","polygon","15.2695103188101","基准","不适用","通过","","","","","","","","","","","","",""
"MC003","1","polygon","16.9654679052689","通过","通过","通过","","","","","","","","","","","","",""
"MC003","1.1","polygon","18.6612187728552","通过","通过","通过","","","","","","","","","","","","",""
"MC004","0.9","polygon","57.5470422752686","基准","不适用","通过","","","","","","","","","","","","",""
"MC004","1","polygon","63.9604713165236","通过","通过","通过","","","","","","","","","","","","",""
"MC004","1.1","polygon","70.3800151155214","通过","通过","通过","","","","","","","","","","","","",""
"MC005","0.9","polygon","20.9022215917523","基准","不适用","通过","","","","","","","","","","","","",""
"MC005","1","polygon","23.5454424130736","通过","通过","通过","","","","","","","","","","","","",""
"MC005","1.1","polygon","26.3718664411141","通过","通过","通过","","","","","","","","","","","","",""
"MC006","0.9","polygon","30.2312474066627","基准","不适用","通过","","","","","","","","","","","","",""
"MC006","1","polygon","34.1969327662641","通过","通过","通过","","","","","","","","","","","","",""
"MC006","1.1","polygon","38.1925086141752","通过","通过","通过","","","","","","","","","","","","",""
"MC007","0.9","polygon","69.6853627302306","基准","不适用","通过","","","","","","","","","","","","",""
"MC007","1","polygon","77.4251930928244","通过","通过","通过","","","","","","","","","","","","",""
"MC007","1.1","polygon","85.1640800538743","通过","通过","通过","","","","","","","","","","","","",""
"MC008","0.9","polygon","13.8727249116789","基准","不适用","通过","","","","","","","","","","","","",""
"MC008","1","polygon","15.4163708393869","通过","通过","通过","","","","","","","","","","","","",""
"MC008","1.1","polygon","16.9607225714385","通过","通过","通过","","","","","","","","","","","","",""
"MC009","0.9","polygon","18.6759028762373","基准","不适用","通过","","","","","","","","","","","","",""
"MC009","1","polygon","22.9422988157824","通过","通过","通过","","","","","","","","","","","","",""
"MC009","1.1","polygon","27.204783422918","通过","通过","通过","","","","","","","","","","","","",""
"MC010","0.9","polygon","7.66830728000975","基准","不适用","通过","","","","","","","","","","","","",""
"MC010","1","polygon","11.3989717022026","通过","通过","通过","","","","","","","","","","","","",""
"MC010","1.1","polygon","15.1514499546902","通过","通过","通过","","","","","","","","","","","","",""
"MC011","0.9","polygon","24.5755620220802","基准","不适用","通过","","","","","","","","","","","","",""
"MC011","1","polygon","27.3823991198354","通过","通过","通过","","","","","","","","","","","","",""
"MC011","1.1","polygon","30.1845379701989","通过","通过","通过","","","","","","","","","","","","",""
"MC012","0.9","polygon","360.35091051252","基准","不适用","通过","","","","","","","","","","","","",""
"MC012","1","polygon","400.37445073818","通过","通过","通过","","","","","","","","","","","","",""
"MC012","1.1","polygon","440.39311252751","通过","通过","通过","","","","","","","","","","","","",""
"MC013","0.9","polygon","23.2237144020754","基准","不适用","通过","","","","","","","","","","","","",""
"MC013","1","polygon","25.8031314104542","通过","通过","通过","","","","","","","","","","","","",""
"MC013","1.1","polygon","28.3822340158195","通过","通过","通过","","","","","","","","","","","","",""
"MC014","0.9","polygon","40.1558186118463","基准","不适用","通过","","","","","","","","","","","","",""
"MC014","1","polygon","44.6289560464991","通过","通过","通过","","","","","","","","","","","","",""
"MC014","1.1","polygon","49.1056960319455","通过","通过","通过","","","","","","","","","","","","",""
"MC015","0.9","polygon","46.0552726432245","基准","不适用","通过","","","","","","","","","","","","",""
"MC015","1","polygon","51.1918440270162","通过","通过","通过","","","","","","","","","","","","",""
"MC015","1.1","polygon","56.3345357846823","通过","通过","通过","","","","","","","","","","","","",""
"MC016","0.9","polygon","76.260094524874","基准","不适用","通过","","","","","","","","","","","","",""
"MC016","1","polygon","84.7836140509921","通过","通过","通过","","","","","","","","","","","","",""
"MC016","1.1","polygon","93.3230572701963","通过","通过","通过","","","","","","","","","","","","",""
"MC017","0.9","polygon","35.4265655646025","基准","不适用","通过","","","","","","","","","","","","",""
"MC017","1","polygon","39.3613317343762","通过","通过","通过","","","","","","","","","","","","",""
"MC017","1.1","polygon","43.2956182987446","通过","通过","通过","","","","","","","","","","","","",""
"MC018","0.9","polygon","97.6571602577682","基准","不适用","通过","","","","","","","","","","","","",""
"MC018","1","polygon","108.613259050376","通过","通过","通过","","","","","","","","","","","","",""
"MC018","1.1","polygon","119.602879549481","通过","通过","通过","","","","","","","","","","","","",""
"MC019","0.9","polygon","630.065924036377","基准","不适用","通过","","","","","","","","","","","","",""
"MC019","1","polygon","700.046235226991","通过","通过","通过","","","","","","","","","","","","",""
"MC019","1.1","polygon","770.018016575151","通过","通过","通过","","","","","","","","","","","","",""
"MC020","0.9","polygon","91.2288168268392","基准","不适用","通过","","","","","","","","","","","","",""
"MC020","1","polygon","101.361440648478","通过","通过","通过","","","","","","","","","","","","",""
"MC020","1.1","polygon","111.49282941295","通过","通过","通过","","","","","","","","","","","","",""
"MC021","0.9","polygon","15.2981495842808","基准","不适用","通过","","","","","","","","","","","","",""
"MC021","1","polygon","18.3391353498396","通过","通过","通过","","","","","","","","","","","","",""
"MC021","1.1","polygon","21.0655735242256","通过","通过","通过","","","","","","","","","","","","",""
"MC022","0.9","polygon","3.70941314549919","基准","不适用","通过","","","","","","","","","","","","",""
"MC022","1","polygon","5.32028182651647","通过","通过","通过","","","","","","","","","","","","",""
"MC022","1.1","polygon","7.29747093233307","通过","通过","通过","","","","","","","","","","","","",""
"MC023","0.9","polygon","6.57832695691113","基准","不适用","通过","","","","","","","","","","","","",""
"MC023","1","polygon","9.00514786516195","通过","通过","通过","","","","","","","","","","","","",""
"MC023","1.1","polygon","10.0225637221296","通过","通过","通过","","","","","","","","","","","","",""
"MC024","0.9","polygon","286.418982174581","基准","不适用","通过","","","","","","","","","","","","",""
"MC024","1","polygon","321.259745659399","通过","通过","通过","","","","","","","","","","","","",""
"MC024","1.1","polygon","357.127204082662","通过","通过","通过","","","","","","","","","","","","",""
"MC025","0.9","polygon","24.7151753136157","基准","不适用","通过","","","","","","","","","","","","",""
"MC025","1","polygon","27.4602462555534","通过","通过","通过","","","","","","","","","","","","",""
"MC025","1.1","polygon","30.2049826030565","通过","通过","通过","","","","","","","","","","","","",""
"MC026","0.9","polygon","21.5394213591809","基准","不适用","通过","","","","","","","","","","","","",""
"MC026","1","polygon","24.2527549624559","通过","通过","通过","","","","","","","","","","","","",""
"MC026","1.1","polygon","26.9741597960092","通过","通过","通过","","","","","","","","","","","","",""
"MC027","0.9","polygon","21.0873130490963","基准","不适用","通过","","","","","","","","","","","","",""
"MC027","1","polygon","26.7910133126643","通过","通过","通过","","","","","","","","","","","","",""
"MC027","1.1","polygon","32.4973867179353","通过","通过","通过","","","","","","","","","","","","",""
"MC028","0.9","polygon","159.797560104526","基准","不适用","通过","","","","","","","","","","","","",""
"MC028","1","polygon","178.170140358294","通过","通过","通过","","","","","","","","","","","","",""
"MC028","1.1","polygon","196.743201779256","通过","通过","通过","","","","","","","","","","","","",""
"MC029","0.9","polygon","90.8843373677057","基准","不适用","通过","","","","","","","","","","","","",""
"MC029","1","polygon","101.076264538611","通过","通过","通过","","","","","","","","","","","","",""
"MC029","1.1","polygon","111.297998120712","通过","通过","通过","","","","","","","","","","","","",""
"MC030","0.9","polygon","32.6415850018764","基准","不适用","通过","","","","","","","","","","","","",""
"MC030","1","polygon","36.2670282912906","通过","通过","通过","","","","","","","","","","","","",""
"MC030","1.1","polygon","39.8920296784103","通过","通过","通过","","","","","","","","","","","","",""
"MC031","0.9","polygon","58.5463247340806","基准","不适用","通过","","","","","","","","","","","","",""
"MC031","1","polygon","65.0489617878521","通过","通过","通过","","","","","","","","","","","","",""
"MC031","1.1","polygon","71.5508062405525","通过","通过","通过","","","","","","","","","","","","",""
"MC032","0.9","polygon","17.761123370202","基准","不适用","通过","","","","","","","","","","","","",""
"MC032","1","polygon","21.5449587540042","通过","通过","通过","","","","","","","","","","","","",""
"MC032","1.1","polygon","25.3368147326024","通过","通过","通过","","","","","","","","","","","","",""
"MC033","0.9","polygon","27.1852414859693","基准","不适用","通过","","","","","","","","","","","","",""
"MC033","1","polygon","30.2087726246112","通过","通过","通过","","","","","","","","","","","","",""
"MC033","1.1","polygon","33.2332358078928","通过","通过","通过","","","","","","","","","","","","",""
"MC034","0.9","polygon","26.8065619647574","基准","不适用","通过","","","","","","","","","","","","",""
"MC034","1","polygon","30.0548792279343","通过","通过","通过","","","","","","","","","","","","",""
"MC034","1.1","polygon","33.3108277183371","通过","通过","通过","","","","","","","","","","","","",""
"MC035","0.9","polygon","29.1076430946772","基准","不适用","通过","","","","","","","","","","","","",""
"MC035","1","polygon","32.6457966508869","通过","通过","通过","","","","","","","","","","","","",""
"MC035","1.1","polygon","36.1936761875081","通过","通过","通过","","","","","","","","","","","","",""
"MC036","0.9","polygon","43.0219654728558","基准","不适用","通过","","","","","","","","","","","","",""
"MC036","1","polygon","47.8113236209302","通过","通过","通过","","","","","","","","","","","","",""
"MC036","1.1","polygon","52.6035729048559","通过","通过","通过","","","","","","","","","","","","",""
"MC037","0.9","polygon","15.5379588653515","基准","不适用","通过","","","","","","","","","","","","",""
"MC037","1","polygon","18.3693390810648","通过","通过","通过","","","","","","","","","","","","",""
"MC037","1.1","polygon","21.5866818016558","通过","通过","通过","","","","","","","","","","","","",""
"MC038","0.9","polygon","5.03015142879312","基准","不适用","通过","","","","","","","","","","","","",""
"MC038","1","polygon","8.55413348991758","通过","通过","通过","","","","","","","","","","","","",""
"MC038","1.1","polygon","11.9423389291303","通过","通过","通过","","","","","","","","","","","","",""
"MC039","0.9","polygon","18.2014912111023","基准","不适用","通过","","","","","","","","","","","","",""
"MC039","1","polygon","21.1118955006699","通过","通过","通过","","","","","","","","","","","","",""
"MC039","1.1","polygon","24.0304209155001","通过","通过","通过","","","","","","","","","","","","",""
"MC040","0.9","polygon","23.8045064785317","基准","不适用","通过","","","","","","","","","","","","",""
"MC040","1","polygon","27.3440665555298","通过","通过","通过","","","","","","","","","","","","",""
"MC040","1.1","polygon","30.8615995463208","通过","通过","通过","","","","","","","","","","","","",""
"MC041","0.9","polygon","29.4697826248153","基准","不适用","通过","","","","","","","","","","","","",""
"MC041","1","polygon","32.7429394170327","通过","通过","通过","","","","","","","","","","","","",""
"MC041","1.1","polygon","36.0156972468663","通过","通过","通过","","","","","","","","","","","","",""
"MC042","0.9","polygon","11.0712320275946","基准","不适用","通过","","","","","","","","","","","","",""
"MC042","1","polygon","14.6490921129077","通过","通过","通过","","","","","","","","","","","","",""
"MC042","1.1","polygon","18.2744194056329","通过","通过","通过","","","","","","","","","","","","",""
"MC043","0.9","polygon","23.3787860143993","基准","不适用","通过","","","","","","","","","","","","",""
"MC043","1","polygon","27.6428134751184","通过","通过","通过","","","","","","","","","","","","",""
"MC043","1.1","polygon","31.5257867274047","通过","通过","通过","","","","","","","","","","","","",""
"MC044","0.9","polygon","454.772073480984","基准","不适用","通过","","","","","","","","","","","","",""
"MC044","1","polygon","528.664174601853","通过","通过","通过","","","","","","","","","","","","",""
"MC044","1.1","polygon","601.429583062792","通过","通过","通过","","","","","","","","","","","","",""
"MC045","0.9","polygon","15.429883255539","基准","不适用","通过","","","","","","","","","","","","",""
"MC045","1","polygon","18.2331393411143","通过","通过","通过","","","","","","","","","","","","",""
"MC045","1.1","polygon","21.1425155549755","通过","通过","通过","","","","","","","","","","","","",""
"MC046","0.9","polygon","23.5558793233237","基准","不适用","通过","","","","","","","","","","","","",""
"MC046","1","polygon","26.1721893038006","通过","通过","通过","","","","","","","","","","","","",""
"MC046","1.1","polygon","28.7881803844102","通过","通过","通过","","","","","","","","","","","","",""
"MC047","0.9","polygon","5.94726368429625","基准","不适用","通过","","","","","","","","","","","","",""
"MC047","1","polygon","9.84686857207286","通过","通过","通过","","","","","","","","","","","","",""
"MC047","1.1","polygon","13.2818650158683","通过","通过","通过","","","","","","","","","","","","",""
"MC048","0.9","empty","","基准","不适用","通过","","","","","","","","","","","","",""
"MC048","1","polygon","2.60142175085253","通过","不适用","通过","","","","","","","","","","","","",""
"MC048","1.1","polygon","6.98810607695104","通过","通过","通过","","","","","","","","","","","","",""
"MC049","0.9","polygon","32.0103541229953","基准","不适用","通过","","","","","","","","","","","","",""
"MC049","1","polygon","35.5692983593528","通过","通过","通过","","","","","","","","","","","","",""
"MC049","1.1","polygon","39.1289498472394","通过","通过","通过","","","","","","","","","","","","",""
"MC050","0.9","polygon","9.49731429580273","基准","不适用","通过","","","","","","","","","","","","",""
"MC050","1","polygon","12.2292663053142","通过","通过","通过","","","","","","","","","","","","",""
"MC050","1.1","polygon","14.9675226938126","通过","通过","通过","","","","","","","","","","","","",""
"MC051","0.9","polygon","18.0080910205322","基准","不适用","通过","","","","","","","","","","","","",""
"MC051","1","polygon","22.2074915528402","通过","通过","通过","","","","","","","","","","","","",""
"MC051","1.1","polygon","26.3926862438362","通过","通过","通过","","","","","","","","","","","","",""
"MC052","0.9","polygon","105.152356201274","基准","不适用","通过","","","","","","","","","","","","",""
"MC052","1","polygon","118.774614977827","通过","通过","通过","","","","","","","","","","","","",""
"MC052","1.1","polygon","130.646504248463","通过","通过","通过","","","","","","","","","","","","",""
"MC053","0.9","polygon","6.75881749741651","基准","不适用","通过","","","","","","","","","","","","",""
"MC053","1","polygon","8.61549001281223","通过","通过","通过","","","","","","","","","","","","",""
"MC053","1.1","polygon","10.425847396113","通过","通过","通过","","","","","","","","","","","","",""
"MC054","0.9","polygon","28.0439753034404","基准","不适用","通过","","","","","","","","","","","","",""
"MC054","1","polygon","31.4037019950916","通过","通过","通过","","","","","","","","","","","","",""
"MC054","1.1","polygon","34.7635385648214","通过","通过","通过","","","","","","","","","","","","",""
"MC055","0.9","polygon","17.1157392858157","基准","不适用","通过","","","","","","","","","","","","",""
"MC055","1","polygon","21.8150501858222","通过","通过","通过","","","","","","","","","","","","",""
"MC055","1.1","polygon","26.4986101402616","通过","通过","通过","","","","","","","","","","","","",""
"MC056","0.9","polygon","20.9167800913053","基准","不适用","通过","","","","","","","","","","","","",""
"MC056","1","polygon","23.2427750388072","通过","通过","通过","","","","","","","","","","","","",""
"MC056","1.1","polygon","25.5693730764759","通过","通过","通过","","","","","","","","","","","","",""
"MC057","0.9","polygon","2.22554217378228","基准","不适用","通过","","","","","","","","","","","","",""
"MC057","1","polygon","7.04956190818714","通过","通过","通过","","","","","","","","","","","","",""
"MC057","1.1","polygon","11.8462900131791","通过","通过","通过","","","","","","","","","","","","",""
"MC058","0.9","polygon","6.87203618615104","基准","不适用","通过","","","","","","","","","","","","",""
"MC058","1","polygon","8.54842435835607","通过","通过","通过","","","","","","","","","","","","",""
"MC058","1.1","polygon","10.3203007226487","通过","通过","通过","","","","","","","","","","","","",""
"MC059","0.9","polygon","42.914130761037","基准","不适用","通过","","","","","","","","","","","","",""
"MC059","1","polygon","47.6805275943923","通过","通过","通过","","","","","","","","","","","","",""
"MC059","1.1","polygon","52.4463434555659","通过","通过","通过","","","","","","","","","","","","",""
"MC060","0.9","polygon","35.0251092441038","基准","不适用","通过","","","","","","","","","","","","",""
"MC060","1","polygon","38.9152863682458","通过","通过","通过","","","","","","","","","","","","",""
"MC060","1.1","polygon","42.8049893219043","通过","通过","通过","","","","","","","","","","","","",""
"MC061","0.9","polygon","29.8502285600344","基准","不适用","通过","","","","","","","","","","","","",""
"MC061","1","polygon","33.1759830092834","通过","通过","通过","","","","","","","","","","","","",""
"MC061","1.1","polygon","36.5046061445116","通过","通过","通过","","","","","","","","","","","","",""
"MC062","0.9","polygon","13.5922636499367","基准","不适用","通过","","","","","","","","","","","","",""
"MC062","1","polygon","20.7886498345782","通过","通过","通过","","","","","","","","","","","","",""
"MC062","1.1","polygon","26.062425174194","通过","通过","通过","","","","","","","","","","","","",""
"MC063","0.9","polygon","6.75817353014795","基准","不适用","通过","","","","","","","","","","","","",""
"MC063","1","polygon","7.90784549506334","通过","通过","通过","","","","","","","","","","","","",""
"MC063","1.1","polygon","9.06097066603028","通过","通过","通过","","","","","","","","","","","","",""
"MC064","0.9","polygon","30.1795393792988","基准","不适用","通过","","","","","","","","","","","","",""
"MC064","1","polygon","34.2027093725362","通过","通过","通过","","","","","","","","","","","","",""
"MC064","1.1","polygon","38.1974546297876","通过","通过","通过","","","","","","","","","","","","",""
"MC065","0.9","polygon","264.590935195973","基准","不适用","通过","","","","","","","","","","","","",""
"MC065","1","polygon","293.978583816312","通过","通过","通过","","","","","","","","","","","","",""
"MC065","1.1","polygon","323.362650400381","通过","通过","通过","","","","","","","","","","","","",""
"MC066","0.9","polygon","1.55429822288958","基准","不适用","通过","","","","","","","","","","","","",""
"MC066","1","polygon","4.85479129186527","通过","通过","通过","","","","","","","","","","","","",""
"MC066","1.1","polygon","8.23968316307549","通过","通过","通过","","","","","","","","","","","","",""
"MC067","0.9","polygon","6.91847392832274","基准","不适用","通过","","","","","","","","","","","","",""
"MC067","1","polygon","8.83508048458726","通过","通过","通过","","","","","","","","","","","","",""
"MC067","1.1","polygon","10.8733865448163","通过","通过","通过","","","","","","","","","","","","",""
"MC068","0.9","polygon","59.8936135083327","基准","不适用","通过","","","","","","","","","","","","",""
"MC068","1","polygon","68.4843374886871","通过","通过","通过","","","","","","","","","","","","",""
"MC068","1.1","polygon","76.8062749664294","通过","通过","通过","","","","","","","","","","","","",""
"MC069","0.9","polygon","20.937452500165","基准","不适用","通过","","","","","","","","","","","","",""
"MC069","1","polygon","23.3105650385846","通过","通过","通过","","","","","","","","","","","","",""
"MC069","1.1","polygon","25.6405279437534","通过","通过","通过","","","","","","","","","","","","",""
"MC070","0.9","polygon","18.6841355527945","基准","不适用","通过","","","","","","","","","","","","",""
"MC070","1","polygon","21.4480533024215","通过","通过","通过","","","","","","","","","","","","",""
"MC070","1.1","polygon","24.2922160793843","通过","通过","通过","","","","","","","","","","","","",""
"MC071","0.9","polygon","9.28033253392689","基准","不适用","通过","","","","","","","","","","","","",""
"MC071","1","polygon","11.6931291445068","通过","通过","通过","","","","","","","","","","","","",""
"MC071","1.1","polygon","14.0394440149032","通过","通过","通过","","","","","","","","","","","","",""
"MC072","0.9","polygon","4.01721978326169","基准","不适用","通过","","","","","","","","","","","","",""
"MC072","1","polygon","5.65514211160514","通过","通过","通过","","","","","","","","","","","","",""
"MC072","1.1","polygon","7.11652660041777","通过","通过","通过","","","","","","","","","","","","",""
"MC073","0.9","polygon","43.6119868144737","基准","不适用","通过","","","","","","","","","","","","",""
"MC073","1","polygon","50.5260400980532","通过","通过","通过","","","","","","","","","","","","",""
"MC073","1.1","polygon","57.4807260674156","通过","通过","通过","","","","","","","","","","","","",""
"MC074","0.9","polygon","23.996043230304","基准","不适用","通过","","","","","","","","","","","","",""
"MC074","1","polygon","26.6636228420519","通过","通过","通过","","","","","","","","","","","","",""
"MC074","1.1","polygon","29.3316298094264","通过","通过","通过","","","","","","","","","","","","",""
"MC075","0.9","polygon","23.7371236206204","基准","不适用","通过","","","","","","","","","","","","",""
"MC075","1","polygon","26.4761079008427","通过","通过","通过","","","","","","","","","","","","",""
"MC075","1.1","polygon","29.2840890259881","通过","通过","通过","","","","","","","","","","","","",""
"MC076","0.9","polygon","26.6482241931607","基准","不适用","通过","","","","","","","","","","","","",""
"MC076","1","polygon","30.1778840608611","通过","通过","通过","","","","","","","","","","","","",""
"MC076","1.1","polygon","33.7345413188724","通过","通过","通过","","","","","","","","","","","","",""
"MC077","0.9","polygon","25.6856789470761","基准","不适用","通过","","","","","","","","","","","","",""
"MC077","1","polygon","28.538542016298","通过","通过","通过","","","","","","","","","","","","",""
"MC077","1.1","polygon","31.3910573523918","通过","通过","通过","","","","","","","","","","","","",""
"MC078","0.9","polygon","19.4555737632343","基准","不适用","通过","","","","","","","","","","","","",""
"MC078","1","polygon","24.8413319216289","通过","通过","通过","","","","","","","","","","","","",""
"MC078","1.1","polygon","30.2479979861654","通过","通过","通过","","","","","","","","","","","","",""
"MC079","0.9","polygon","7.91742376687939","基准","不适用","通过","","","","","","","","","","","","",""
"MC079","1","polygon","12.7687933629351","通过","通过","通过","","","","","","","","","","","","",""
"MC079","1.1","polygon","17.6234414207875","通过","通过","通过","","","","","","","","","","","","",""
"MC080","0.9","polygon","50.5788136764402","基准","不适用","通过","","","","","","","","","","","","",""
"MC080","1","polygon","56.2094587156677","通过","通过","通过","","","","","","","","","","","","",""
"MC080","1.1","polygon","61.8435127584559","通过","通过","通过","","","","","","","","","","","","",""
"MC081","0.9","polygon","44.1031881575105","基准","不适用","通过","","","","","","","","","","","","",""
"MC081","1","polygon","49.0106552097756","通过","通过","通过","","","","","","","","","","","","",""
"MC081","1.1","polygon","53.9203713762008","通过","通过","通过","","","","","","","","","","","","",""
"MC082","0.9","polygon","22.6871532717359","基准","不适用","通过","","","","","","","","","","","","",""
"MC082","1","polygon","25.2099618328312","通过","通过","通过","","","","","","","","","","","","",""
"MC082","1.1","polygon","27.7334068081278","通过","通过","通过","","","","","","","","","","","","",""
"MC083","0.9","polygon","9.98072638116343","基准","不适用","通过","","","","","","","","","","","","",""
"MC083","1","polygon","13.1462111377041","通过","通过","通过","","","","","","","","","","","","",""
"MC083","1.1","polygon","16.2071815359665","通过","通过","通过","","","","","","","","","","","","",""
"MC084","0.9","polygon","24.3540671370512","基准","不适用","通过","","","","","","","","","","","","",""
"MC084","1","polygon","27.485834185613","通过","通过","通过","","","","","","","","","","","","",""
"MC084","1.1","polygon","30.6174799340202","通过","通过","通过","","","","","","","","","","","","",""
"MC085","0.9","polygon","23.0126661820076","基准","不适用","通过","","","","","","","","","","","","",""
"MC085","1","polygon","25.8970862889085","通过","通过","通过","","","","","","","","","","","","",""
"MC085","1.1","polygon","28.5273568787885","通过","通过","通过","","","","","","","","","","","","",""
"MC086","0.9","polygon","43.2632350064899","基准","不适用","通过","","","","","","","","","","","","",""
"MC086","1","polygon","48.0684062328141","通过","通过","通过","","","","","","","","","","","","",""
"MC086","1.1","polygon","52.8729917607777","通过","通过","通过","","","","","","","","","","","","",""
"MC087","0.9","polygon","3.33829040210947","基准","不适用","通过","","","","","","","","","","","","",""
"MC087","1","polygon","6.12589478137809","通过","通过","通过","","","","","","","","","","","","",""
"MC087","1.1","polygon","8.91191018864275","通过","通过","通过","","","","","","","","","","","","",""
"MC088","0.9","polygon","4.88402952740311","基准","不适用","通过","","","","","","","","","","","","",""
"MC088","1","polygon","10.0299055654433","通过","通过","通过","","","","","","","","","","","","",""
"MC088","1.1","polygon","14.7290651133166","通过","通过","通过","","","","","","","","","","","","",""
"MC089","0.9","polygon","26.1918718436693","基准","不适用","通过","","","","","","","","","","","","",""
"MC089","1","polygon","29.1040199148025","通过","通过","通过","","","","","","","","","","","","",""
"MC089","1.1","polygon","32.0167810503469","通过","通过","通过","","","","","","","","","","","","",""
"MC090","0.9","polygon","45.9455295729194","基准","不适用","通过","","","","","","","","","","","","",""
"MC090","1","polygon","51.0631622749355","通过","通过","通过","","","","","","","","","","","","",""
"MC090","1.1","polygon","56.1847741817132","通过","通过","通过","","","","","","","","","","","","",""
"MC091","0.9","polygon","62.4500145555612","基准","不适用","通过","","","","","","","","","","","","",""
"MC091","1","polygon","69.3862275544478","通过","通过","通过","","","","","","","","","","","","",""
"MC091","1.1","polygon","76.3215951040487","通过","通过","通过","","","","","","","","","","","","",""
"MC092","0.9","polygon","19.842176153454","基准","不适用","通过","","","","","","","","","","","","",""
"MC092","1","polygon","24.4727636288955","通过","通过","通过","","","","","","","","","","","","",""
"MC092","1.1","polygon","29.1039554703063","通过","通过","通过","","","","","","","","","","","","",""
"MC093","0.9","polygon","59.7121120190167","基准","不适用","通过","","","","","","","","","","","","",""
"MC093","1","polygon","66.3442310108992","通过","通过","通过","","","","","","","","","","","","",""
"MC093","1.1","polygon","72.9755416192638","通过","通过","通过","","","","","","","","","","","","",""
"MC094","0.9","polygon","21.831646364817","基准","不适用","通过","","","","","","","","","","","","",""
"MC094","1","polygon","25.2141350025959","通过","通过","通过","","","","","","","","","","","","",""
"MC094","1.1","polygon","28.6076461795361","通过","通过","通过","","","","","","","","","","","","",""
"MC095","0.9","polygon","16.0631983133145","基准","不适用","通过","","","","","","","","","","","","",""
"MC095","1","polygon","19.3753842078958","通过","通过","通过","","","","","","","","","","","","",""
"MC095","1.1","polygon","22.6788573888588","通过","通过","通过","","","","","","","","","","","","",""
"MC096","0.9","polygon","68.1131975046565","基准","不适用","通过","","","","","","","","","","","","",""
"MC096","1","polygon","78.1884278346858","通过","通过","通过","","","","","","","","","","","","",""
"MC096","1.1","polygon","88.2720514760147","通过","通过","通过","","","","","","","","","","","","",""
"MC097","0.9","polygon","9.103594575647","基准","不适用","通过","","","","","","","","","","","","",""
"MC097","1","polygon","12.5574479304946","通过","通过","通过","","","","","","","","","","","","",""
"MC097","1.1","polygon","16.0513115848383","通过","通过","通过","","","","","","","","","","","","",""
"MC098","0.9","polygon","22.3012492895592","基准","不适用","通过","","","","","","","","","","","","",""
"MC098","1","polygon","24.780691404556","通过","通过","通过","","","","","","","","","","","","",""
"MC098","1.1","polygon","27.2606155822621","通过","通过","通过","","","","","","","","","","","","",""
"MC099","0.9","polygon","36.7470538882929","基准","不适用","通过","","","","","","","","","","","","",""
"MC099","1","polygon","40.8284843677684","通过","通过","通过","","","","","","","","","","","","",""
"MC099","1.1","polygon","44.9094173650468","通过","通过","通过","","","","","","","","","","","","",""
"MC100","0.9","polygon","54.204878742372","基准","不适用","通过","","","","","","","","","","","","",""
"MC100","1","polygon","60.2452474593911","通过","通过","通过","","","","","","","","","","","","",""
"MC100","1.1","polygon","66.2911895403643","通过","通过","通过","","","","","","","","","","","","",""
