scenario,model,seed,cases,all_cleared_rate,undiscovered_cases,undiscovered_sources,coverage_misses,exhausted_cases,exhausted_sources,failed_clears,anomalies,hard_fail_cases,mean_per_source,median_per_source,p90_per_source,p95_per_source,max_per_source,mean_total_per_source,mean_movement_per_source,mean_detect_switch_per_source,mean_clear_time_per_source,mean_last_discovery_per_source,mean_search_end_per_source,mean_search_movement_per_source,mean_not_ready_rate,mean_active_measurements_per_source,mean_co_measurements_per_source,mean_switches_per_source,mean_insertions_per_source,mean_decision_wall_s,mean_decomposition_error_s,mean_ci_low,mean_ci_high,bootstrap_mean
S0_baseline,I,pooled,600,1,0,0,0,0,0,0,0,0,306.8485753589189,302.91019230769234,370.59736363636364,385.3229,432.7724,306.8485753589189,247.8904368773232,53.95813835470086,5.0,140.83239535035054,165.58113280740693,115.17167451569864,0.47270646714396714,2.506908986846487,1.530755883005883,8.681239628427129,0.5805359362859362,0.9080413409996739,0.000253329720834851,303.1353939830623,310.55730640692184,306.83755142029787
S0_baseline,I,104729,200,1,0,0,0,0,0,0,0,0,306.38996632305196,303.96907692307695,365.2688181818182,376.99879999999996,430.4384545454546,306.38996632305196,247.61593770187028,53.774027867965366,5.0,140.1013208657686,165.77646104404994,115.3258989186753,0.45459600815850815,2.4722980144855145,1.5027543914418915,8.657947073759575,0.5825034965034965,0.8716407659987453,0.00025267349110663417,,,
S0_baseline,I,130363,200,1,0,0,0,0,0,0,0,0,310.68123892594906,299.63420604395606,379.56129999999996,389.3882,432.7724,310.68123892594906,250.6232444051093,55.0579955044955,5.0,142.49956215815925,168.450598390471,117.07678589047099,0.4849872211122211,2.535522102897103,1.5540739052614052,8.855801760739261,0.5838323135198136,0.9265260195004521,0.0002561004276049061,,,
S0_baseline,I,155921,200,1,0,0,0,0,0,0,0,0,303.47452082775555,300.6890824175824,368.1799,381.5433636363636,409.3154,303.47452082775555,245.43212852499002,53.04239169164169,5.0,139.89630302712376,162.51633898769987,113.11233873794963,0.47853617216117217,2.512906843156843,1.5354393523143524,8.52997005078255,0.5752719988344989,0.9259572374998243,0.00025121524379301263,,,
S0_baseline,J,pooled,600,1,0,0,0,0,0,0,0,0,301.1795087761683,298.0996785714285,365.48845454545454,379.63009999999997,414.5271818181818,301.1795087761683,237.18334728618152,58.996161796536796,5.0,132.12469268513692,161.1478167383585,105.25391575045751,0.4325290404040404,2.6461226551226553,1.6608732656232656,9.52911152042402,0.5824043525918526,1.087757216499449,0.00023775068340455618,297.5543219722585,304.86833669255225,301.17432578724026
S0_baseline,J,104729,200,1,0,0,0,0,0,0,0,0,300.4643105105936,300.9415,355.7344166666667,363.9774545454545,403.3532,300.4643105105936,236.44916753535185,59.01514316933067,5.0,130.22174837229502,161.07709932271732,105.03673980723279,0.4259542540792541,2.6291016275391277,1.6524635364635365,9.532744422244422,0.5853476107226108,1.0835251904999312,0.00025345677661562147,,,
S0_baseline,J,130363,200,1,0,0,0,0,0,0,0,0,304.9698997340992,297.3811236263736,374.61379999999997,388.0698,414.5271818181818,304.9698997340992,239.74508831361956,60.224812604062606,5.0,134.94271583244407,164.11705398814294,106.97058166879563,0.4335290959040959,2.6525780053280053,1.6654411005661005,9.743083916083917,0.5858867798867798,1.0767917259993556,0.00023014946694729587,,,
S0_baseline,J,155921,200,1,0,0,0,0,0,0,0,0,298.104316083812,294.242875,363.2555454545455,379.63009999999997,407.592,298.104316083812,235.3557860095731,57.74852961621712,5.0,131.20961385067164,158.24929690421524,103.7544257753441,0.43810377122877125,2.6566883325008326,1.66471515984016,9.311506222943724,0.5759786671661672,1.10295473299906,0.0002296458066507512,,,
S0_baseline,J+,pooled,600,1,0,0,0,0,0,0,0,0,295.57097096374457,291.7785416666667,359.1698,372.4558,405.6037,295.57097096374457,235.34571992989467,55.2252500971251,5.0,120.72804336086888,149.8923328674914,98.60272584950937,0.4660380591630592,2.0079501956376955,1.639956703019203,8.942169184981685,0.0,0.15858508633323556,0.0002477929543586773,292.041652321765,299.1127689695234,295.55925404826655
S0_baseline,J+,104729,200,1,0,0,0,0,0,0,0,0,295.13902228977275,294.7291282051282,353.2327,365.4559090909091,393.5872,295.13902228977275,234.9099951734071,55.22902676490177,5.0,118.49957902501599,149.78385432702413,98.41681834217563,0.4623503371628372,2.001814914252414,1.643530178155178,8.949639901764902,0.0,0.15798387850052678,0.0002568187916358511,,,
S0_baseline,J+,130363,200,1,0,0,0,0,0,0,0,0,298.3949741855228,292.3981888111888,368.0234,379.20770000000005,402.7142,298.3949741855228,236.9270709379869,56.46790107808858,5.0,124.13557247455724,152.87196908565778,100.31829259548127,0.46947989510489513,2.011309627872128,1.6446232725607726,9.151093406593407,0.0,0.1568204329998116,0.00024388923735386926,,,
S0_baseline,J+,155921,200,1,0,0,0,0,0,0,0,0,293.1789164159382,288.6715773809524,354.648,372.4853,405.6037,293.1789164159382,234.20009367829002,53.978822448384946,5.0,119.5489785830334,147.0211751897923,97.07306661087121,0.46628394522144523,2.010726044788545,1.6317166583416585,8.725774246586747,0.0,0.16095094749936834,0.00024267083408631153,,,
S1_boundary,I,pooled,600,1,0,0,0,0,0,0,0,0,352.46822867200854,344.341,427.76772727272726,444.2613,494.6516,352.46822867200854,287.0043362536619,60.46389285714286,5.0,152.32851536413148,162.06842292946718,110.91279355883782,0.9336433566433566,1.985824938949939,0.9127542596292596,9.800036921411921,0.19811167304917304,0.614352243499646,0.0002564022487566338,348.31646198474203,356.6762575246632,352.4701473058612
S1_boundary,I,104729,200,1,0,0,0,0,0,0,0,0,350.5399257287504,345.2972275641026,425.2369,437.11139999999995,481.8932,350.5399257287504,285.3217527716186,60.218172993672994,5.0,152.42320043344884,161.96070585285037,110.9853373671694,0.9346648976023976,1.9627650474525475,0.9105690559440559,9.759996898934398,0.18579120879120878,0.5929479194991291,0.00027756245219961784,,,
S1_boundary,I,130363,200,1,0,0,0,0,0,0,0,0,351.9042555144855,339.72043333333335,429.1946,445.36260000000004,494.6516,351.9042555144855,286.21776334773244,60.68649211205461,5.0,152.86510394647158,162.58264570535061,111.16570023415515,0.9347348276723276,1.9778479853479853,0.9051281426906427,9.840792603230103,0.200607017982018,0.6349304629997641,0.0002349177190399132,,,
S1_boundary,I,155921,200,1,0,0,0,0,0,0,0,0,354.9605047727897,346.19705357142857,432.89009999999996,456.64930000000004,483.5457,354.9605047727897,289.4734926416347,60.48701346570097,5.0,151.697241712474,161.66191723020057,110.58734307518891,0.9315303446553447,2.016861784049284,0.9225655802530802,9.799321262071262,0.20793679237429238,0.6151783480000449,0.0002567265750303704,,,
S1_boundary,J,pooled,600,1,0,0,0,0,0,0,0,0,326.93980897782774,322.46203846153844,395.7543,417.86800000000005,439.7159,326.93980897782774,255.91689320205106,66.02291608391609,5.0,139.6202561778426,162.740645784359,101.22769887709958,0.6173729048729049,2.220728681041181,1.3735022546897546,10.82286498917749,0.4429327339327339,1.4161318166663113,0.0002594933445023647,323.15352087087143,330.75796450046573,326.9419173794943
S1_boundary,J,104729,200,1,0,0,0,0,0,0,0,0,327.2593274332959,325.0419519230769,395.1353636363636,401.8401,439.7159,327.2593274332959,256.2846104152607,65.97471441058941,5.0,139.24976026557627,162.56202963011077,101.25948142831257,0.6249185606060607,2.238370442057942,1.383193494005994,10.80956684981685,0.4352638403263403,1.3955221180003718,0.00026439950124085954,,,
S1_boundary,J,130363,200,1,0,0,0,0,0,0,0,0,326.4727438826798,317.7010494505495,400.6527,424.72020000000003,434.77290000000005,326.4727438826798,255.02749509700095,66.4452513944389,5.0,140.01583232036944,163.49748391085868,101.57151866776843,0.6281531177156177,2.2388667998667997,1.3758061313686314,10.894180382117883,0.45355030386280387,1.4570004609989702,0.0002568089076089564,,,
S1_boundary,J,155921,200,1,0,0,0,0,0,0,0,0,327.0873556175075,323.1038461538461,394.85749999999996,413.61170000000004,432.2614,327.0873556175075,256.4385740938915,65.64878244671995,5.0,139.59517594758213,162.1624238121075,100.85209653521773,0.5990470362970363,2.1849488011988014,1.3615071386946387,10.764847735597735,0.4399840576090576,1.3958728709995922,0.00025727162465727816,,,
S1_boundary,J+,pooled,600,1,0,0,0,0,0,0,0,0,319.352263031975,315.2133076923077,385.9467,404.895,423.0041,319.352263031975,251.0151364623247,63.33712722693973,5.0,134.0441148644387,155.67626033390263,97.18021721729698,0.7121658827283828,1.756684835997336,1.3481803821178822,10.457295357420357,0.0,0.20380682316603876,0.0002597603148547023,315.61621812264957,323.09548837768875,319.353215875348
S1_boundary,J+,104729,200,1,0,0,0,0,0,0,0,0,319.34376135377124,318.8881858974359,382.13272727272727,390.70210000000003,417.7045,319.34376135377124,251.054358570206,63.28940507409258,5.0,133.75345954799965,155.51565671296277,97.18988681619284,0.717432504995005,1.7731000041625042,1.3515638736263735,10.450609702797204,0.0,0.20123332700110041,0.0002488775174424518,,,
S1_boundary,J+,130363,200,1,0,0,0,0,0,0,0,0,318.86620541527225,310.9438846153846,387.85540000000003,415.3666,422.24539999999996,318.86620541527225,250.2607935816536,63.60541225441226,5.0,134.4057358922272,156.31644555203883,97.46592667508243,0.7194387071262072,1.7492882534132534,1.3492633824508824,10.502233974358974,0.0,0.206320610998373,0.0002713289976213673,,,
S1_boundary,J+,155921,200,1,0,0,0,0,0,0,0,0,319.84682232688147,314.1963141025641,387.2891,403.24760000000003,423.0041,319.84682232688147,251.7302572351145,63.116564352314356,5.0,133.97314915308922,155.1966787367063,96.88483816061571,0.699626436063936,1.7476662504162503,1.3437138902763903,10.419042395104896,0.0,0.20386653149864287,0.0002590744295002878,,,
S2_min_radius,I,pooled,600,1,0,0,0,0,0,0,0,0,315.8175330374625,311.48172802197803,379.17100000000005,395.67330000000004,468.6058,315.8175330374625,254.64005803400408,56.177474886224886,5.0,153.65153982992067,166.57862244144954,115.0287393939415,0.5375812867687868,2.2844874153624155,1.2593602786102787,9.007468156843156,0.5162538572538573,0.9385207576659741,0.00024961298740663554,312.157992703134,319.5504472619304,315.82215879677113
S2_min_radius,I,104729,200,1,0,0,0,0,0,0,0,0,316.1616976543665,314.01338461538467,379.69425,395.2305,468.6058,316.1616976543665,255.06732671565362,56.09436963036963,5.0,154.56579534999474,166.1665481957175,114.67370693281373,0.532921848984349,2.268687291874792,1.2312522893772895,8.984880785880787,0.5115299908424908,0.9154129179992014,0.00024936199213243526,,,
S2_min_radius,I,130363,200,1,0,0,0,0,0,0,0,0,311.4807215443723,307.5357967032967,363.24233333333336,381.38372727272724,432.6447,311.4807215443723,251.25149157272432,55.22923018648019,5.0,151.104390323829,164.9215757609513,114.26183354483408,0.5342068972693973,2.2829920496170497,1.2725989635364636,8.861513528138529,0.5145257659007659,0.9499007889990753,0.0002486817844396683,,,
S2_min_radius,I,155921,200,1,0,0,0,0,0,0,0,0,319.8101799136488,316.0894166666667,392.34540000000004,399.6237,434.87827272727276,319.8101799136488,257.60135581363426,57.20882484182484,5.0,155.28443381593829,168.64774336767988,116.15067770417672,0.5456151140526141,2.3017829045954046,1.2742295829170829,9.176010156510156,0.522705815018315,0.9502485659996455,0.000250795185647803,,,
S2_min_radius,J,pooled,600,1,0,0,0,0,0,0,0,0,310.31603033612913,307.31877499999996,374.96619999999996,390.20145454545457,477.5403,310.31603033612913,244.72349411974486,60.59253703934954,5.0,144.31721046929127,161.3333032467069,104.57847739200602,0.4464397893772894,2.2726817071817074,1.2699231393606394,9.728291389166388,0.507841144966145,0.998542820999525,0.00025171910583670373,306.6182433526085,314.0677977711911,310.3215611889028
S2_min_radius,J,104729,200,1,0,0,0,0,0,0,0,0,311.4742587634241,309.2242380952381,379.7836,398.11019999999996,477.5403,311.4742587634241,245.81066006329812,60.66359962953713,5.0,144.48573219699006,161.87348129481492,105.08130164113527,0.44531558025308027,2.265577589077589,1.220864343989344,9.730013215950716,0.521830919080919,0.9972868195000046,0.00026322580245505376,,,
S2_min_radius,J,130363,200,1,0,0,0,0,0,0,0,0,305.93367028883614,302.82021703296704,364.464,374.54090909090905,437.6064,305.93367028883614,241.53491829890353,59.39875418331668,5.0,142.2478504335282,158.9873283324038,103.34538344395891,0.44213594738594736,2.2834442224442224,1.3036641483516482,9.540566745754246,0.5094281551781552,1.042919697999896,0.00024971141013566014,,,
S2_min_radius,J,155921,200,1,0,0,0,0,0,0,0,0,313.5401619561272,310.8455174825175,385.2246,392.2711,429.17780000000005,313.5401619561272,246.82490399703298,61.715257305194804,5.0,146.2180487773555,163.1391001129019,105.30874709092387,0.4518678404928405,2.26902331002331,1.2852409257409256,9.914294205794207,0.49226436063936063,0.9554219454986742,0.00024222010491939728,,,
S2_min_radius,J+,pooled,600,1,0,0,0,0,0,0,0,0,305.21116359937287,300.3847366071428,367.9887,388.3675,442.591,305.21116359937287,242.26330205708814,57.94785936979687,5.0,134.1167319243508,151.08784387285044,98.08190498534904,0.5221636627261628,1.8559735125985126,1.3595512959262959,9.34445575951826,0.0,0.18254519649946208,0.0002506410730135637,301.5737148509081,308.8833848484157,305.22245500289404
S2_min_radius,J+,104729,200,1,0,0,0,0,0,0,0,0,307.1158920877872,305.22681025641026,372.37466666666666,389.42109999999997,442.591,307.1158920877872,243.84360877651443,58.272281822344326,5.0,133.75120872957217,151.48141789601235,98.20050301922245,0.5136928488178488,1.8718093573093573,1.3570012487512488,9.393040542790542,0.0,0.18442257149887153,0.00024954035650353034,,,
S2_min_radius,J+,130363,200,1,0,0,0,0,0,0,0,0,300.7481860655386,296.2061166666667,354.6025,371.4295,419.94960000000003,300.7481860655386,239.14065170248782,56.60753217615718,5.0,132.48933957251495,148.78018598022493,97.005061063475,0.517913961038961,1.8475459956709956,1.3661008782883783,9.125640942390943,0.0,0.18366385399975116,0.00024181220682294223,,,
S2_min_radius,J+,155921,200,1,0,0,0,0,0,0,0,0,307.7694126447927,301.0033571428571,374.6034,389.5551,416.8648,307.7694126447927,243.80564569226217,58.96376411088911,5.0,136.1096474709653,153.00192774231402,99.04015087334966,0.5348841783216783,1.8485651848151847,1.3555517607392606,9.514685793373292,0.0,0.17954916399976356,0.00026057065571421844,,,
S3_systematic_bias,I,pooled,600,1,0,0,0,0,0,0,0,0,310.5954635337926,305.1842023809524,376.85790000000003,387.3440909090909,437.6343,310.5954635337926,250.06491934617213,55.53054356060606,5.0,142.24476628521273,166.02057404424772,115.00122755046372,0.5284101384726385,2.7541219336219336,1.6935053418803419,8.90961879093129,0.5917355491730492,1.0950184346661749,0.0002471892580592794,306.8842866330546,314.38777511234645,310.5796139582618
S3_systematic_bias,I,104729,200,1,0,0,0,0,0,0,0,0,311.01160827755575,307.05833333333334,376.85790000000003,383.0173,420.20709999999997,311.01160827755575,250.317576340109,55.69403096903097,5.0,141.44250799241658,165.90193042496097,114.68851606848412,0.5214184981684982,2.775168269230769,1.70194517982018,8.944046058108558,0.5998583083583083,1.1144764859991847,0.00024376521851081633,,,
S3_systematic_bias,I,130363,200,1,0,0,0,0,0,0,0,0,312.9268998805153,304.11330769230767,379.6351,390.6041,437.6343,312.9268998805153,251.58341433666973,56.34348378704629,5.0,143.62370691723706,168.92108662463298,116.99988012280147,0.531738116050616,2.7432692307692306,1.6863938353313352,9.036624916749917,0.591888215950716,1.0802847889997065,0.0002578500511162929,,,
S3_systematic_bias,I,155921,200,1,0,0,0,0,0,0,0,0,307.8478824433067,302.9781230769231,370.1805,386.8959090909091,412.19539999999995,307.8478824433067,248.29376736173768,54.55411592574092,5.0,141.66808394598456,163.23870508314923,113.3152864601056,0.5320738011988012,2.743928300865801,1.6921770104895104,8.748185397935398,0.5834601232101232,1.0902940289996332,0.00023995250455072892,,,
S3_systematic_bias,J,pooled,600,1,0,0,0,0,0,0,0,0,301.8359705069444,297.1198766233766,365.7386,379.1053,416.841,301.8359705069444,236.74102050778566,60.09495159007659,5.0,131.68386996032993,160.94145496102118,104.68870753483625,0.473168185980686,2.8458574064824065,1.7831611582861584,9.675993117993118,0.5944842102342103,1.321041633333807,0.00025865417856797045,298.25473692538543,305.50534982097315,301.8372292427917
S3_systematic_bias,J,104729,200,1,0,0,0,0,0,0,0,0,302.0577836916001,301.4628785714285,361.7318,369.90189999999996,406.207,302.0577836916001,236.77463620415958,60.283148289210786,5.0,129.39309776748385,160.74602892464432,104.34103935171724,0.4693650308025308,2.8528067765567764,1.7863738344988345,9.700257326007327,0.5955298451548452,1.3227755090007849,0.00026435685670776364,,,
S3_systematic_bias,J,130363,200,1,0,0,0,0,0,0,0,0,305.4345641603397,296.8389480519481,377.5838,386.476,416.841,305.4345641603397,239.03167097645098,61.40289679070929,5.0,134.70801899280337,164.08142814744684,106.4902961128148,0.4794313603063603,2.8681408175158176,1.7978413877788877,9.903507742257743,0.6013851565101566,1.3179534345002322,0.00026577114706924474,,,
S3_systematic_bias,J,155921,200,1,0,0,0,0,0,0,0,0,298.0155636688936,295.71446153846153,358.28527272727274,375.6778,415.72650000000004,298.0155636688936,234.41675434274646,58.59880969030969,5.0,130.9504931207026,157.9969078109724,103.23478713997672,0.47070816683316685,2.8166246253746254,1.7652682525807526,9.424214285714285,0.5865376290376291,1.3223959565004042,0.00024583453192690287,,,
S3_systematic_bias,J+,pooled,600,1,0,0,0,0,0,0,0,0,295.3046422241994,291.8007692307692,356.7275,371.28200000000004,403.9183,295.3046422241994,235.00538686972197,55.29925577894328,5.0,120.94372578941139,149.60733615348335,98.39994818728286,0.45774923687423685,2.025219960594961,1.6430881826506827,8.940183566433566,0.0,0.18241066849906928,0.0002454598000796674,291.8258257968373,298.8917723246106,295.2988086514089
S3_systematic_bias,J+,104729,200,1,0,0,0,0,0,0,0,0,295.1555894143565,295.13792307692313,352.0565454545454,363.9945,393.99989999999997,295.1555894143565,234.9080695368739,55.24752247752248,5.0,118.19241177833587,149.33119299775973,98.15355655087328,0.45516893523143526,2.0212927697302696,1.6462581585081586,8.935091054778555,0.0,0.18361472749864333,0.00025500686656641845,,,
S3_systematic_bias,J+,130363,200,1,0,0,0,0,0,0,0,0,297.8348762721445,291.1415340909091,364.7572,380.6995,403.9183,297.8348762721445,236.28677890024807,56.54809636197136,5.0,124.37739135153922,152.7253578186202,100.22465818492056,0.4576627747252747,2.0300398143523144,1.6474660339660339,9.160858495670995,0.0,0.17985548699987702,0.00023854964931160794,,,
S3_systematic_bias,J+,155921,200,1,0,0,0,0,0,0,0,0,292.9234609860972,287.4231785714286,352.98,371.28200000000004,403.63800000000003,292.9234609860972,233.82131217204395,54.102148497335996,5.0,120.2613742383591,146.76545764407007,96.82162982605475,0.4604160006660007,2.024327297702298,1.6355403554778556,8.724601148851148,0.0,0.1837617909986875,0.00024282288436097588,,,
S4_clustered,I,pooled,600,1,0,0,0,0,0,0,0,0,224.03859152889473,220.91333333333336,285.11990909090906,295.19827272727275,364.6152,224.03859152889473,167.32011687751373,51.71847451853702,5.0,107.08841335682433,159.01714068925116,110.9423004392234,0.47321760878010877,2.4497621822621825,1.702024184149184,8.431690226440226,0.49688118825618827,0.9983345025003655,0.00024845310580398443,220.30184083273238,227.8611821906852,224.09726040298133
S4_clustered,I,104729,200,1,0,0,0,0,0,0,0,0,220.17402916294122,220.21658012820512,279.50345454545453,288.9497272727273,362.4062727272727,220.17402916294122,164.59098734646966,50.583043997668995,5.0,104.37814678097244,157.3773721700261,110.19891774944668,0.4773196803196803,2.4309910714285716,1.6799734848484849,8.247121482683983,0.5001186938061938,0.9857722830001149,0.0002470297152058265,,,
S4_clustered,I,130363,200,1,0,0,0,0,0,0,0,0,226.99479117388861,221.49175000000002,292.3718,310.884,364.6152,226.99479117388861,169.94527995303156,52.04951098901099,5.0,106.15180637774658,158.3594159929676,110.30266819909481,0.47487693556443555,2.4995227064602066,1.7466231060606061,8.481634074259075,0.4929614343989344,1.0172435169994423,0.00023411426749760266,,,
S4_clustered,I,155921,200,1,0,0,0,0,0,0,0,0,224.94695424985431,220.91065384615385,281.4931818181818,292.5273,318.9908,224.94695424985431,167.42408333303993,52.52286856893107,5.0,110.73528691175396,161.31463390475975,112.32531536912872,0.46745621045621044,2.4187727688977687,1.6794759615384616,8.566315122377622,0.49756343656343655,0.9919877075015393,0.00026421533470852407,,,
S4_clustered,J,pooled,600,1,0,0,0,0,0,0,0,0,216.68901217752386,211.9607476190476,274.7572727272727,291.94509090909094,345.66027272727274,216.68901217752386,156.07046398548366,55.618549686424686,5.0,89.17522432515491,152.32782371884664,100.2191064777544,0.4300127025752026,2.5694262751137753,1.8010577478077479,9.09694198856699,0.5143051948051948,1.1566544894996817,0.00024992301596607074,212.93470910063962,220.48303564733322,216.73694935184926
S4_clustered,J,104729,200,1,0,0,0,0,0,0,0,0,213.00915214687396,213.2256891025641,270.8670909090909,284.41018181818185,330.0464,213.00915214687396,153.17160276940982,54.83755296786547,5.0,88.00673343517089,150.91329636058686,99.37334233544532,0.41781943056943055,2.5649723401598403,1.7925387737262737,8.96811833999334,0.5075705960705961,1.1563364695002383,0.00025145397329538353,,,
S4_clustered,J,130363,200,1,0,0,0,0,0,0,0,0,218.9239078917749,209.7938896103896,287.77445454545455,310.0485,345.66027272727274,218.9239078917749,157.79724608832086,56.1266645021645,5.0,90.86752876586137,152.36198381820745,99.99481939929302,0.4400590867465867,2.6055313644688645,1.837763444888445,9.18005559024309,0.5136086621711622,1.1771065644994088,0.0002620988357131182,,,
S4_clustered,J,155921,200,1,0,0,0,0,0,0,0,0,218.13397649392275,213.00573214285714,274.2133636363637,282.5783,334.16790000000003,218.13397649392275,157.24254309872026,55.89143158924409,5.0,88.65141077443248,153.70819097774563,101.28915769852485,0.4321595904095904,2.5377751207126207,1.7728710248085249,9.142652035464536,0.5217363261738261,1.1365204344993982,0.00023621623888971045,,,
S4_clustered,J+,pooled,600,1,0,0,0,0,0,0,0,0,209.88013241426628,205.7803846153846,268.0932307692308,280.9018,336.70836363636363,209.88013241426628,152.36502141740615,52.51511123598624,5.0,82.92355165244896,141.71431821468448,94.23464661545037,0.4996187076812077,2.035010767010767,1.8074168678543678,8.5951718004218,0.0,0.12068313316674903,0.00025228629090671956,206.4072051227701,213.39967595986684,209.9210886210492
S4_clustered,J+,104729,200,1,0,0,0,0,0,0,0,0,206.61955501752414,203.97835576923077,258.7425,276.1765454545455,298.8331,206.61955501752414,150.0681648272086,51.551390567765566,5.0,80.60096212118694,138.95730534106386,92.38730113693462,0.4943507742257742,2.0236482475857476,1.7837305402930403,8.434025536963038,0.0,0.12220633600038128,0.0002453260580676897,,,
S4_clustered,J+,130363,200,1,0,0,0,0,0,0,0,0,212.6235253681735,205.5622238095238,277.27163636363633,288.8234545454545,336.70836363636363,212.6235253681735,154.79487018116552,52.82865561521812,5.0,85.52196990144336,142.78990174774134,94.97653128487086,0.49008289627039625,2.0353617216117215,1.8023763736263736,8.648622523310022,0.0,0.12162686000054236,0.0002601708533092051,,,
S4_clustered,J+,155921,200,1,0,0,0,0,0,0,0,0,210.39731685710123,206.98175274725276,258.7129,271.3523,300.9727,210.39731685710123,152.23202924384435,53.16528752497503,5.0,82.64772293471661,143.3957475552483,95.34010742454565,0.5144224525474526,2.046022331834832,1.8361436896436896,8.702867340992341,0.0,0.11821620349932345,0.0002513619613432638,,,
S5_max_load,I,pooled,600,1,0,0,0,0,0,0,0,0,250.1783696875,252.67168750000002,276.005,284.324625,303.1193125,250.1783696875,206.07420317632713,39.104166666666664,5.0,112.11834028833333,115.10790677014693,81.3383234368136,0.5639583333333333,2.555833333333333,1.6282291666666666,6.207291666666666,0.47322916666666665,1.1064550918334377,0.0002536741817327008,248.42969563541666,251.9013681380208,250.16653863373958
S5_max_load,I,104729,200,1,0,0,0,0,0,0,0,0,249.8158765625,251.4929375,276.15975,282.55975,295.4146875,249.8158765625,205.67806307812324,39.1378125,5.0,111.8898389884375,114.69522422380707,80.91397422380707,0.57,2.57875,1.6434375,6.205,0.4753125,1.0946815170007176,0.0002623847476706942,,,
S5_max_load,I,130363,200,1,0,0,0,0,0,0,0,0,249.732745,252.199125,274.5276875,282.599375,303.1193125,249.732745,205.51962139667026,39.213125,5.0,112.0435122778125,115.15050401419806,81.33581651419807,0.563125,2.5459375,1.615,6.22875,0.4746875,1.1002599899994676,0.0002544941321184524,,,
S5_max_load,I,155921,200,1,0,0,0,0,0,0,0,0,250.9864875,253.176,277.1290625,284.324625,294.853875,250.9864875,207.02492505418792,38.9615625,5.0,112.42166959875,115.47799207243564,81.76517957243564,0.55875,2.5428125,1.62625,6.188125,0.4696875,1.1244237685001282,0.0002441436654089557,,,
S5_max_load,J,pooled,600,1,0,0,0,0,0,0,0,0,244.67077114583333,246.15234375,271.052625,277.9765625,297.25175,244.67077114583333,198.119312511338,41.551458333333336,5.0,105.59381942885416,111.03150460783802,74.47546294117134,0.5270833333333333,2.6779166666666665,1.7289583333333334,6.616041666666667,0.47760416666666666,1.313770539333879,0.0002473022265212421,243.00461607031255,246.28356399479165,244.66765456922917
S5_max_load,J,104729,200,1,0,0,0,0,0,0,0,0,245.21351218750002,246.95746875,271.07875,279.694125,297.25175,245.21351218750002,198.87132434303717,41.3421875,5.0,105.7028842428125,111.41006158860455,74.97974908860455,0.5175,2.679375,1.7225,6.5828125,0.4759375,1.333101971999422,0.00024296091133010122,,,
S5_max_load,J,130363,200,1,0,0,0,0,0,0,0,0,244.68723,246.78771875,270.91825,278.775125,295.9296875,244.68723,198.00379382823786,41.6834375,5.0,105.1595619484375,110.65521681059893,74.05490431059893,0.535625,2.6759375,1.728125,6.64125,0.4809375,1.2785059600006208,0.0002444179024337245,,,
S5_max_load,J,155921,200,1,0,0,0,0,0,0,0,0,244.11157125,244.06090625000002,270.1544375,277.50525,295.3090625,244.11157125,197.48281936273895,41.62875,5.0,105.9190120953125,111.02923542431058,74.39173542431058,0.528125,2.6784375,1.73625,6.6240625,0.4759375,1.3297036860015943,0.00025452786579990063,,,
S5_max_load,J+,pooled,600,1,0,0,0,0,0,0,0,0,239.42797604166665,240.11353125,262.8901875,269.4799375,303.290875,239.42797604166665,196.12214157282702,38.30583333333333,5.0,94.78301457510416,99.55612011879022,67.55403678545689,0.5961458333333334,2.151666666666667,1.7003125,6.087083333333333,0.0,0.2594647211666355,0.00025035131998492945,237.8526935625,240.99354840625,239.42493835703127
S5_max_load,J+,104729,200,1,0,0,0,0,0,0,0,0,238.8459025,240.44496875,262.4680625,266.4770625,289.836,238.8459025,195.79402721265046,38.051875,5.0,94.505914235625,99.36130201038804,67.58630201038804,0.5890625,2.145625,1.69625,6.058125,0.0,0.2519933889999811,0.0002570470294858751,,,
S5_max_load,J+,130363,200,1,0,0,0,0,0,0,0,0,240.1860940625,240.35521875,263.85825,275.9010625,303.290875,240.1860940625,196.7157795122662,38.4703125,5.0,94.678083081875,99.56943410219108,67.42755910219108,0.6046875,2.150625,1.695,6.096875,0.0,0.25707464149978476,0.00024058556948602927,,,
S5_max_load,J+,155921,200,1,0,0,0,0,0,0,0,0,239.2519315625,239.48459375,260.486625,269.4799375,284.0185625,239.2519315625,195.85661799356438,38.3953125,5.0,95.1650464078125,99.73762424379153,67.64824924379153,0.5946875,2.15875,1.7096875,6.10625,0.0,0.2693261330001405,0.0002534213609828839,,,
S6_compound,I,pooled,600,1,0,0,0,0,0,0,0,0,195.62844302083334,199.60168750000003,223.3561875,226.6121875,265.976625,195.62844302083334,138.10823496535093,52.520208333333336,5.0,121.852772956875,122.07902295325465,82.93839795325465,1.0,2.3411458333333335,1.7836458333333334,8.642083333333334,0.04645833333333333,0.8881141878333195,0.0002466119737450375,193.42012209375002,197.82216348437495,195.6440530015729
S6_compound,I,104729,200,1,0,0,0,0,0,0,0,0,194.6027915625,198.34840625,223.2943125,225.179875,238.9521875,194.6027915625,137.43497998811037,52.1678125,5.0,121.8640074721875,122.10025746797696,83.05869496797696,1.0,2.303125,1.776875,8.5834375,0.046875,0.8564013834997604,0.00025300123721081033,,,
S6_compound,I,130363,200,1,0,0,0,0,0,0,0,0,194.820840625,199.75671875,222.736,225.8921875,256.635125,194.820840625,137.71833922006013,52.1025,5.0,119.6099663296875,119.82559132551303,81.44871632551303,1.0,2.3940625,1.805625,8.5696875,0.0453125,0.916017642000079,0.00024862906129044407,,,
S6_compound,I,155921,200,1,0,0,0,0,0,0,0,0,197.461696875,199.9418125,223.6111875,233.917125,265.976625,197.461696875,139.17138568788226,53.2903125,5.0,124.08434506875,124.31122006627398,84.30778256627397,1.0,2.32625,1.7684375,8.773125,0.0471875,0.8919235380001191,0.00023820562273385804,,,
S6_compound,J,pooled,600,1,0,0,0,0,0,0,0,0,223.1345309375,221.14071875000002,262.095125,271.7691875,294.7338125,223.1345309375,153.32494829253994,64.80958333333334,5.0,128.964901956875,131.14177695758676,81.77188112425341,0.9996875,3.4769791666666667,2.5282291666666667,10.704895833333333,0.155625,1.8203675426670816,0.0002542703580043811,220.7028541796875,225.50023634114584,223.13493979766668
S6_compound,J,104729,200,1,0,0,0,0,0,0,0,0,225.0637278125,222.79965625,267.6523125,272.3596875,294.7338125,225.0637278125,154.9709150270235,65.0928125,5.0,129.464926445,131.61742644467893,82.03086394467893,0.999375,3.4990625,2.5315625,10.750625,0.161875,1.787429286999395,0.0002640111816265289,,,
S6_compound,J,130363,200,1,0,0,0,0,0,0,0,0,219.1403409375,216.61190625,254.3914375,268.23975,294.0915,219.1403409375,150.34190418348544,63.7984375,5.0,127.3684112171875,129.52091121735862,80.90653621735862,0.9996875,3.4240625,2.5090625,10.53125,0.1528125,1.8681960810007876,0.00023324257478634535,,,
S6_compound,J,155921,200,1,0,0,0,0,0,0,0,0,225.1995240625,222.39334374999999,261.388625,273.71375,293.8343125,225.1995240625,154.66202566711092,65.5375,5.0,130.0613682084375,132.2869932107227,82.37824321072269,1.0,3.5078125,2.5440625,10.8328125,0.1521875,1.805477260001062,0.00026555731760026903,,,
S6_compound,J+,pooled,600,1,0,0,0,0,0,0,0,0,215.54541375,213.547,249.1995,259.365375,278.8778125,215.54541375,148.19905883300405,62.346354166666664,5.0,125.43402974770834,127.68027975003034,81.11465475003031,1.0,3.0646875,2.3657291666666667,10.303125,0.0,0.5195603383328126,0.0002482217601565632,213.3642949739583,217.66866058072918,215.54550472818752
S6_compound,J+,104729,200,1,0,0,0,0,0,0,0,0,215.8172175,213.18209375,248.134,257.3170625,266.7836875,215.8172175,148.18940337482942,62.6278125,5.0,125.789741814375,128.03411681584177,81.32661681584175,1.0,3.0859375,2.379375,10.35125,0.0,0.5273189049999928,0.00026053105014682386,,,
S6_compound,J+,130363,200,1,0,0,0,0,0,0,0,0,214.31817,212.17109375,248.938875,258.9433125,278.8778125,214.31817,147.67629424750973,61.641875,5.0,123.9874679290625,126.20559293194592,80.3024679319459,1.0,3.063125,2.3621875,10.179375,0.0,0.5211821604991564,0.00024120442705907407,,,
S6_compound,J+,155921,200,1,0,0,0,0,0,0,0,0,216.50085375,214.20850000000002,251.1894375,259.7955625,271.9818125,216.50085375,148.73147887667298,62.769375,5.0,126.5248794996875,128.80112950230333,81.7148795023033,1.0,3.045,2.355625,10.37875,0.0,0.5101799494992884,0.00024292980326379165,,,
