组号,监测点,M_x(m),M_y(m),S_x(m),S_y(m),真实方位(°),加入误差(°),示向度(°),源点距离(m)
MC001,M1,-1493.4354362559463,507.44943783119527,-1048.7279913727755,1233.3223001266417,58.50619891149663,-0.6523989214782375,57.85379999001839,851.2673632599235
MC001,M2,-1408.5116852491758,1963.9939952370446,-1048.7279913727755,1233.3223001266417,296.215694964184,-0.4943845549835828,295.72131040920044,814.447931064262
MC001,M3,-1132.1761409475348,1907.6111239886404,-1048.7279913727755,1233.3223001266417,277.05489837253515,0.00985399018827593,277.0647523627234,679.4328602979465
MC001,M4,-617.6835506172049,1645.3930688075588,-1048.7279913727755,1233.3223001266417,223.71081928538283,0.07049071271876528,223.7813099981016,596.3234259255329
MC001,M5,-1854.1681043981455,1203.6759124056055,-1048.7279913727755,1233.3223001266417,2.1079735076975328,0.3703947308659963,2.4783682385635366,805.9855358349968
MC002,M1,387.79859160957795,-1446.6876996722517,-207.30225026166812,-1317.3426183914942,167.73749403269136,0.5059693251581905,168.24346335784955,608.9952069165993
MC002,M2,230.74923369071206,-639.6157960051091,-207.30225026166812,-1317.3426183914942,237.1232291416635,0.8518687329817567,237.97509787464526,806.9713429700147
MC002,M3,-500.5360045599209,-1485.2399834827409,-207.30225026166812,-1317.3426183914942,29.79423356395805,-0.9501806157846886,28.84405294817336,337.89874202848324
MC002,M4,338.04317070536314,-1809.7767909231982,-207.30225026166812,-1317.3426183914942,137.91870112237757,-0.888973585339528,137.02972753703804,734.7741438337991
MC003,M1,-898.1164712160447,-428.0225141764023,-802.4030137190521,-346.47507344899896,40.43084982549868,-0.8721522158983532,39.55869760960034,125.74200187374933
MC003,M2,-455.7677540700394,-578.6588719449503,-802.4030137190521,-346.47507344899896,146.18496844572564,-0.6271482622958331,145.5578201834298,417.2113607225323
MC003,M3,-1191.6321967124004,-966.7145635472984,-802.4030137190521,-346.47507344899896,57.889813237661016,-0.05649039656455557,57.833322841096454,732.2543150921462
MC004,M1,299.15096813705617,-674.5253856668329,775.1962017547272,-1245.253686908773,309.8315301603596,0.14356192887095176,309.97509208923054,743.2024342590744
MC004,M2,898.5885625336107,-506.0839528723782,775.1962017547272,-1245.253686908773,260.522790394021,0.7251247387399076,261.2479151327609,749.3981387847323
MC005,M1,-554.386222180731,-986.1704205673367,-566.0285300333678,-1503.839585501109,268.71164303590854,-0.00440832487811349,268.7072347110304,517.8000653296258
MC005,M2,-1136.528345656015,-1164.59005621909,-566.0285300333678,-1503.839585501109,329.2620324478688,-0.35630038012902787,328.9057320677398,663.7471527197281
MC005,M3,-194.99521009110236,-807.4318952335817,-566.0285300333678,-1503.839585501109,241.95212265054522,-0.9556033359731941,240.99651931457203,789.0813618196363
MC005,M4,-1254.3356820484887,-1910.630866880282,-566.0285300333678,-1503.839585501109,30.583195626973144,0.3023834895546429,30.88557911652779,799.5285374026847
MC005,M5,-1392.8437128009962,-1835.5584774739318,-566.0285300333678,-1503.839585501109,21.86069468501095,-0.0847135728498074,21.77598111216115,890.8764054271187
MC005,M6,-175.61618562318728,-965.1703182543432,-566.0285300333678,-1503.839585501109,234.06645576300645,0.6981678463121739,234.76462360931862,665.2716574032153
MC006,M1,-775.3399721354746,-1603.8314697633648,-311.4890778608651,-1577.5840758832492,3.2386762294783926,0.00853980557030809,3.247216035048714,464.5929162232813
MC006,M2,-2.8190150454156537,-2366.007894450368,-311.4890778608651,-1577.5840758832492,111.38047783313593,0.7507626333443795,112.13124046648029,846.6931707309624
MC006,M3,201.55872971832196,-1504.0714312776247,-311.4890778608651,-1577.5840758832492,188.15418954309845,0.5185405654987676,188.67273010859722,518.2877210379611
MC006,M4,456.887819671815,-1290.9585610160398,-311.4890778608651,-1577.5840758832492,200.45688558871032,-0.5990751621814923,199.85781042652883,820.0958739286765
MC007,M1,-1928.7413787959572,-422.3531204067991,-1464.9461230716663,-286.1661284352747,16.364138780708,0.6973850854537886,17.061523866161775,483.37659853846094
MC007,M2,-1063.0139170196649,114.78896993533351,-1464.9461230716663,-286.1661284352747,224.93027151092505,-0.53087393471219,224.39939757621286,567.7274779075016
MC008,M1,43.48548750984582,771.7284992452048,-38.500116849601206,618.0992725995364,241.91299225617632,0.4043972592117484,242.31738951538807,174.1366664488841
MC008,M2,271.14388581113496,589.5743963672924,-38.500116849601206,618.0992725995364,174.73668097984222,-0.06429694628033644,174.67238403356188,310.9551043926226
MC008,M3,-98.24231138683132,1355.077776509011,-38.500116849601206,618.0992725995364,274.6344733094088,0.5431620022491757,275.177635311658,739.3960001465871
MC008,M4,-386.3028999636478,299.5432575833772,-38.500116849601206,618.0992725995364,42.48687702926971,0.7523562014742424,43.23923323074397,471.64044636232376
MC009,M1,1224.3647452681964,-59.868514702718585,862.3653429456645,684.7781579282623,115.92604546473449,0.7478002681725116,116.67384573290701,827.9747788080634
MC009,M2,387.0037516791333,1364.0449408441566,862.3653429456645,684.7781579282623,304.98493441403224,-0.28958102587114354,304.6953533881611,829.0790100010718
MC009,M3,1582.2617168629356,343.559183565953,862.3653429456645,684.7781579282623,154.6398220249093,0.1019911029663092,154.74181312787562,796.6688004711253
MC009,M4,1591.1292393959875,857.9094346819716,862.3653429456645,684.7781579282623,193.36392845439738,0.35275911378843716,193.71668756818582,749.0468982379051
MC009,M5,459.2770455001201,1217.3221431481797,862.3653429456645,684.7781579282623,307.1224726016321,0.07633675704823872,307.19880935868036,667.8946561632749
MC009,M6,1603.0888804630254,1046.9354459043807,862.3653429456645,684.7781579282623,206.05510477112693,-0.7223161681294812,205.33278860299745,824.5175924541879
MC010,M1,-654.0381690200926,-936.8657992355844,-1353.190919229435,-988.8311776546075,184.25076237156,0.6968421416752335,184.94760451323523,701.0812853582096
MC010,M2,-504.70945274297674,-1182.8017786936025,-1353.190919229435,-988.8311776546075,167.12294614399153,0.3460589536153691,167.4690050976069,870.3708365050151
MC010,M3,-1713.9801638625895,-1134.0243647624925,-1353.190919229435,-988.8311776546075,21.921439030303564,-0.7847470743840574,21.136691955919495,388.90865331785506
MC010,M4,-1638.456139210221,-1709.9871075157569,-1353.190919229435,-988.8311776546075,68.41790183804478,0.8702363195198473,69.28813815756462,775.5269956001437
MC010,M5,-1569.135315120682,-1210.334482958447,-1353.190919229435,-988.8311776546075,45.72805252971181,0.6995356481420458,46.42758817785384,309.34721006881836
MC010,M6,-1017.0592150218367,-1347.3326616469005,-1353.190919229435,-988.8311776546075,133.155499630021,-0.24464442752750415,132.9108552024935,491.43446826426475
MC011,M1,876.3109272996564,-1317.024976220705,1203.930698129494,-1279.43700902658,6.544954036108223,-0.15394273068179132,6.391011305426443,329.7689638464813
MC011,M2,1421.361691436131,-1904.9337812605677,1203.930698129494,-1279.43700902658,109.16813100953223,0.4631049893625345,109.63123599889475,662.2102754604823
MC011,M3,670.746770229041,-1269.8038440893947,1203.930698129494,-1279.43700902658,358.9649356977392,-0.3769152632945634,358.5880204344446,533.270943178102
MC011,M4,1012.2617904071885,-629.2165817815246,1203.930698129494,-1279.43700902658,286.42421371837565,-0.3706922180134029,286.05352150036225,677.8816815596981
MC012,M1,639.239008733072,1989.5218616779975,-106.16967117142185,1527.4125409068483,211.7964664090645,-0.0009733711037540616,211.79549303796074,877.0285767411077
MC012,M2,-567.4908147326579,1320.8755233459633,-106.16967117142185,1527.4125409068483,24.118428864360013,0.7702197599199962,24.88864862428002,505.4450881347962
MC013,M1,-70.52320457690655,-508.79461423979274,-551.7213744518065,-1214.8905392662066,235.72591363962948,0.12680543163358493,235.85271907126307,854.4724302339193
MC013,M2,-144.07645068443554,-1593.2289017870871,-551.7213744518065,-1214.8905392662066,137.1353695281191,-0.934255530034136,136.20111399808496,556.1603189982965
MC013,M3,-410.2533019438159,-938.244987306514,-551.7213744518065,-1214.8905392662066,242.9161869322947,0.29698809371129187,243.21317502600598,310.7184850603663
MC014,M1,-422.8469245328889,-39.22696212961807,-37.661080092891865,755.5856910666942,64.14402554079744,0.3462374395936081,64.49026298039107,883.2300314402329
MC014,M2,20.10339962110924,626.4983361223685,-37.661080092891865,755.5856910666942,114.107735020322,0.8482328178562284,114.95596783817821,141.42234732584365
MC015,M1,370.39209346858377,1149.740348727954,522.0896288122264,525.7842484924149,283.6647552477739,0.577589473487933,284.2423447212618,642.1318846237723
MC015,M2,405.19880576015044,1189.1317262340726,522.0896288122264,525.7842484924149,279.9936975124065,0.6104093669221129,280.60410687932864,673.5676215050801
MC015,M3,752.54777490087,945.0942541374848,522.0896288122264,525.7842484924149,241.20624163352983,-0.734387448588393,240.47185418494144,478.4682203999374
MC015,M4,544.9943575988941,-228.86198207554924,522.0896288122264,525.7842484924149,91.73848549659658,-0.17948795835599185,91.55899753824058,754.9937482596977
MC016,M1,839.9913119328526,400.31651978636796,658.5600063710003,-198.9581378938656,253.1562327456855,-0.06718845358537351,253.0890442921001,626.1369131233514
MC016,M2,393.0133351717425,596.9852106127379,658.5600063710003,-198.9581378938656,288.4499922836901,-0.07299554949003095,288.3769967342001,839.0714204505545
MC017,M1,-288.26464088801197,-1210.6692239229706,-370.52416513838824,-1344.4034675614053,238.40445440196908,0.4208673467538233,238.8253217487229,157.00788913759223
MC017,M2,-994.4373317051993,-1524.9161065767848,-370.52416513838824,-1344.4034675614053,16.136390194928673,-0.5718272264426503,15.56456296848601,649.5016953478428
MC018,M1,-117.86204175893982,-1996.0382790433118,-465.3791246610617,-1566.4183096919223,128.9691932089393,-0.9481240900929038,128.02106911884638,552.5770905260995
MC018,M2,-313.81946396070407,-2427.8669473047466,-465.3791246610617,-1566.4183096919223,99.97826173168477,0.2954594607652439,100.27372119245,874.6794189853781
MC019,M1,-716.0321266136331,2013.4647720431715,-784.0388491595568,1347.0949509967465,264.1728238589586,-0.42707839007999837,263.7457454688786,669.8310628157541
MC019,M2,-813.8813555387808,855.0794335672817,-784.0388491595568,1347.0949509967465,86.52905760758678,0.5391147710593316,87.06817237864611,492.9197141303825
MC020,M1,896.6169835329764,1105.8906386281574,877.2508682698838,1490.6915674441723,92.88112940248692,-0.5640951013726863,92.31703430111422,385.28794587691317
MC020,M2,738.1698981394408,1910.155068615756,877.2508682698838,1490.6915674441723,288.3439055529514,0.36688510289422993,288.71079065584564,441.9198400926896
MC021,M1,1331.4368948628344,626.2699818232378,1016.8356305712448,3.760467010624039,243.18906904777603,-0.9282771171707793,242.26079193060525,697.4898218082486
MC021,M2,1324.3091887737003,783.7530148416764,1016.8356305712448,3.760467010624039,248.48560959090665,-0.16262258645855354,248.3229870044481,838.408232107519
MC021,M3,370.47594832394066,-226.7434668626247,1016.8356305712448,3.760467010624039,19.62718369135697,0.9941575221470487,20.62134121350401,686.2309395282896
MC021,M4,929.3282800799763,36.1233489949761,1016.8356305712448,3.760467010624039,339.70407196370803,-0.2754059779621798,339.42866598574585,93.30001350661647
MC022,M1,-797.5647157128508,-1202.4231243321622,-1213.3489758043913,-541.1766373765747,122.16121378748846,0.3781005780408577,122.53931436552931,781.1040055274174
MC022,M2,-1004.719503178876,134.6540067461085,-1213.3489758043913,-541.1766373765747,252.84450010612255,0.8219721819415895,253.66647228806414,707.3000186507007
MC022,M3,-684.6847177667447,-785.2854698759743,-1213.3489758043913,-541.1766373765747,155.2150371269618,-0.45528852526874175,154.75974860169305,582.3014853413267
MC022,M4,-1265.6992272375644,-1075.9863943382977,-1213.3489758043913,-541.1766373765747,84.40937030912548,0.9041491378805517,85.31351944700602,537.365820430155
MC022,M5,-1112.2561003256947,-578.42326336099,-1213.3489758043913,-541.1766373765747,159.77420120957478,0.1300829883217034,159.9042841978965,107.73616208021421
MC023,M1,1747.6594984624626,132.54015806223038,1514.7262515283526,226.0243041591526,158.13270646180985,0.21883654109950612,158.35154300290935,250.9923964958655
MC023,M2,1280.8531289675468,-576.9586024735058,1514.7262515283526,226.0243041591526,73.76151315070383,0.10653292734940578,73.86804607805323,836.3481247665796
MC023,M3,1378.7265825764441,1097.291579676827,1514.7262515283526,226.0243041591526,278.8719386221267,0.819562268719892,279.6915008908466,881.8177676498813
MC023,M4,1545.6913598167298,292.21631450148516,1514.7262515283526,226.0243041591526,244.92946192854492,-0.3772485251464275,244.5522134033985,73.07681003211887
MC024,M1,33.469241238363736,654.8633016891365,-473.24158232603736,874.8946137194621,156.52785205905542,-0.29105274019289595,156.23679931886252,552.4216116256678
MC024,M2,239.8635147398984,416.3801101046808,-473.24158232603736,874.8946137194621,147.2596688082158,-0.18786863190223357,147.07180017631356,847.7938602552668
MC025,M1,793.1653657349746,135.94405776123892,858.6929774626145,685.2030988970171,83.19666387212924,0.7213021630013259,83.91796603513055,553.1540130633807
MC025,M2,1380.2016766118331,299.93834910406764,858.6929774626145,685.2030988970171,143.544850382143,-0.584589269898828,142.96026111224418,648.3827964415266
MC025,M3,1066.0241008403236,1391.962299457855,858.6929774626145,685.2030988970171,253.6507019681678,-0.7837986112845101,252.86690335688328,736.5424375407417
MC025,M4,926.1906031074486,893.2949270182833,858.6929774626145,685.2030988970171,252.02877152636938,-0.7876790878087832,251.2410924385606,218.76503010888362
MC026,M1,-1869.3021134093217,-952.2955054112281,-1372.1212830771117,-471.4292742194023,44.04434967597129,-0.8177925948741063,43.22655708109719,691.6799190018864
MC026,M2,-1252.7374844313188,-212.01899586794684,-1372.1212830771117,-471.4292742194023,245.28753145255325,0.8656378666720457,246.1531693192253,285.562924577892
MC026,M3,-1047.7889053909907,-824.8463205596527,-1372.1212830771117,-471.4292742194023,132.54273942580588,0.4329201510619214,132.9756595768678,479.6822905417702
MC027,M1,293.52048310002243,200.96505656011846,-312.93674513916864,-459.64042088044846,227.44706084401943,0.37696806061060784,227.82402890463004,896.76639461347
MC027,M2,327.1453196946863,-1074.224346007803,-312.93674513916864,-459.64042088044846,136.16424189785965,-0.14462959355506655,136.0196123043046,887.3660184765455
MC027,M3,-316.8544911774924,105.83136766645077,-312.93674513916864,-459.64042088044846,270.3969547663505,0.9659482008543705,271.3629029672049,565.4853600018748
MC027,M4,-262.3720377323029,-1237.8499077359209,-312.93674513916864,-459.64042088044846,93.71760763297709,-0.12369253396440172,93.5939150990127,779.8504953303548
MC027,M5,-119.02195548539379,371.9087609345222,-312.93674513916864,-459.64042088044846,256.8733849303111,0.12179795303183027,256.9951828833429,853.8600514274075
MC027,M6,-868.4531151351905,-1109.104118043143,-312.93674513916864,-459.64042088044846,49.45809715643907,0.7352815016267868,50.19337865806587,854.6353206285083
MC028,M1,373.57050058143255,161.46720669630463,544.5374032957309,-484.92141762650397,284.81521635688773,0.7741917134104028,285.58940807029813,668.6164337478202
MC028,M2,252.19931978978548,17.404961216928086,544.5374032957309,-484.92141762650397,300.1980531014481,0.2700893075542581,300.4681424090024,581.199919089709
MC029,M1,-896.5176097752119,717.4607530602109,-416.7188013441536,1157.2319479975506,42.50756714697203,-0.8443652791578984,41.66320186781414,650.8499062521857
MC029,M2,-1111.7003790080325,996.5275906332232,-416.7188013441536,1157.2319479975506,13.019974364034654,0.23998366041701047,13.259958024451668,713.3199028262535
MC030,M1,-252.91169716435712,1570.430228851054,-556.7035148832597,1133.7637743279045,235.17340209673273,-0.7044348920784103,234.46896720465432,531.9464832281276
MC030,M2,-359.0004974682762,335.29436345118734,-556.7035148832597,1133.7637743279045,103.90688414187562,0.6608349684631207,104.56771911033874,822.5812319770012
MC030,M3,-1156.423424255719,756.2451543073946,-556.7035148832597,1133.7637743279045,32.19006848534619,0.5578069186623509,32.74787540400854,708.6496159315271
MC030,M4,-882.3756914736382,1754.116144193532,-556.7035148832597,1133.7637743279045,297.6985447584248,-0.20501346044028423,297.49353129798453,700.6421550285245
MC030,M5,-584.5672137233164,600.6771936842009,-556.7035148832597,1133.7637743279045,87.00795157302375,0.6155099790634608,87.62346155208719,533.8142824760736
MC031,M1,-1219.876816643732,-143.0353806138357,-853.2542824492197,39.86811395468502,26.514047137621553,-0.3578874867080799,26.156159650913484,409.7142551883974
MC031,M2,-309.6445919376904,5.253315593838046,-853.2542824492197,39.86811395468502,176.35656259913134,0.1438312421345529,176.5003938412659,544.7106386730507
MC032,M1,872.6163261941616,1029.818520612163,1595.5923590779128,692.6597988289352,334.99808225583917,0.675378862264381,335.67346111810355,797.7282418210018
MC032,M2,1492.0906904216442,1321.5658274973873,1595.5923590779128,692.6597988289352,279.3456301622135,-0.4351221290664853,278.91050803314704,637.3659767434688
MC032,M3,1617.9214591465834,949.8539256247391,1595.5923590779128,692.6597988289352,265.0381320108768,0.24912633428618847,265.28725834516297,258.16159196931824
MC032,M4,2031.624194908975,-51.9394802553378,1595.5923590779128,692.6597988289352,120.3529244596873,-0.4636164658016071,119.8893079938857,862.8741787022169
MC032,M5,1490.9399154814175,1059.5012274881253,1595.5923590779128,692.6597988289352,285.92237703191483,0.38680016767233383,286.30917719958717,381.477086771189
MC032,M6,1853.0989599971706,1028.7970372470545,1595.5923590779128,692.6597988289352,232.54514856352392,0.23916730556510402,232.78431586908903,423.4358187120564
MC033,M1,-590.4077935946892,284.4708142622271,-61.923668494257036,290.03538632350705,0.6032626093679442,-0.19058566992376313,0.41267693944416906,528.5134198347232
MC033,M2,766.3345430964143,341.68455265011323,-61.923668494257036,290.03538632350705,183.56827411453722,0.45394015065281224,184.02221426519003,829.8670384161614
MC033,M3,-151.9487468975707,-306.4603718019356,-61.923668494257036,290.03538632350705,81.41750710578995,0.33926913465651864,81.75677624044647,603.2509462928089
MC034,M1,-860.8156107818116,-1234.069877497983,-1051.2465924358296,-485.0148926056998,104.26402902879836,0.42040785746897313,104.68443688626733,772.8824808246669
MC034,M2,-1468.084824675706,-999.0183806222421,-1051.2465924358296,-485.0148926056998,50.95919805739518,-0.05711074999712196,50.90208730739805,661.7807020078758
MC034,M3,-1137.7767720273637,-1291.4107524439735,-1051.2465924358296,-485.0148926056998,83.87532092786803,0.316533566819885,84.19185449468793,811.0251258404095
MC034,M4,-777.879919675724,-283.26231130122005,-1051.2465924358296,-485.0148926056998,216.428407955736,0.0001702293904202179,216.4285781851264,339.7549732365244
MC034,M5,-1781.8562921893244,2.68741830789628,-1051.2465924358296,-485.0148926056998,326.2757866910728,-0.27764482887766917,325.99814186219515,878.4327392830676
MC034,M6,-419.71032687790466,-331.6095747850036,-1051.2465924358296,-485.0148926056998,193.65317984807797,0.49898242316442065,194.1521622712424,649.9009511075659
MC035,M1,-1110.3668591484723,82.74297220000358,-488.3119019486938,539.6363845102428,36.29692596431431,0.39368040546835914,36.69060636978267,771.8186056252548
MC035,M2,18.039349307856924,915.1785129773593,-488.3119019486938,539.6363845102428,216.56297058565215,-0.13445207039421803,216.42851851525793,630.4153233406424
MC035,M3,-913.3817476031536,1117.8660407709199,-488.3119019486938,539.6363845102428,306.32045695164584,0.10031896128862172,306.42077591293446,717.6586298958907
MC036,M1,-1532.883093739376,326.8954127890818,-950.8409362937763,-74.67337975678048,325.39701183027626,-0.43546341782979425,324.96154841244646,707.1283958311036
MC036,M2,-1305.0070961612776,555.9373450830071,-950.8409362937763,-74.67337975678048,299.3196148161495,0.26665607776044453,299.58627089390995,723.2589820239047
MC036,M3,-1585.2812642024683,-78.06051412840618,-950.8409362937763,-74.67337975678048,0.30588638807867813,-0.4709002536956177,359.83498613438303,634.449369418979
MC037,M1,-329.61357271743634,-1332.605688485835,-994.9936708731619,-1102.853773143426,160.95050147421864,0.410447789733297,161.36094926395194,703.9294123882227
MC037,M2,-1096.2106050931707,-1474.5684353692723,-994.9936708731619,-1102.853773143426,74.76780880903209,0.5720283846449661,75.33983719367707,385.24882593795473
MC037,M3,-476.92891410268555,-371.24271681515495,-994.9936708731619,-1102.853773143426,234.69711782882953,-0.7495821852067195,233.9475356436228,896.4629551461798
MC037,M4,-274.94611428091184,-1455.182254665056,-994.9936708731619,-1102.853773143426,153.92690529278812,0.4157170536554702,154.3426223464436,801.6257497397443
MC037,M5,-439.9466487680005,-558.2176642463567,-994.9936708731619,-1102.853773143426,224.45758596197768,0.4590071129852049,224.9165930749629,777.6282452832767
MC037,M6,-300.8771837103036,-1616.5900919130636,-994.9936708731619,-1102.853773143426,143.4937525069332,-0.4094878745652295,143.08426463236796,863.5523741929526
MC038,M1,-180.9874358385258,605.618104197071,-43.77386241927679,411.29850142334516,305.22680098400605,0.7569843707340169,305.98378535474006,237.8816360138341
MC038,M2,-306.8068198153019,64.56713479104155,-43.77386241927679,411.29850142334516,52.81577927688997,0.7797098453256694,53.59548912221563,435.21141676569573
MC038,M3,-836.4802562059808,537.7778715340877,-43.77386241927679,411.29850142334516,350.93464833802994,-0.002508723936784918,350.93213961409316,802.7331174269137
MC038,M4,-273.00153355570865,39.88362045218423,-43.77386241927679,411.29850142334516,58.31818702374014,0.7110527592494691,59.02923978298959,436.4565717473547
MC038,M5,748.3419029083213,305.1075696566128,-43.77386241927679,411.29850142334516,172.36446050191833,0.7479348570120408,173.11239535893037,799.2020393304896
MC039,M1,1489.2872403009872,-616.7190718235734,910.8088356188025,-397.2136043518768,159.22059140397985,0.16106143094714298,159.381652834927,618.7244256804587
MC039,M2,1610.5179014582545,-345.6204669069806,910.8088356188025,-397.2136043518768,184.21708010726766,0.28233150063744006,184.4994116079051,701.608600752105
MC039,M3,1606.8284237535863,-409.27937580841956,910.8088356188025,-397.2136043518768,179.00685475715687,0.003194047701128966,179.010048804858,696.12416270961
MC039,M4,1242.7027168271088,-717.1867286862728,910.8088356188025,-397.2136043518768,136.0476568534673,-0.5023519406961725,135.54530491277112,461.01664685760335
MC039,M5,1384.025622313837,232.54160252878887,910.8088356188025,-397.2136043518768,233.07771103226588,-0.4274507689439133,232.65026026332197,787.7345668455104
MC039,M6,821.7145216506025,-838.4517338815834,910.8088356188025,-397.2136043518768,78.58439089250444,0.3396786010212054,78.92406949352564,450.1431813682602
MC040,M1,1217.1908972859837,-793.8812820807879,1425.5946538516582,-885.1836514292277,336.34161642163974,-0.6384699584216378,335.7031464632181,227.5263685802677
MC040,M2,962.0310082922758,-317.94087641226633,1425.5946538516582,-885.1836514292277,309.25647212983574,-0.30346289855441455,308.9530092312813,732.5678257289544
MC040,M3,1994.4968926148158,-1065.663121456476,1425.5946538516582,-885.1836514292277,162.39880590319504,-0.22233057745668816,162.17647532573835,596.8438626400117
MC040,M4,1516.8302636987232,-998.9875185219233,1425.5946538516582,-885.1836514292277,128.71885970880217,0.539455695399937,129.2583154042021,145.86040130692706
MC040,M5,2159.3180395848613,-1155.484935635491,1425.5946538516582,-885.1836514292277,159.77636842522793,-0.11586640538607185,159.66050201984186,781.9288912780687
MC041,M1,-1005.6822800372389,-554.1052310819612,-1679.907334360901,-18.073434642729868,141.51410929119132,-0.8101759917774984,140.70393329941382,861.3416921707752
MC041,M2,-1754.1894206917075,-345.1308168620993,-1679.907334360901,-18.073434642729868,77.20391948941116,-0.5517215076819753,76.65219798172917,335.3868805034629
MC041,M3,-2300.385962117708,363.8369926356983,-1679.907334360901,-18.073434642729868,328.3873122986564,0.8021856641546492,329.18949796281106,728.594058421397
MC042,M1,-550.0595137887304,-2261.5597524349832,-599.5357300420756,-1655.8227279748894,94.66951711054747,0.22220534630235989,94.89172245684985,607.7542585424771
MC042,M2,-1449.788350799311,-1680.807119053555,-599.5357300420756,-1655.8227279748894,1.6831331384708308,0.4862629752955172,2.1693961137663402,850.6196205720387
MC042,M3,-416.37033815203546,-2296.8957083108794,-599.5357300420756,-1655.8227279748894,105.94553498474795,0.5355124179192217,106.48104740266716,666.7264258322904
MC042,M4,-1336.4702798838152,-1427.8635680215812,-599.5357300420756,-1655.8227279748894,342.8113661911606,-0.5607621087616508,342.2506040823989,771.3870036220894
MC042,M5,-818.473403247163,-2206.6801027702313,-599.5357300420756,-1655.8227279748894,68.32470611980045,-0.9837766327510167,67.34092948704944,592.7710790135375
MC043,M1,966.9618908629546,-182.26317693693207,1284.0974317793539,204.3379200909176,50.6373808964733,0.1943286263571622,50.831709522830465,500.03535828526566
MC043,M2,1311.8610423959753,-673.0113815616598,1284.0974317793539,204.3379200909176,91.81251303315656,-0.10203428711483298,91.71047874604173,877.7884797516635
MC043,M3,973.8056815237678,828.8383291662095,1284.0974317793539,204.3379200909176,296.4211257444977,0.8444880994755408,297.26561384397326,697.3390360591338
MC043,M4,1619.9774367086734,444.9504398284605,1284.0974317793539,204.3379200909176,215.6164684246238,0.6386629205444763,216.25513134516828,413.17037934218996
MC044,M1,-811.3522090866779,1221.5515662315997,-948.5540110902416,1329.801552043734,141.72713557192412,0.6892904923933827,142.4164260643175,174.7638232053544
MC044,M2,-674.76834660623,1135.1296000382163,-948.5540110902416,1329.801552043734,144.58573516756178,-0.4674366939389074,144.11829847362287,335.94011218458326
MC044,M3,-1368.5291256390356,1657.6973086720259,-948.5540110902416,1329.801552043734,322.0190459484296,0.7183505849927201,322.7373965334223,532.8177212284822
MC045,M1,35.50929347124668,24.327955151903836,-518.7045105588846,412.56185575039194,144.98826301290788,-0.6363761655804296,144.35188684732745,676.6672019179484
MC045,M2,-53.45896580593467,632.1903863293707,-518.7045105588846,412.56185575039194,205.27059706338042,0.4151430128448226,205.68574007622524,514.4804256303155
MC045,M3,-1109.1240826325889,572.5608354271926,-518.7045105588846,412.56185575039194,344.83746270521254,0.0886723719594329,344.926135077172,611.7147575343538
MC045,M4,-858.3438661438108,100.45395318454973,-518.7045105588846,412.56185575039194,42.581119414018886,-0.804990822906035,41.77612859111286,461.26590455635585
MC045,M5,-234.30706998811098,-286.6184805765547,-518.7045105588846,412.56185575039194,112.134444240308,0.3569695044502339,112.49141374475823,754.8079536607103
MC046,M1,893.6268957350298,-171.262495367402,370.1724789770643,-24.841905853641006,164.37263923990673,-0.4931907258512638,163.87944851405547,543.547160287844
MC046,M2,349.9980334871802,275.70978845581334,370.1724789770643,-24.841905853641006,273.84020189649095,0.24301557793006623,274.083217474421,301.22803522100656
MC047,M1,-765.953875686528,54.16773853183258,-1271.93841927193,-587.9542078277581,231.7623056834588,0.7036345141586651,232.46594019761747,817.5212243996828
MC047,M2,-1748.847889674881,-848.522078911207,-1271.93841927193,-587.9542078277581,28.65076167488004,-0.16780390411759072,28.482957770762447,543.4503274458339
MC047,M3,-1378.6018608861032,-846.4489708945478,-1271.93841927193,-587.9542078277581,67.5773458803404,0.3343925144200455,67.91173839476045,279.6366075998203
MC047,M4,-1923.1362527884633,-526.8076508090123,-1271.93841927193,-587.9542078277581,354.6357357868988,0.8680196441295607,355.50375543102837,654.0623210458415
MC047,M5,-1509.2830164739537,-757.076978744523,-1271.93841927193,-587.9542078277581,35.47223310800262,-0.3755507984987503,35.09668230950387,291.4360469529387
MC047,M6,-1849.1741344843078,74.30625479753121,-1271.93841927193,-587.9542078277581,311.0758735496244,-0.8111166306847508,310.26475691893967,878.5157888583492
MC048,M1,-12.911130128455511,-463.51657031385736,-540.4753518625503,-369.4844788735,169.89383260909582,0.915243970280784,170.8090765793766,535.8787570659513
MC048,M2,-471.5421139282852,-1080.7367450029963,-540.4753518625503,-369.4844788735,95.53571033968038,-0.9373129302634311,94.59839740941696,714.5848986414742
MC048,M3,-324.88139242372677,-486.4859367509352,-540.4753518625503,-369.4844788735,151.5116001972376,0.1800940619625635,151.69169425920018,245.29593655817928
MC048,M4,-835.4574379431712,390.6426224015582,-540.4753518625503,-369.4844788735,291.20971026471534,-0.1831141596700263,291.0265961050453,815.3573702379205
MC048,M5,272.1957651482984,-666.0714121812215,-540.4753518625503,-369.4844788735,159.95028355891083,-0.8726519459798112,159.07763161293101,865.1000828993946
MC048,M6,-994.3689477418934,-604.6228523650103,-540.4753518625503,-369.4844788735,27.386295497532466,0.9697494933874111,28.356044990919877,511.18436113452594
MC049,M1,-1578.0839872065762,1740.554933579262,-1245.5658467923706,1089.24577143842,297.04604313489426,-0.8181859026605025,296.22785723223376,731.2810255935314
MC049,M2,-497.57440044290433,695.2080054421353,-1245.5658467923706,1089.24577143842,152.21998607745897,0.44449858937579734,152.66448466683477,845.4330043494335
MC049,M3,-1915.3181377938124,628.349728285747,-1245.5658467923706,1089.24577143842,34.534153055660205,-0.16833562379343903,34.36581743186675,813.0149407578378
MC050,M1,-1230.2397248176546,1596.9613398753768,-1315.1736664530104,1183.9664417010708,258.37893298902384,-0.9860590386553554,257.3928739503685,421.63794938278903
MC050,M2,-1710.3330641057282,1438.0265557313485,-1315.1736664530104,1183.9664417010708,327.2617911129781,-0.5216781098376941,326.7401130031404,469.78451559660465
MC050,M3,-579.9863699041001,790.0390865613006,-1315.1736664530104,1183.9664417010708,151.8167462915057,0.12613547857634444,151.94288177008204,834.0738109629807
MC050,M4,-1124.9279665909999,1053.2990264544133,-1315.1736664530104,1183.9664417010708,145.51735577057198,-0.34216608774195834,145.17518968283002,230.79731307627614
MC050,M5,-1762.6077218334815,460.46823047366354,-1315.1736664530104,1183.9664417010708,58.26604949507573,-0.3875283191535175,57.8785211759222,850.674376928959
MC051,M1,-335.6975654049714,729.271016121206,301.83220110039866,445.69857510462253,336.0205616964579,0.826430183136722,336.8469918795946,697.751769961564
MC051,M2,298.5834142896224,1201.8768990245162,301.83220110039866,445.69857510462253,270.24615969755666,-0.9574914070074669,269.2886682905492,756.1853028074809
MC051,M3,771.1333927767746,722.9684573030038,301.83220110039866,445.69857510462253,210.57520364680857,-0.5342134971099881,210.0409901496986,545.0891634248206
MC052,M1,-278.63242484972676,-608.7130063213106,-371.0852712520325,199.9661837517672,96.5220654490023,0.31877289493360195,96.84083834393589,813.9469032222786
MC052,M2,-665.507094052672,698.7658425079529,-371.0852712520325,199.9661837517672,300.55168252924886,-0.09258542857827479,300.4590971006706,579.2109368067375
MC052,M3,-197.82352071772536,-164.24150891404415,-371.0852712520325,199.9661837517672,115.44147864915975,0.7527093354468093,116.19418798460657,403.31982048390154
MC053,M1,-10.34135007013893,-18.558453063153024,142.11438402594737,157.08263973971128,49.04215596987012,0.48075598357942795,49.52291195344955,232.57803924653112
MC053,M2,220.622201032208,856.8974705488367,142.11438402594737,157.08263973971128,263.599110057207,-0.02474213578830131,263.5743679214187,704.2047108273938
MC053,M3,-512.8655103744957,-441.59913525686846,142.11438402594737,157.08263973971128,42.42874890407948,0.8878149650693103,43.31656386914878,887.366063010002
MC053,M4,223.55483622440062,70.38444451415378,142.11438402594737,157.08263973971128,133.20892841677326,0.1661024032372609,133.37503082001052,118.95009167569998
MC053,M5,-363.8742354894996,148.90240561331626,142.11438402594737,157.08263973971128,0.9262106807418408,-0.39632713170806255,0.5298835490337707,506.0547394398262
MC053,M6,167.84222400090036,-574.4766402061755,142.11438402594737,157.08263973971128,92.01417630157627,-0.0861444499886943,91.92803185158758,732.0115448712003
MC054,M1,-1965.6073978443587,-1272.8793044728618,-1188.9256743239762,-1149.3311912549952,9.038411606298826,-0.7126137944452466,8.325797811853565,786.4468424059485
MC054,M2,-1161.289228204685,-354.7273692555168,-1188.9256743239762,-1149.3311912549952,268.00804669761993,-0.3321496297817248,267.6758970678382,795.0842767218348
MC054,M3,-1911.3297117913608,-706.0472178646642,-1188.9256743239762,-1149.3311912549952,328.4657504604176,-0.8057366656070144,327.6600137948106,847.566088522835
MC054,M4,-1240.0161342742858,-1840.748716324507,-1188.9256743239762,-1149.3311912549952,85.77396102196532,0.7518338619361771,86.5257948839015,693.302552332806
MC055,M1,-303.94441983141394,1276.7083780124367,142.98323201773567,1572.6181436355203,33.508450683712574,-0.6267183507635536,32.88173233294903,536.0101821593531
MC055,M2,-99.60872895778766,1593.9258956262481,142.98323201773567,1572.6181436355203,354.9803810450904,-0.4631604784377146,354.51722056665267,243.52593255102875
MC055,M3,-388.03201868428016,1961.634282416374,142.98323201773567,1572.6181436355203,323.7738905322346,-0.8449708229141493,322.92891970932044,658.2634371663743
MC055,M4,-315.34137019462435,1921.0188958218384,142.98323201773567,1572.6181436355203,322.7592982867956,0.5677391643851024,323.32703745118073,575.7121894810898
MC055,M5,533.459554906309,1533.4799781561755,142.98323201773567,1572.6181436355203,174.27625448085846,0.039190261565551054,174.315444742424,392.43286653091377
MC056,M1,6.915907428590003,823.7350458879464,-568.6022426462715,828.5239771311038,179.5232483702041,-0.09065344780592,179.43259492239818,575.5380742644595
MC056,M2,-549.5986243411777,1138.1654620416298,-568.6022426462715,828.5239771311038,266.48799277637505,0.2470469728564808,266.73503974923153,310.22409107978893
MC057,M1,-68.50191790980502,-711.9058479107706,-166.0478763355993,58.843333576731624,97.21300146069895,-0.7442883061287375,96.46871315457021,776.8973643724514
MC057,M2,344.95203248249504,-21.076203394081176,-166.0478763355993,58.843333576731624,171.1110443931195,0.8711457009754611,171.98219009409496,517.2117933706944
MC057,M3,496.3586490535856,23.44561629028454,-166.0478763355993,58.843333576731624,176.9411343456301,-0.4326322794662474,176.50850206616386,663.3516437510833
MC057,M4,667.8186019727793,257.6716164807875,-166.0478763355993,58.843333576731624,193.41126537626857,-0.4527384988514598,192.9585268774171,857.2432500340805
MC057,M5,-668.7969962028615,705.1736815883244,-166.0478763355993,58.843333576731624,307.87762034161796,-0.2039068326420761,307.6737135089759,818.8403973230029
MC057,M6,-649.3923596800753,-501.1469789279331,-166.0478763355993,58.843333576731624,49.20153546505721,0.9467954036764468,50.148330868733645,739.7371422867791
MC058,M1,531.2212527058341,439.86183659519406,1374.1287819113315,294.8406762891918,350.23790759076155,0.4177511222424073,350.65565871300396,855.291903228258
MC058,M2,1276.0912747790878,612.612389025149,1374.1287819113315,294.8406762891918,287.1458066302116,-0.205421759108674,286.94038487110294,332.55107009277305
MC058,M3,1231.7646323137203,394.9338120174531,1374.1287819113315,294.8406762891918,324.8897816695004,-0.8846222196281701,324.0051594498722,174.02927026959335
MC058,M4,1338.0034879360373,-216.5815333611023,1374.1287819113315,294.8406762891918,85.95951331475555,-0.6475534551724991,85.31195985958306,512.6965119721323
MC058,M5,1089.6568871912693,167.71601266297827,1374.1287819113315,294.8406762891918,24.07888961272171,-0.060729217747876874,24.018160394973826,311.5845615361905
MC058,M6,1074.4849188934315,38.76217707291886,1374.1287819113315,294.8406762891918,40.51751554024886,0.49626389553557715,41.01377943578443,394.1606809476926
MC059,M1,2264.637551239405,-744.5790298380888,1397.9674985845893,-734.2605908986633,179.31787758353278,0.7791316194397666,180.09700920297254,866.731475343343
MC059,M2,1235.509856248941,-1606.7865822630943,1397.9674985845893,-734.2605908986633,79.45274153369012,-0.03195462976350427,79.4207869039266,887.521318707185
MC060,M1,1271.3920865694258,1351.977473373889,394.85111348946776,1539.2422525085697,167.94058469648448,0.037080522141337724,167.97766521862582,896.3214685548487
MC060,M2,115.07409206479161,1444.8947106412609,394.85111348946776,1539.2422525085697,18.63534387614448,-0.7268345983664233,17.908509277778045,295.25690571715216
MC060,M3,-136.8647109735967,1758.1330552173836,394.85111348946776,1539.2422525085697,337.6245646653811,0.5715163204928899,338.196080985874,575.0086099311429
MC060,M4,714.919254170994,1704.347430112021,394.85111348946776,1539.2422525085697,207.28666747581684,0.8526374698968766,208.13930494571372,360.1434913347685
MC061,M1,1084.1742120825304,580.9552542500694,1035.4302871584764,288.7906868559267,260.52817003967004,-0.943490940857032,259.584679098813,296.20281000964246
MC061,M2,1035.1421652863996,-3.9491912670235365,1035.4302871584764,288.7906868559267,89.94360808636398,0.5228473262131956,90.46645541257716,292.7400199112737
MC061,M3,639.9187990555029,-33.97789536501347,1035.4302871584764,288.7906868559267,39.21715891278521,0.5018625547251645,39.71902146751036,510.49867276061
MC062,M1,-1199.0655661804888,1273.9749446664532,-948.9685646887513,562.1260677750795,289.35812989939757,0.032988469883093785,289.39111836928066,754.5046942774235
MC062,M2,-687.8398245941071,907.7728356658995,-948.9685646887513,562.1260677750795,232.92973326699385,0.14148714233439819,233.07122040932825,433.19730730555864
MC062,M3,-1140.763813587355,-278.2038455333511,-948.9685646887513,562.1260677750795,77.14315331804931,0.7491839428216736,77.89233726087099,861.939545850538
MC062,M4,-824.3658711022351,845.3338098097854,-948.9685646887513,562.1260677750795,246.251982324504,-0.3722545341625221,245.8797277903415,309.40661983450156
MC062,M5,-230.01465303924476,847.3564890089301,-948.9685646887513,562.1260677750795,201.6397014597915,-0.7938954017153605,200.84580605807614,773.4669484039807
MC062,M6,-448.4951590823742,907.6388153499036,-948.9685646887513,562.1260677750795,214.6201063838648,0.8353343496817445,215.45544073354654,608.1551516315136
MC063,M1,976.0787548071357,-763.7121091253417,1287.2546127755502,-626.5051162101555,23.794155707117767,0.017659457223629715,23.8118151643414,340.0825980364282
MC063,M2,1265.9012174303843,-538.0541814219125,1287.2546127755502,-626.5051162101555,283.57237456377015,-0.26356844963027015,283.3088061141399,90.99195215886382
MC063,M3,1096.167027361719,-755.0788343333115,1287.2546127755502,-626.5051162101555,33.934728126410405,-0.8842195565279098,33.05050856988248,230.31644815622923
MC064,M1,1103.9456025050586,-719.7293473332493,541.5537448937033,-1200.816673416951,220.54469923612055,-0.5616290473864751,219.98307018873408,740.0875737545638
MC064,M2,774.8264832669648,-1141.1323236454134,541.5537448937033,-1200.816673416951,194.3516208067356,0.8142912538596931,195.1659120605953,240.78702638599813
MC064,M3,1195.103980766367,-1807.9453873553225,541.5537448937033,-1200.816673416951,137.1088288461036,0.316610442537808,137.4254392886414,892.0387806018722
MC064,M4,1003.6562890436976,-1117.7578797329475,541.5537448937033,-1200.816673416951,190.18960161787962,0.6759816897802864,190.8655833076599,469.50774702675494
MC064,M5,780.4958789296396,-1018.1444125534332,541.5537448937033,-1200.816673416951,217.3980636906022,-0.3130852329831555,217.08497845761906,300.76984274796644
MC065,M1,-362.56282201950836,1091.0065156055375,494.51613181057445,1024.608122081264,355.5701115387206,-0.6194076443228482,354.95070389439775,859.6470669763688
MC065,M2,974.0534413228197,905.1028581637796,494.51613181057445,1024.608122081264,166.00639130146962,-0.27436892114147327,165.73202238032815,494.2039450654259
MC066,M1,-235.34517691763642,-1103.3851852932244,578.1846378582756,-1024.6998397815203,5.524515645523612,-0.8468655982873372,4.6776500472362725,817.3262158573074
MC066,M2,556.0745090714591,-584.4385625996288,578.1846378582756,-1024.6998397815203,272.87500565463046,-0.9609259340647327,271.9140797205657,440.8161181045901
MC066,M3,1260.2676538103292,-613.3044830526762,578.1846378582756,-1024.6998397815203,211.09609359859994,0.4780690495414319,211.57416264814137,796.5446504674438
MC066,M4,1279.5378819992154,-723.3718946409825,578.1846378582756,-1024.6998397815203,203.2501938836325,0.8378418572945918,204.0880357409271,763.3445510316031
MC066,M5,469.85158901985864,-875.9763459508564,578.1846378582756,-1024.6998397815203,306.0703136052153,0.6342963921790101,306.7046099973943,183.99654096701477
MC066,M6,806.8070384334865,-1050.0202769415637,578.1846378582756,-1024.6998397815203,173.68012154004404,-0.031696695004143294,173.6484248450399,230.020274286307
MC067,M1,-1714.22760069193,772.6405770538623,-1545.880466693195,793.4440183415452,7.044593209721652,0.22500678219222436,7.269599991913882,169.62765309641617
MC067,M2,-1412.651353889382,1100.2933749490662,-1545.880466693195,793.4440183415452,246.53028065706835,-0.5247159762218985,246.00556468084645,334.5243251976465
MC067,M3,-779.6132228798806,1236.6949325801675,-1545.880466693195,793.4440183415452,210.04743815571106,-0.6235519389932165,209.42388621671785,885.2326597650067
MC067,M4,-1734.8245104900407,203.82449386104622,-1545.880466693195,793.4440183415452,72.23190210720293,-0.9964875608612829,71.23541454634166,619.1534828577758
MC068,M1,-1341.3322764034137,1291.7793807456592,-639.5167442453869,1286.1023221275618,359.53653860640253,-0.8421052706087835,358.69443333579375,701.8384929403685
MC068,M2,-40.03903447736377,976.072349400371,-639.5167442453869,1286.1023221275618,152.653495192073,-0.8417541383030596,151.81174105376994,674.9015546714476
MC068,M3,-495.3457174597545,1215.082132117876,-639.5167442453869,1286.1023221275618,153.77464960982073,-0.20293990014192786,153.5717097096788,160.7145057343469
MC069,M1,576.3176664970792,-393.4910273800666,1242.6518786182644,64.02797215167939,34.474306498553275,-0.2987142425769491,34.17559225597632,808.2851707013375
MC069,M2,1024.5018561977595,688.4828518492303,1242.6518786182644,64.02797215167939,289.25659252216724,0.7066470154889544,289.9632395376562,661.4630216876448
MC069,M3,1062.674987911499,-113.06571710712996,1242.6518786182644,64.02797215167939,44.53736965836308,-0.3302748321099216,44.20709482625316,252.4952592896957
MC069,M4,1188.7264966516905,41.850546028489276,1242.6518786182644,64.02797215167939,22.35547215526744,0.36575847413402585,22.721230629401475,58.30767573562208
MC069,M5,603.0504661062079,312.1581347243209,1242.6518786182644,64.02797215167939,338.7964864367983,0.23076586723709624,339.0272523040354,686.0455848307337
MC070,M1,1474.789830258105,-867.3909356466877,1317.0627746723026,-495.6432100998907,112.99079348506791,-0.24257716430793153,112.74821632075998,403.8244612613053
MC070,M2,1848.4079816872068,-378.5265355574396,1317.0627746723026,-495.6432100998907,192.43011928584053,0.14694098640194397,192.57706027224248,544.0992965200321
MC070,M3,1582.454154834827,-1275.3965781338643,1317.0627746723026,-495.6432100998907,108.79615971781017,0.8900267138826905,109.68618643169286,823.6794884085041
MC071,M1,527.699105593946,-891.3864395417097,926.6917090412743,-1312.1300957599976,313.48005848948003,0.7331692266542404,314.21322771613427,579.8450843575462
MC071,M2,1134.276221612844,-834.279794304872,926.6917090412743,-1312.1300957599976,246.51923390462656,0.05148723633112695,246.5707211409577,520.9915934641658
MC071,M3,1200.6059509788652,-958.6276497175501,926.6917090412743,-1312.1300957599976,232.2293946426387,-0.03648734476740856,232.1929072978713,447.20575946004834
MC071,M4,1009.5477407055728,-1738.9915811640803,926.6917090412743,-1312.1300957599976,100.98481020908056,-0.6271179876048905,100.35769222147567,434.8285290830572
MC071,M5,517.8962264075442,-1257.710044481896,926.6917090412743,-1312.1300957599976,352.4172017662631,-0.9871369687945162,351.43006479746856,412.40185329706696
MC072,M1,-1526.7226975741264,929.978158522468,-1343.2627738400643,814.582836403274,327.8303241948571,-0.4570897864202834,327.3732344084368,216.73399360391173
MC072,M2,-1456.970004616607,1384.56626062343,-1343.2627738400643,814.582836403274,281.2819523842003,-0.19544059856383456,281.08651178563645,581.2146231957729
MC072,M3,-1525.18697077754,925.513177860522,-1343.2627738400643,814.582836403274,328.62677604883777,0.65528470870197,329.28206075753974,213.07734297002833
MC072,M4,-1513.1705621455667,1161.410840205588,-1343.2627738400643,814.582836403274,296.0998004876678,0.9913556917059054,297.0911561793737,386.2102028020045
MC072,M5,-1605.2270110634684,1068.700024241744,-1343.2627738400643,814.582836403274,315.8711186760262,0.5167674670253177,316.3878861430515,364.9668570418034
MC072,M6,-1251.8439125376665,829.3384055032824,-1343.2627738400643,814.582836403274,189.16881670859658,-0.6616003807316986,188.50721632786488,92.60202493084135
MC073,M1,847.5701415346109,-2052.8702121592305,1006.7538048604395,-1362.4056975916062,77.01754057676325,-0.30272331796447816,76.71481725879879,708.576519895301
MC073,M2,382.23938260988484,-1856.3895382227372,1006.7538048604395,-1362.4056975916062,38.3435980453838,-0.9642270106339481,37.379371034749845,796.2652186323515
MC073,M3,1400.3294093378743,-922.695006293292,1006.7538048604395,-1362.4056975916062,228.16895866654917,0.14801377293659357,228.31697243948577,590.1247736553852
MC073,M4,574.9490894476846,-1662.638340246395,1006.7538048604395,-1362.4056975916062,34.81078401316802,-0.005276895386344904,34.805507117781666,525.9229525017598
MC074,M1,435.35052848795084,1672.376535868421,99.37905900129483,1123.7558792920834,238.51698749544346,0.5285328510221063,239.04552034646557,643.320645659126
MC074,M2,720.7533279496964,982.6736869506847,99.37905900129483,1123.7558792920834,167.20794232321666,0.20197649680844165,167.4099188200251,637.1892710231521
MC074,M3,133.4861519148535,1810.832410048391,99.37905900129483,1123.7558792920834,267.158119115525,0.3166618984195111,267.4747810139445,687.9225631589194
MC074,M4,849.8738541018878,633.3180876256026,99.37905900129483,1123.7558792920834,146.8359487990431,0.06757139500550124,146.9035201940486,896.5331365698511
MC074,M5,52.83131284328849,1714.4942358897288,99.37905900129483,1123.7558792920834,274.50536222984454,0.25736948029469886,274.76273171013924,592.5694040600451
MC074,M6,416.61040531692447,1421.994047379492,99.37905900129483,1123.7558792920834,223.23243283870912,-0.12345432914381149,223.1089785095653,435.4098436982797
MC075,M1,1121.3336063794216,-1754.172284247326,561.1399719893262,-1545.729697502863,159.5902569827632,-0.4011882640664908,159.18906871869672,597.7166719942709
MC075,M2,1136.5850839910336,-1572.6497773793872,561.1399719893262,-1545.729697502863,177.3215807684241,0.0813076493620315,177.40288841778613,576.0744462543153
MC075,M3,318.47083826836285,-1247.9013387832183,561.1399719893262,-1545.729697502863,309.17298446520255,-0.9584150207331845,308.21456944446936,384.1744912387081
MC075,M4,1091.3320818054508,-1517.7147433307205,561.1399719893262,-1545.729697502863,183.02465325930496,-0.2770660959839688,182.747587163321,530.9317385206319
MC075,M5,926.7731122366476,-895.4638613186033,561.1399719893262,-1545.729697502863,240.65171119982085,-0.9180831422404196,239.73362805758043,746.0115622130343
MC076,M1,105.79689875211557,511.7632662140287,-605.0461663862985,44.39819615473944,213.32411810594198,0.6309313141774453,213.95504942011942,850.7220297881677
MC076,M2,-971.8460507412101,-232.18563324958467,-605.0461663862985,44.39819615473944,37.0179581689712,0.15590524630303548,37.173863415274226,459.39173898834616
MC076,M3,-232.43294948556718,-616.4503696770574,-605.0461663862985,44.39819615473944,119.41606661477925,-0.8576836003393851,118.55838301443988,758.6576542624837
MC077,M1,-773.0415110143354,-372.12655645445193,-678.8956026090531,-1029.1106565942773,278.15497460154097,0.26070861631768594,278.41568321785866,663.6953818627879
MC077,M2,-647.4953540791595,-1338.2169180001517,-678.8956026090531,-1029.1106565942773,95.80043655503319,-0.5379784942847152,95.26245806074847,310.69704930696696
MC077,M3,-83.11545577787626,-796.4635404925732,-678.8956026090531,-1029.1106565942773,201.33022537792226,0.8568125083108953,202.18703788623316,639.5925765584044
MC078,M1,-364.0805336645583,1142.8384558046794,149.85700138718838,1383.7212839211688,25.112514045221552,-0.5242473270243693,24.588266718197186,567.5881665578164
MC078,M2,-8.115785274592184,737.4168431196304,149.85700138718838,1383.7212839211688,76.26479771373569,-0.1835910791150468,76.08120663462064,665.3306182083294
MC078,M3,274.94297390914096,1571.3252827860267,149.85700138718838,1383.7212839211688,236.30641432836586,-0.09812464861227,236.2082896797536,225.48117640248438
MC078,M4,577.0710389071315,2127.4057614912276,149.85700138718838,1383.7212839211688,240.1245263466115,0.42263050765970434,240.5471568542712,857.6586943725008
MC078,M5,-157.2548391673279,586.8042031337332,149.85700138718838,1383.7212839211688,68.92458944793296,-0.9030013519793556,68.0215880959536,854.045968469819
MC078,M6,536.4219220060382,1546.0281531977912,149.85700138718838,1383.7212839211688,202.77605573557662,-0.18229203756592938,202.5937636980107,419.25643425883914
MC079,M1,831.8388495088386,606.0713591264832,705.9992537011983,-175.20433696147217,260.84999121574526,0.0766001523195996,260.92659136806486,791.3452578810019
MC079,M2,372.9506649080596,639.3470202337387,705.9992537011983,-175.20433696147217,292.2383595375647,0.9186330613982818,293.156992598963,880.0086795058678
MC079,M3,1327.8058726315953,-143.82405358567846,705.9992537011983,-175.20433696147217,182.88905536830018,0.9553378601567601,183.84439322845694,622.5979389063194
MC079,M4,1047.88127111505,161.63872393646767,705.9992537011983,-175.20433696147217,224.57463537664532,0.06323694150739811,224.63787231815272,479.94433167405816
MC079,M5,1236.064398641736,499.8378441888521,705.9992537011983,-175.20433696147217,231.85984055788936,-0.44811583708005287,231.4117247208093,858.2837550676469
MC079,M6,1325.2756333676907,9.318400048604445,705.9992537011983,-175.20433696147217,196.59221906361907,-0.36895790688933516,196.22326115672973,646.1825399115389
MC080,M1,1439.3370140630232,338.4381393653957,600.4223721122771,373.2777861713133,177.62190547497633,0.5228267104195936,178.14473218539592,839.637765628077
MC080,M2,981.3801590270435,1009.6297093498379,600.4223721122771,373.2777861713133,239.09277348034152,-0.7769837470160041,238.31578973332552,741.6687977419593
MC081,M1,239.23103261952713,346.5001268997847,953.8072900467473,257.0350538282093,352.86369114911236,-0.44543819830960274,352.41825295080275,720.1550020505274
MC081,M2,745.4774056199894,1076.3106530363382,953.8072900467473,257.0350538282093,284.26710552008325,-0.09675267618683847,284.1703528438964,845.3483590822808
MC082,M1,-681.1212570706308,1681.1525289285107,-96.4719631380649,1563.2055336825917,348.5942538714697,-0.6166486392640422,347.97760523220563,596.4279424904477
MC082,M2,-25.455433854625994,1942.2105768149445,-96.4719631380649,1563.2055336825917,259.38719653305236,-0.013127819187616296,259.37406871386474,385.6010505058591
MC083,M1,277.2648794992145,-1492.157932115336,428.08667117061293,-1522.0226553072312,348.7995597739848,0.3505576200053042,349.1501173939901,153.75016921714015
MC083,M2,375.22903072195413,-1488.5803937811872,428.08667117061293,-1522.0226553072312,327.67905706349194,-0.3491703585983714,327.32988670489357,62.54850125923089
MC083,M3,378.1649265012291,-890.4928858511057,428.08667117061293,-1522.0226553072312,274.5197707085591,0.42151550943083294,274.94128621798995,633.499826598352
MC083,M4,724.4274219247682,-719.3253442321043,428.08667117061293,-1522.0226553072312,249.73680229850612,-0.32611190192051254,249.4106903965856,855.6522738617455
MC083,M5,819.3013531409485,-832.8547406438116,428.08667117061293,-1522.0226553072312,240.41805375608428,-0.41631392669179945,240.00173982939248,792.4653569656386
MC083,M6,763.6481519846669,-1864.7454731450207,428.08667117061293,-1522.0226553072312,134.39509267306354,0.8719469629592425,135.2670396360228,479.6461584051262
MC084,M1,1462.9922020651825,-468.6623210696849,1614.295069982352,-534.4682620025278,336.49440099480296,0.2694897356663546,336.7638907304693,164.99387777131997
MC084,M2,2087.2403742704796,141.696591225127,1614.295069982352,-534.4682620025278,235.029032427569,-0.40932530030207204,234.61970712726693,825.152209951937
MC084,M3,2144.7794003797694,29.645549673674395,1614.295069982352,-534.4682620025278,226.75975215246888,-0.6975107951710982,226.06224135729778,774.3629751744655
MC085,M1,-1374.5649517464292,816.5397773967454,-1454.1905860698541,822.3837851994035,175.80238564341113,-0.7871960218907361,175.0151896215204,79.83980253360674
MC085,M2,-1852.3892189691765,908.6612164595376,-1454.1905860698541,822.3837851994035,347.7747315328545,-0.506741416563159,347.26799011629134,407.43827310125937
MC085,M3,-898.8825604098176,1362.837749069316,-1454.1905860698541,822.3837851994035,224.2233505715159,-0.2998193006044687,223.92353127091144,774.8919217704805
MC085,M4,-1790.4641480947623,309.4461804722408,-1454.1905860698541,822.3837851994035,56.7518021225839,0.21126292923000278,56.96306505181389,613.3391352752234
MC086,M1,-12.587701427135016,-1324.0484302828622,-528.1842960542068,-708.4137405776228,129.94631299833904,-0.8664122758904966,129.07990072244854,803.0229881886941
MC086,M2,-528.936191694925,-617.2528803561306,-528.1842960542068,-708.4137405776228,270.4725654175112,-0.8506201450924209,269.62194527241877,91.1639609899491
MC086,M3,-537.4430541248112,169.0675696458121,-528.1842960542068,-708.4137405776228,270.6045348988272,0.12658564778655546,270.73112054661374,877.5301558308101
MC087,M1,899.5090544191437,145.23925853747122,1203.3705613828233,360.1825228302175,35.274536923301184,-0.7400431119643542,34.53449381133683,372.19943884839444
MC087,M2,1258.552855875723,-420.77496956421965,1203.3705613828233,360.1825228302175,94.04179020836212,0.25215743476456964,94.29394764312669,782.904649719561
MC087,M3,1455.8935187518775,-104.21733485604636,1203.3705613828233,360.1825228302175,118.53566362724766,0.5648648333163635,119.10052846056402,528.6161857316093
MC087,M4,1578.3297569406734,-232.53347818653356,1203.3705613828233,360.1825228302175,122.31793223106246,-0.9471671765753342,121.37076505448712,701.3605750216356
MC087,M5,923.5707063588737,74.88022894966917,1203.3705613828233,360.1825228302175,45.55787535255709,0.760282889463042,46.31815824202014,399.6065036569425
MC087,M6,1616.1993196007875,411.59823365958306,1203.3705613828233,360.1825228302175,187.09933999920773,0.31368990556035214,187.41302990476808,416.01821947106504
MC088,M1,-1201.4855730267168,1098.4655218854527,-737.494433463581,434.93999956038436,304.9643829877878,-0.8597777531275028,304.1046052346603,809.6628288181766
MC088,M2,-504.7001346553509,899.3455905852281,-737.494433463581,434.93999956038436,243.37659746136353,0.6267670286051441,244.00336448996867,519.4860330487721
MC088,M3,-352.77585275752125,346.71860020182123,-737.494433463581,434.93999956038436,167.08456516893347,0.43353400886189775,167.51809917779536,394.7041951199253
MC088,M4,-808.1479467524334,263.1650576296429,-737.494433463581,434.93999956038436,67.64192699984578,-0.6902496971356129,66.95167730271017,185.73785186484648
MC088,M5,-1034.1478448969792,-114.16227556085863,-737.494433463581,434.93999956038436,61.61979150520612,0.9063111299000752,62.5261026351062,624.1126140837071
MC088,M6,-545.6478286396422,-303.17973535612276,-737.494433463581,434.93999956038436,104.5695244686891,-0.7013106821695487,103.86821378651956,762.6439948335575
MC089,M1,-904.1880561129723,-851.4964617471584,-989.4512852857124,42.692629143341584,95.44683200681382,0.013975991499478368,95.46080799831331,898.2449267969968
MC089,M2,-703.8795617614869,-450.63919156911106,-989.4512852857124,42.692629143341584,120.06497840025037,0.3540378730228326,120.41901627327321,570.0241175635117
MC089,M3,-1152.2518618357085,-522.2610979238774,-989.4512852857124,42.692629143341584,73.9248059046832,0.47816045558897713,74.40296636027216,587.9428045755411
MC089,M4,-356.53415784279616,-66.29653511523748,-989.4512852857124,42.692629143341584,170.22941580999827,-0.038618778154187794,170.19079703184408,642.2326121713037
MC090,M1,1073.547901473828,327.07835660005526,1308.8036010950848,-289.6840047561384,290.87867868705814,-0.6817588511102599,290.1969198359479,660.1068508885171
MC090,M2,1072.3632254469212,-1043.9724601213688,1308.8036010950848,-289.6840047561384,72.59580149291139,-0.07906280201387972,72.51673869089753,790.4777828211935
MC090,M3,1662.075961544418,242.67749704608173,1308.8036010950848,-289.6840047561384,236.4319522034777,0.14801338226223493,236.57996558573993,638.9132407913917
MC091,M1,-191.9966018472685,-171.05249027907496,-405.8091326023181,-985.2666161890307,255.2863425050096,-0.3607410771816717,254.92560142782793,841.8197200940308
MC091,M2,-299.5842450641852,-1292.9309010939867,-405.8091326023181,-985.2666161890307,109.04786490853503,0.4096328471664492,109.45749775570147,325.4858505965611
MC092,M1,-153.0087252442305,-1247.7097349398023,417.3865543153687,-639.6092653428907,46.83251536624751,0.9895244802124807,47.82203984645999,833.7487367713715
MC092,M2,413.22296482344507,-727.4669207892563,417.3865543153687,-639.6092653428907,87.28677302857278,-0.8954814789935881,86.39129154957921,87.95625673020396
MC092,M3,-174.57921648652643,-1145.855067689472,417.3865543153687,-639.6092653428907,40.53687586525466,0.059955239628862955,40.59683110488352,778.9148131821705
MC093,M1,-649.0737081959961,127.96347245635164,230.83557371892766,204.4688505681652,4.969193177085909,0.7863193978540437,5.755512574939946,883.22897216977
MC093,M2,404.33185323470525,351.97946785253293,230.83557371892766,204.4688505681652,220.37197069593975,-0.10845786153183212,220.26351283440792,227.72865699650546
MC094,M1,-471.71988182820894,1637.1301030535733,-113.30758900283023,1051.216498213451,301.4547617826694,0.7716336073152092,302.2263953899846,686.8435949945898
MC094,M2,701.8401059721668,885.7831702692891,-113.30758900283023,1051.216498213451,168.52769896447788,0.272337970225351,168.80003693470323,831.7655622936859
MC094,M3,243.62953063513407,705.7023423806754,-113.30758900283023,1051.216498213451,135.9316374771183,-0.9702120045342895,134.961425472584,496.77373044101466
MC094,M4,-71.40472682582634,1423.8689905544968,-113.30758900283023,1051.216498213451,263.584332357192,0.9981050063203156,264.5824373635123,375.0009732075615
MC095,M1,-605.0492060263432,-2200.6674786870362,-434.77349747885575,-1666.9541539793972,72.30525556627722,0.5563522041190652,72.86160777039629,560.2175737084929
MC095,M2,-408.52589248397294,-1740.4730523583382,-434.77349747885575,-1666.9541539793972,109.64750341877821,0.9074883656004431,110.55499178437864,78.0638532665436
MC095,M3,397.80435024130185,-1683.9982214340366,-434.77349747885575,-1666.9541539793972,178.82723669631912,0.4730210645215891,179.3002577608407,832.7522877481204
MC095,M4,66.1270465966623,-2407.388730448957,-434.77349747885575,-1666.9541539793972,124.07816839726716,-0.060649322500012204,124.01751907476716,893.9489454587474
MC096,M1,2199.383986196017,-509.3294220468823,1371.0531662429996,-311.8943038249373,166.5935278584468,-0.3504252475624696,166.24310261088434,851.5354209845597
MC096,M2,560.9730342178509,-533.1479606466639,1371.0531662429996,-311.8943038249373,15.276361293569797,-0.7936382372772357,14.482723056292567,839.7517496015527
MC096,M3,1808.4387932698576,-455.37492217454064,1371.0531662429996,-311.8943038249373,161.83836497306373,0.6988518954110532,162.5372168684748,460.31823184799254
MC097,M1,-224.424907485924,-75.31517300315119,-0.2901442036838295,358.7305771544952,62.68884307687659,0.16011025510690047,62.84895333198348,488.49985193600605
MC097,M2,-150.86222386479812,-142.5719961412899,-0.2901442036838295,358.7305771544952,73.28174633410123,0.5131569182912017,73.79490325239243,523.4273790760749
MC097,M3,371.83850742017546,441.5095505124524,-0.2901442036838295,358.7305771544952,192.5410903249603,0.7639177585693346,193.30500808352963,381.22446378687323
MC097,M4,9.946277559045077,1249.0997671721395,-0.2901442036838295,358.7305771544952,269.3413092769122,0.6327461071451239,269.97405538405735,890.4280312654024
MC097,M5,263.0237350002376,1039.7331238526272,-0.2901442036838295,358.7305771544952,248.86069525687753,0.4293204697640647,249.2900157266416,730.1360610124381
MC097,M6,-359.969013598357,244.7881142533089,-0.2901442036838295,358.7305771544952,17.577651158952108,0.8713452289674422,18.44899638791955,377.29534047085525
MC098,M1,477.25847579866377,-640.8144567700676,810.1635561774657,-440.4094658885047,31.047452117454746,-0.019125344311476056,31.028326773143256,388.57168310654845
MC098,M2,1349.7623712070822,-432.12158738604097,810.1635561774657,-440.4094658885047,180.87995583025614,0.48444754363200104,181.36440337388814,539.6624594238865
MC098,M3,601.9521033287494,187.2612852738535,810.1635561774657,-440.4094658885047,288.35175716864353,0.46269690572603395,288.81445407436956,661.3036979800522
MC098,M4,1528.7936578834046,-415.50819023505795,810.1635561774657,-440.4094658885047,181.98456393875747,0.015088142243854463,181.99965208100133,719.0613997476552
MC099,M1,-281.44110867354345,463.87400923588234,-528.1763332078907,-43.18016516628478,244.05220225427678,-0.4425102276008772,243.6096920266759,563.899110484028
MC099,M2,-638.7697900091171,-753.3021154668186,-528.1763332078907,-43.18016516628478,81.1479412276853,0.47246431950577517,81.62040554719106,718.6821947049186
MC099,M3,-192.03005145810158,-550.3627724645194,-528.1763332078907,-43.18016516628478,123.5352909398016,0.5696254803393117,124.1049164201409,608.4640662192336
MC100,M1,-1518.7760200812302,2023.9103604740822,-930.7777720977432,1420.4783517767778,314.257833273869,0.18144875597431565,314.4392820298433,842.5390962751306
MC100,M2,-887.0911330599818,2040.0804822505793,-930.7777720977432,1420.4783517767778,265.96688841371906,-0.9127508097661803,265.0541376039529,621.1403404369172
EQ_LAST,M1,-610.0,-5.773502691896257,0,0,0.5422745245788987,0.45772547542111397,1.0,610.0273217925024
EQ_LAST,M2,310.0,-525.3887449625595,0,0,120.5422745245789,0.45772547542111397,121.00000000000001,610.0273217925024
EQ_LAST,M3,300.0,531.1622476544558,0,0,240.5422745245789,0.45772547542111397,241.0,610.0273217925026
