case,strategy,source_count,detected_channels,cleared_channels,total_virtual_time_s,measure_actions,clear_actions,all_cleared,search_sites,search_end_time_s,movement_time_s,search_movement_time_s,post_search_movement_time_s,detection_time_s,switching_time_s,clearing_time_s,failed_clear_actions,origin_discoveries,selected_route,pruned_observations,coobservations,pruned_truth_hits,pruned_samples,delayed_decision,probe_new,connection_m,b_order_m,wall_time_s
1,Cplus3F,16,16,16,5967.659,253,16,1,29,3338.164655594702,4377.658967531994,2141.164655594702,2236.4943119372915,1265.0,245.0,80.0,0,8,C,76,94,,,,,,,0.4319645000214223
1,Cplus3FB,16,16,16,5967.659,253,16,1,29,3338.164655594702,4377.658967531994,2141.164655594702,2236.4943119372915,1265.0,245.0,80.0,0,8,C,76,94,0,[],,,,,0.4384190999844577
1,B,16,16,16,8718.955,331,16,1,27,5120.787012814365,6678.955441708103,3417.7870128143663,3261.1684288937386,1655.0,305.0,80.0,0,,,,,,,,,,,0.6266689999902155
2,Cplus3F,15,15,15,7943.418,313,15,1,29,5425.475210293098,5998.417890993944,3651.475210293097,2346.9426807008454,1565.0,305.0,75.0,0,5,C,123,78,,,,,,,0.1831454999919515
2,Cplus3FB,15,15,15,7943.418,313,15,1,29,5425.475210293098,5998.417890993944,3651.475210293097,2346.9426807008454,1565.0,305.0,75.0,0,5,C,123,78,0,[],,,,,0.21540260000620037
2,B,15,15,15,9412.614,324,15,1,27,5796.871979393181,7417.613528162847,4081.871979393182,3335.7415487696667,1620.0,300.0,75.0,0,,,,,,,,,,,0.9410432999720797
3,Cplus3F,13,13,13,7595.077,345,13,1,29,5847.3812042932595,5462.076657875391,3788.3812042932586,1673.695453582132,1725.0,343.0,65.0,0,2,C,69,42,,,,,,,0.12309110001660883
3,Cplus3FB,13,13,13,7595.077,345,13,1,29,5847.3812042932595,5462.076657875391,3788.3812042932586,1673.695453582132,1725.0,343.0,65.0,0,2,C,69,42,0,[],,,,,0.10187559999758378
3,B,13,13,13,8214.268,380,13,1,27,6325.402698725967,5872.267695817416,4119.402698725969,1752.864997091447,1900.0,377.0,65.0,0,,,,,,,,,,,0.26837539998814464
4,Cplus3F,11,11,11,7635.72,360,11,1,29,5720.582228753786,5432.720223355652,3664.582228753786,1768.1379946018678,1800.0,348.0,55.0,0,5,C,41,53,,,,,,,0.2898161000048276
4,Cplus3FB,11,11,11,7635.72,360,11,1,29,5720.582228753786,5432.720223355652,3664.582228753786,1768.1379946018678,1800.0,348.0,55.0,0,5,C,41,53,0,[],,,,,0.3409168999933172
4,B,11,11,11,7785.848,335,11,1,27,6022.543161274369,5729.847701464659,4116.54316127437,1613.304540190288,1675.0,326.0,55.0,0,,,,,,,,,,,0.2457433000090532
5,Cplus3F,12,12,12,7394.838,340,12,1,29,5688.0090363822055,5295.837957589684,3669.0090363822055,1626.8289212074799,1700.0,339.0,60.0,0,6,C,57,57,,,,,,,0.08471110000391491
5,Cplus3FB,12,12,12,7394.838,340,12,1,29,5688.0090363822055,5295.837957589684,3669.0090363822055,1626.8289212074799,1700.0,339.0,60.0,0,6,C,57,57,0,[],,,,,0.11004040000261739
5,B,12,12,12,8949.537,372,12,1,27,6126.8719793931805,6678.537211573136,4081.871979393182,2596.6652321799556,1860.0,351.0,60.0,0,,,,,,,,,,,0.5252284000162035
6,Cplus3F,14,14,14,7426.598,295,14,1,29,5363.503672021275,5589.597676001222,3631.5036720212747,1958.094003979948,1475.0,292.0,70.0,0,3,C,81,58,,,,,,,0.28614519999246113
6,Cplus3FB,14,14,14,7426.598,295,14,1,29,5363.503672021275,5589.597676001222,3631.5036720212747,1958.094003979948,1475.0,292.0,70.0,0,3,C,81,58,0,[],,,,,0.1789512000104878
6,B,14,14,14,8355.571,334,14,1,27,5922.871979393181,6298.570540065806,4081.871979393182,2216.6985606726275,1670.0,317.0,70.0,0,,,,,,,,,,,0.5285250000015367
7,Cplus3F,13,13,13,6999.301,299,13,1,29,5414.548582916864,5141.301024124345,3653.548582916863,1487.7524412074824,1495.0,298.0,65.0,0,9,C,42,66,,,,,,,0.12533179999445565
7,Cplus3FB,13,13,13,6999.301,299,13,1,29,5414.548582916864,5141.301024124345,3653.548582916863,1487.7524412074824,1495.0,298.0,65.0,0,9,C,42,66,0,[],,,,,0.10953869999502786
7,B,13,13,13,8154.111,351,13,1,27,6030.8719793931805,5997.110717046319,4081.871979393182,1915.238737653142,1755.0,337.0,65.0,0,,,,,,,,,,,0.32960719999391586
8,Cplus3F,16,16,16,6294.801,238,16,1,29,3699.140873057046,4794.800911744348,2440.140873057046,2354.6600386873015,1190.0,230.0,80.0,0,5,C,89,66,,,,,,,0.41240169998491183
8,Cplus3FB,16,16,16,6294.801,238,16,1,29,3699.140873057046,4794.800911744348,2440.140873057046,2354.6600386873015,1190.0,230.0,80.0,0,5,C,89,66,0,[],,,,,0.2853237999952398
8,B,16,16,16,8615.656,319,16,1,27,5553.3804905835495,6641.655578698176,3804.3804905835505,2837.27508811463,1595.0,299.0,80.0,0,,,,,,,,,,,0.37108989999978803
9,Cplus3F,15,15,15,7618.352,294,15,1,29,5346.521235587792,5787.352451746594,3669.521235587791,2117.8312161588037,1470.0,286.0,75.0,0,7,C,65,51,,,,,,,0.35555869998643175
9,Cplus3FB,15,15,15,7618.352,294,15,1,29,5346.521235587792,5787.352451746594,3669.521235587791,2117.8312161588037,1470.0,286.0,75.0,0,7,C,65,51,0,[],,,,,0.31782990001374856
9,B,15,15,15,8958.389,348,15,1,27,6056.368807790088,6812.388512628303,4126.368807790089,2686.0197048382142,1740.0,331.0,75.0,0,,,,,,,,,,,0.6006970000162255
10,Cplus3F,14,14,14,7406.18,323,14,1,29,5494.539666649916,5406.1802294868185,3667.539666649917,1738.6405628369027,1615.0,315.0,70.0,0,4,C,68,61,,,,,,,0.2822005999914836
10,Cplus3FB,14,14,14,7406.18,323,14,1,29,5494.539666649916,5406.1802294868185,3667.539666649917,1738.6405628369027,1615.0,315.0,70.0,0,4,C,68,61,0,[],,,,,0.20998949999921024
10,B,14,14,14,8078.225,356,14,1,27,6120.8719793931805,5877.225154209865,4081.871979393182,1795.3531748166847,1780.0,351.0,70.0,0,,,,,,,,,,,0.29614769999170676
11,Cplus3F,10,10,10,7477.934,377,10,1,29,5925.169143192251,5170.934230399604,3708.16914319225,1462.7650872073534,1885.0,372.0,50.0,0,3,C,26,37,,,,,,,0.1616500999953132
11,Cplus3FB,10,10,10,7477.934,377,10,1,29,5925.169143192251,5170.934230399604,3708.16914319225,1462.7650872073534,1885.0,372.0,50.0,0,3,C,26,37,0,[],,,,,0.1577283999940846
11,B,10,10,10,8699.033,404,10,1,27,6402.8719793931805,6234.033435884219,4081.871979393182,2152.1614564910374,2020.0,395.0,50.0,0,,,,,,,,,,,0.1982207999972161
12,Cplus3F,13,13,13,7331.533,314,13,1,29,5532.297733506835,5384.533368511487,3669.2977335068344,1715.2356350046527,1570.0,312.0,65.0,0,6,C,45,58,,,,,,,0.13608530000783503
12,Cplus3FB,13,13,13,7331.533,314,13,1,29,5532.297733506835,5384.533368511487,3669.2977335068344,1715.2356350046527,1570.0,312.0,65.0,0,6,C,45,58,0,[],,,,,0.0829006000130903
12,B,13,13,13,8466.367,396,13,1,27,6282.8719793931805,6043.366687102762,4081.871979393182,1961.4947077095826,1980.0,378.0,65.0,0,,,,,,,,,,,0.7288670999987517
13,Cplus3F,12,12,12,7166.097,326,12,1,29,5527.190830972792,5166.096940024369,3688.1908309727914,1477.9061090515793,1630.0,310.0,60.0,0,6,C,18,33,,,,,,,0.36108729999978095
13,Cplus3FB,12,12,12,7166.097,326,12,1,29,5527.190830972792,5166.096940024369,3688.1908309727914,1477.9061090515793,1630.0,310.0,60.0,0,6,C,18,33,0,[],,,,,0.3143887000042014
13,B,12,12,12,7645.506,315,12,1,27,5826.871979393181,5709.506218830982,4081.871979393182,1627.6342394378012,1575.0,301.0,60.0,0,,,,,,,,,,,0.5198198999860324
14,Cplus3F,12,12,12,6828.819,326,12,1,29,5606.459578763309,4815.819256704029,3655.459578763311,1160.3596779407171,1630.0,323.0,60.0,0,4,C,70,47,,,,,,,0.09961559998919256
14,Cplus3FB,12,12,12,6828.819,326,12,1,29,5606.459578763309,4815.819256704029,3655.459578763311,1160.3596779407171,1630.0,323.0,60.0,0,4,C,70,47,0,[],,,,,0.090624399977969
14,B,12,12,12,8495.2,342,12,1,27,6024.8719793931805,6391.19994878191,4081.871979393182,2309.3279693887275,1710.0,334.0,60.0,0,,,,,,,,,,,0.23090680001769215
15,Cplus3F,15,15,15,7010.534,260,15,1,29,5195.146518430619,5385.534027061713,3700.1465184306185,1685.3875086310936,1300.0,250.0,75.0,0,7,C,54,58,,,,,,,0.2568448999954853
15,Cplus3FB,15,15,15,7010.534,260,15,1,29,5195.146518430619,5385.534027061713,3700.1465184306185,1685.3875086310936,1300.0,250.0,75.0,0,7,C,54,58,0,[],,,,,0.21590379998087883
15,B,15,15,15,8969.896,308,15,1,27,5748.841030927579,7074.895679777692,4144.841030927579,2930.054648850119,1540.0,280.0,75.0,0,,,,,,,,,,,0.4504914999997709
16,Cplus3F,15,15,15,8439.779,343,15,1,29,5470.8283379404165,6321.778992111217,3723.8283379404156,2597.9506541708015,1715.0,328.0,75.0,0,4,C,121,84,,,,,,,0.2839807999844197
16,Cplus3FB,15,15,15,8439.779,343,15,1,29,5470.8283379404165,6321.778992111217,3723.8283379404156,2597.9506541708015,1715.0,328.0,75.0,0,4,C,121,84,0,[],,,,,0.33887829998275265
16,B,15,15,15,9196.201,316,15,1,27,5820.871979393181,7238.201175567885,4081.871979393182,3156.3291961747004,1580.0,303.0,75.0,0,,,,,,,,,,,0.3655412000080105
17,Cplus3F,11,11,11,7742.674,358,11,1,29,5674.5264323263955,5552.674388980543,3629.5264323263946,1923.1479566541504,1790.0,345.0,55.0,0,4,C,46,48,,,,,,,0.37802790000569075
17,Cplus3FB,11,11,11,7742.674,358,11,1,29,5674.5264323263955,5552.674388980543,3629.5264323263946,1923.1479566541504,1790.0,345.0,55.0,0,4,C,46,48,0,[],,,,,0.3734014999936335
17,B,11,11,11,7914.015,353,11,1,27,6090.8719793931805,5749.015485420822,4081.871979393182,1667.143506027639,1765.0,345.0,55.0,0,,,,,,,,,,,0.26548339999862947
18,Cplus3F,14,14,14,7559.885,305,14,1,29,5443.043731933116,5665.88533251997,3664.0437319331154,2001.8416005868546,1525.0,299.0,70.0,0,5,C,87,67,,,,,,,0.21230270000523888
18,Cplus3FB,14,14,14,7559.885,305,14,1,29,5443.043731933116,5665.88533251997,3664.0437319331154,2001.8416005868546,1525.0,299.0,70.0,0,5,C,87,67,0,[],,,,,0.19309479999355972
18,B,14,14,14,8197.694,289,14,1,27,5676.871979393181,6405.693814157151,4081.871979393182,2323.821834763969,1445.0,277.0,70.0,0,,,,,,,,,,,0.4844593000016175
19,Cplus3F,14,14,14,7268.499,313,14,1,29,5540.745750575171,5322.499188119368,3667.7457505751718,1654.753437544197,1565.0,311.0,70.0,0,5,C,68,53,,,,,,,0.09563300001900643
19,Cplus3FB,14,14,14,7268.499,313,14,1,29,5540.745750575171,5322.499188119368,3667.7457505751718,1654.753437544197,1565.0,311.0,70.0,0,5,C,68,53,0,[],,,,,0.08562629998777993
19,B,14,14,14,8694.365,347,14,1,27,6015.101794492912,6558.364674862664,4085.101794492912,2473.262880369754,1735.0,331.0,70.0,0,,,,,,,,,,,0.40027540002483875
20,Cplus3F,11,11,11,7526.891,385,11,1,29,5943.290105172321,5167.890775181732,3696.2901051723197,1471.6006700094129,1925.0,379.0,55.0,0,3,C,68,45,,,,,,,0.12679739997838624
20,Cplus3FB,11,11,11,7526.891,385,11,1,29,5943.290105172321,5167.890775181732,3696.2901051723197,1471.6006700094129,1925.0,379.0,55.0,0,3,C,68,45,0,[],,,,,0.10935459999018349
20,B,11,11,11,9480.808,440,11,1,27,6518.853791979974,6811.808435732249,4084.8537919799746,2726.9546437522786,2200.0,414.0,55.0,0,,,,,,,,,,,0.43911850001313724
21,Cplus3F,11,11,11,8311.839,418,11,1,29,6004.5264323263955,5760.838599436711,3629.5264323263946,2131.312167110318,2090.0,406.0,55.0,0,3,C,74,63,,,,,,,0.21619000000646338
21,Cplus3FB,11,11,11,8311.839,418,11,1,29,6004.5264323263955,5760.838599436711,3629.5264323263946,2131.312167110318,2090.0,406.0,55.0,0,3,C,74,63,0,[],,,,,0.31223390001105145
21,B,11,11,11,8980.003,416,11,1,27,6462.8719793931805,6439.003060586179,4081.871979393182,2357.131081192997,2080.0,406.0,55.0,0,,,,,,,,,,,0.26490650000050664
22,Cplus3F,12,12,12,7291.215,352,12,1,29,5709.858732144415,5123.214720822478,3650.8587321444134,1472.3559886780645,1760.0,348.0,60.0,0,4,C,103,65,,,,,,,0.1697915999975521
22,Cplus3FB,12,12,12,7291.215,352,12,1,29,5709.858732144415,5123.214720822478,3650.8587321444134,1472.3559886780645,1760.0,348.0,60.0,0,4,C,103,65,0,[],,,,,0.17749249999178573
22,B,12,12,12,8979.366,371,12,1,27,6150.8719793931805,6707.36629818353,4081.871979393182,2625.494318790346,1855.0,357.0,60.0,0,,,,,,,,,,,0.446062000002712
23,Cplus3F,15,15,15,7086.532,278,15,1,29,5324.062366384046,5344.531804567454,3677.062366384045,1667.4694381834086,1390.0,277.0,75.0,0,4,C,61,53,,,,,,,0.10830809999606572
23,Cplus3FB,15,15,15,7086.532,278,15,1,29,5324.062366384046,5344.531804567454,3677.062366384045,1667.4694381834086,1390.0,277.0,75.0,0,4,C,61,53,0,[],,,,,0.11845030001131818
23,B,15,15,15,8531.037,312,15,1,27,5766.031816106372,6601.037102960766,4082.0318161063724,2519.005286854393,1560.0,295.0,75.0,0,,,,,,,,,,,0.6509762000059709
24,Cplus3F,10,10,10,7174.026,367,10,1,29,5942.5680141546,4923.026413986369,3738.5680141545995,1184.4583998317694,1835.0,366.0,50.0,0,4,C,39,30,,,,,,,0.05034190000151284
24,Cplus3FB,10,10,10,7174.026,367,10,1,29,5942.5680141546,4923.026413986369,3738.5680141545995,1184.4583998317694,1835.0,366.0,50.0,0,4,C,39,30,0,[],,,,,0.06255529998452403
24,B,10,10,10,8642.739,406,10,1,27,6426.8719793931805,6165.7392784028325,4081.871979393182,2083.867299009652,2030.0,397.0,50.0,0,,,,,,,,,,,0.17392699999618344
25,Cplus3F,13,13,13,6810.113,291,13,1,29,5460.085152510124,5003.11278209958,3737.0851525101234,1266.0276295894569,1455.0,287.0,65.0,0,6,C,30,40,,,,,,,0.13576740000280552
25,Cplus3FB,13,13,13,6810.113,291,13,1,29,5460.085152510124,5003.11278209958,3737.0851525101234,1266.0276295894569,1455.0,287.0,65.0,0,6,C,30,40,0,[],,,,,0.1457663000037428
25,B,13,13,13,9963.862,385,13,1,27,6054.871979393181,7632.862048924973,4081.871979393182,3550.9900695317956,1925.0,341.0,65.0,0,,,,,,,,,,,0.7526579000113998
26,Cplus3F,12,12,12,7535.799,347,12,1,29,5771.69657763156,5395.798790621356,3693.69657763156,1702.1022129897958,1735.0,345.0,60.0,0,4,C,36,49,,,,,,,0.08188590002828278
26,Cplus3FB,12,12,12,7535.799,347,12,1,29,5771.69657763156,5395.798790621356,3693.69657763156,1702.1022129897958,1735.0,345.0,60.0,0,4,C,36,49,0,[],,,,,0.08125639997888356
26,B,12,12,12,9231.264,397,12,1,27,6240.8719793931805,6815.264022752753,4081.871979393182,2733.3920433595754,1985.0,371.0,60.0,0,,,,,,,,,,,0.41219219999038614
27,Cplus3F,13,13,13,6967.436,304,13,1,29,5472.506791825003,5080.435505132403,3670.5067918250033,1409.9287133074001,1520.0,302.0,65.0,0,4,C,43,41,,,,,,,0.1737581999914255
27,Cplus3FB,13,13,13,6967.436,304,13,1,29,5472.506791825003,5080.435505132403,3670.5067918250033,1409.9287133074001,1520.0,302.0,65.0,0,4,C,43,41,0,[],,,,,0.15529190000961535
27,B,13,13,13,7979.754,339,13,1,27,6039.298635280409,5885.754348615675,4091.2986352804105,1794.4557133352605,1695.0,334.0,65.0,0,,,,,,,,,,,0.29013469998608343
28,Cplus3F,15,15,15,7496.798,279,15,1,29,5248.029702745265,5758.798350956244,3656.029702745263,2102.7686482109825,1395.0,268.0,75.0,0,7,C,69,64,,,,,,,0.24799479998182505
28,Cplus3FB,15,15,15,7496.798,279,15,1,29,5248.029702745265,5758.798350956244,3656.029702745263,2102.7686482109825,1395.0,268.0,75.0,0,7,C,69,64,0,[],,,,,0.191486800002167
28,B,15,15,15,9213.776,328,15,1,27,5868.871979393181,7186.776089872656,4081.871979393182,3104.904110479474,1640.0,312.0,75.0,0,,,,,,,,,,,0.5119801000109874
29,Cplus3F,14,14,14,7305.152,278,14,1,29,5253.483633192098,5571.1522084501,3630.483633192097,1940.6685752580036,1390.0,274.0,70.0,0,7,C,62,55,,,,,,,0.29123560001607984
29,Cplus3FB,14,14,14,7305.152,278,14,1,29,5253.483633192098,5571.1522084501,3630.483633192097,1940.6685752580036,1390.0,274.0,70.0,0,7,C,62,55,0,[],,,,,0.3332168999768328
29,B,14,14,14,8934.1,314,14,1,27,5866.23633619985,6991.100089368046,4110.2363361998505,2880.863753168195,1570.0,303.0,70.0,0,,,,,,,,,,,0.310939299990423
30,Cplus3F,13,13,13,7486.684,337,13,1,29,5612.818942143498,5405.68375337345,3646.818942143497,1758.8648112299536,1685.0,331.0,65.0,0,2,C,39,40,,,,,,,0.20315729998401366
30,Cplus3FB,13,13,13,7486.684,337,13,1,29,5612.818942143498,5405.68375337345,3646.818942143497,1758.8648112299536,1685.0,331.0,65.0,0,2,C,39,40,0,[],,,,,0.14750759999151342
30,B,13,13,13,8859.268,426,13,1,27,6468.8719793931805,6255.267868811739,4081.871979393182,2173.3958894185594,2130.0,409.0,65.0,0,,,,,,,,,,,0.34695030000875704
31,Cplus3F,13,13,13,7529.405,404,13,1,29,5947.277659540785,5049.405088673205,3714.277659540783,1335.1274291324232,2020.0,395.0,65.0,0,3,C,61,67,,,,,,,0.21501200000056997
31,Cplus3FB,13,13,13,7529.405,404,13,1,29,5947.277659540785,5049.405088673205,3714.277659540783,1335.1274291324232,2020.0,395.0,65.0,0,3,C,61,67,0,[],,,,,0.30971329999738373
31,B,13,13,13,8544.467,398,13,1,27,6391.4714457657865,6102.467268605594,4131.471445765788,1970.995822839808,1990.0,387.0,65.0,0,,,,,,,,,,,0.433565900020767
32,Cplus3F,10,10,10,7991.272,409,10,1,29,5986.919924571557,5492.271786012937,3630.9199245715563,1861.351861441379,2045.0,404.0,50.0,0,3,C,62,55,,,,,,,0.2368092999968212
32,Cplus3FB,10,10,10,7991.272,409,10,1,29,5986.919924571557,5492.271786012937,3630.9199245715563,1861.351861441379,2045.0,404.0,50.0,0,3,C,62,55,0,[],,,,,0.18843609999748878
32,B,10,10,10,8622.016,378,10,1,27,6264.8719793931805,6311.0157338784875,4081.871979393182,2229.1437544853043,1890.0,371.0,50.0,0,,,,,,,,,,,0.22453000000678003
33,Cplus3F,16,16,16,7490.356,283,16,1,29,5118.2868759411085,5720.35601311475,3556.2868759411076,2164.069137173643,1415.0,275.0,80.0,0,8,C,55,72,,,,,,,0.3120753999974113
33,Cplus3FB,16,16,16,7490.356,283,16,1,29,5118.2868759411085,5720.35601311475,3556.2868759411076,2164.069137173643,1415.0,275.0,80.0,0,8,C,55,72,0,[],,,,,0.3087557000108063
33,B,16,16,16,7028.464,243,16,1,27,4449.689821672274,5502.463717813308,3125.6898216722743,2376.7738961410328,1215.0,231.0,80.0,0,,,,,,,,,,,0.4463828000007197
34,Cplus3F,14,14,14,8216.765,373,14,1,29,5697.204085008112,5927.765195911062,3665.2040850081116,2262.561110902952,1865.0,354.0,70.0,0,4,C,90,64,,,,,,,0.38308639999013394
34,Cplus3FB,14,14,14,8216.765,373,14,1,29,5697.204085008112,5927.765195911062,3665.2040850081116,2262.561110902952,1865.0,354.0,70.0,0,4,C,90,64,0,[],,,,,0.37221930001396686
34,B,14,14,14,8623.523,372,14,1,27,6041.892883196342,6336.523232697789,4081.892883196343,2254.63034950145,1860.0,357.0,70.0,0,,,,,,,,,,,0.36215110000921413
35,Cplus3F,15,15,15,7455.742,281,15,1,29,5308.570684650175,5708.7419004851145,3700.5706846501744,2008.1712158349396,1405.0,267.0,75.0,0,6,C,70,59,,,,,,,0.4678532000107225
35,Cplus3FB,15,15,15,7455.742,281,15,1,29,5308.570684650175,5708.7419004851145,3700.5706846501744,2008.1712158349396,1405.0,267.0,75.0,0,6,C,70,59,0,[],,,,,0.44856039999285713
35,B,15,15,15,8192.46,279,15,1,27,5586.871979393181,6457.459989167279,4081.871979393182,2375.5880097740956,1395.0,265.0,75.0,0,,,,,,,,,,,0.4899720000103116
36,Cplus3F,13,13,13,6919.65,314,13,1,29,5555.01378261526,4974.650111761555,3699.013782615259,1275.6363291462972,1570.0,310.0,65.0,0,4,C,50,46,,,,,,,0.13377370001398958
36,Cplus3FB,13,13,13,6919.65,314,13,1,29,5555.01378261526,4974.650111761555,3699.013782615259,1275.6363291462972,1570.0,310.0,65.0,0,4,C,50,46,0,[],,,,,0.13097790000028908
36,B,13,13,13,8305.528,339,13,1,27,5994.871979393181,6216.528247725419,4081.871979393182,2134.656268332237,1695.0,329.0,65.0,0,,,,,,,,,,,0.3721091999905184
37,Cplus3F,13,13,13,7324.996,337,13,1,29,5616.784418011682,5254.995985791314,3714.7844180116813,1540.2115677796346,1685.0,320.0,65.0,0,6,C,56,60,,,,,,,0.3019555000064429
37,Cplus3FB,13,13,13,7324.996,337,13,1,29,5616.784418011682,5254.995985791314,3714.7844180116813,1540.2115677796346,1685.0,320.0,65.0,0,6,C,56,60,0,[],,,,,0.32122379998327233
37,B,13,13,13,8624.27,358,13,1,27,6090.8719793931805,6424.270447767417,4081.871979393182,2342.3984683742356,1790.0,345.0,65.0,0,,,,,,,,,,,0.5129108999972232
38,Cplus3F,12,12,12,7815.79,344,12,1,29,5608.5264323263955,5699.7896410199155,3629.5264323263946,2070.2632086935223,1720.0,336.0,60.0,0,4,C,63,48,,,,,,,0.3652486999926623
38,Cplus3FB,12,12,12,7815.79,344,12,1,29,5608.5264323263955,5699.7896410199155,3629.5264323263946,2070.2632086935223,1720.0,336.0,60.0,0,4,C,63,48,0,[],,,,,0.3215308999933768
38,B,12,12,12,9224.068,387,12,1,27,6204.8719793931805,6864.067810890633,4081.871979393182,2782.1958314974536,1935.0,365.0,60.0,0,,,,,,,,,,,0.30441489999066107
39,Cplus3F,10,10,10,7442.588,389,10,1,29,5988.231713169333,5060.587728370324,3687.2317131693317,1373.3560152009914,1945.0,387.0,50.0,0,3,C,52,51,,,,,,,0.08414349998929538
39,Cplus3FB,10,10,10,7442.588,389,10,1,29,5988.231713169333,5060.587728370324,3687.2317131693317,1373.3560152009914,1945.0,387.0,50.0,0,3,C,52,51,0,[],,,,,0.066717100009555
39,B,10,10,10,8324.275,430,10,1,27,6588.8719793931805,5699.274964279553,4081.871979393182,1617.4029848863713,2150.0,425.0,50.0,0,,,,,,,,,,,0.1739860000088811
40,Cplus3F,11,11,11,6999.975,348,11,1,29,5709.68396539981,4857.9745763008,3630.68396539981,1227.290610900989,1740.0,347.0,55.0,0,2,C,74,54,,,,,,,0.07305740000447258
40,Cplus3FB,11,11,11,6999.975,348,11,1,29,5709.68396539981,4857.9745763008,3630.68396539981,1227.290610900989,1740.0,347.0,55.0,0,2,C,74,54,0,[],,,,,0.05608609999762848
40,B,11,11,11,8620.679,396,11,1,27,6318.425310966936,6208.679080016763,4100.425310966938,2108.2537690498248,1980.0,377.0,55.0,0,,,,,,,,,,,0.417580800014548
41,Cplus3F,15,15,15,7570.867,290,15,1,29,5331.924397977656,5762.867008319852,3696.9243979776547,2065.942610342198,1450.0,283.0,75.0,0,5,C,59,78,,,,,,,0.28205000000889413
41,Cplus3FB,15,15,15,7570.867,290,15,1,29,5331.924397977656,5762.867008319852,3696.9243979776547,2065.942610342198,1450.0,283.0,75.0,0,5,C,59,78,0,[],,,,,0.26790529998834245
41,B,15,15,15,8728.88,341,15,1,27,5922.871979393181,6627.880095645082,4081.871979393182,2546.008116251904,1705.0,321.0,75.0,0,,,,,,,,,,,0.6476317000051495
42,Cplus3F,12,12,12,7587.23,367,12,1,29,5721.801808820995,5333.230309853893,3629.8018088209938,1703.4285010328997,1835.0,359.0,60.0,0,5,C,89,65,,,,,,,0.23792049998883158
42,Cplus3FB,12,12,12,7587.23,367,12,1,29,5721.801808820995,5333.230309853893,3629.8018088209938,1703.4285010328997,1835.0,359.0,60.0,0,5,C,89,65,0,[],,,,,0.19063319999258965
42,B,12,12,12,8070.562,360,12,1,27,6162.8719793931805,5855.562149060456,4081.871979393182,1773.6901696672737,1800.0,355.0,60.0,0,,,,,,,,,,,0.22307720000389963
43,Cplus3F,13,13,13,7523.506,319,13,1,29,5551.043168056523,5546.50593922658,3659.043168056523,1887.4627711700573,1595.0,317.0,65.0,0,1,C,103,56,,,,,,,0.125831899989862
43,Cplus3FB,13,13,13,7523.506,319,13,1,29,5551.043168056523,5546.50593922658,3659.043168056523,1887.4627711700573,1595.0,317.0,65.0,0,1,C,103,56,0,[],,,,,0.1409810000041034
43,B,13,13,13,9026.106,369,13,1,27,6156.8719793931805,6757.105773989484,4081.871979393182,2675.233794596304,1845.0,359.0,65.0,0,,,,,,,,,,,0.3613451999844983
44,Cplus3F,10,10,10,7716.525,390,10,1,29,5994.617931867894,5327.5246003141465,3668.6179318678933,1658.9066684462537,1950.0,389.0,50.0,0,2,C,41,48,,,,,,,0.07968410002649762
44,Cplus3FB,10,10,10,7716.525,390,10,1,29,5994.617931867894,5327.5246003141465,3668.6179318678933,1658.9066684462537,1950.0,389.0,50.0,0,2,C,41,48,0,[],,,,,0.0894933000090532
44,B,10,10,10,8295.139,387,10,1,27,6312.8719793931805,5930.139284652616,4081.871979393182,1848.2673052594355,1935.0,380.0,50.0,0,,,,,,,,,,,0.27978199999779463
45,Cplus3F,15,15,15,7033.833,287,15,1,29,5481.69968434974,5237.833058571966,3741.69968434974,1496.133374222227,1435.0,286.0,75.0,0,6,C,35,57,,,,,,,0.053272000019205734
45,Cplus3FB,15,15,15,7033.833,287,15,1,29,5481.69968434974,5237.833058571966,3741.69968434974,1496.133374222227,1435.0,286.0,75.0,0,6,C,35,57,0,[],,,,,0.04420169998775236
45,B,15,15,15,8705.919,332,15,1,27,5898.871979393181,6653.9186554880125,4081.871979393182,2572.04667609483,1660.0,317.0,75.0,0,,,,,,,,,,,0.4709087999945041
46,Cplus3F,13,13,13,7329.635,303,13,1,29,5438.06961313845,5450.6350205131575,3666.06961313845,1784.5654073747069,1515.0,299.0,65.0,0,3,C,52,39,,,,,,,0.2574361000151839
46,Cplus3FB,13,13,13,7329.635,303,13,1,29,5438.06961313845,5450.6350205131575,3666.06961313845,1784.5654073747069,1515.0,299.0,65.0,0,3,C,52,39,0,[],,,,,0.24258680001366884
46,B,13,13,13,9556.189,367,13,1,27,6207.612849965899,7296.189049947069,4104.612849965901,3191.5761999811666,1835.0,360.0,65.0,0,,,,,,,,,,,0.32429770001908764
47,Cplus3F,15,15,15,7832.135,334,15,1,29,5510.482763569607,5778.13494399677,3728.4827635696074,2049.6521804271656,1670.0,309.0,75.0,0,3,C,107,85,,,,,,,0.26933710000594147
47,Cplus3FB,15,15,15,7832.135,334,15,1,29,5510.482763569607,5778.13494399677,3728.4827635696074,2049.6521804271656,1670.0,309.0,75.0,0,3,C,107,85,0,[],,,,,0.300172899995232
47,B,15,15,15,8639.68,381,15,1,27,6180.061645445421,6300.679955115394,4100.061645445423,2200.6183096699733,1905.0,359.0,75.0,0,,,,,,,,,,,0.6738858000026084
48,Cplus3F,11,11,11,7716.989,361,11,1,29,5778.090581919586,5506.989184035792,3693.090581919587,1813.8986021162075,1805.0,350.0,55.0,0,3,C,47,43,,,,,,,0.20395970001118258
48,Cplus3FB,11,11,11,7716.989,361,11,1,29,5778.090581919586,5506.989184035792,3693.090581919587,1813.8986021162075,1805.0,350.0,55.0,0,3,C,47,43,0,[],,,,,0.22177000000374392
48,B,11,11,11,9209.239,413,11,1,27,6358.12698023862,6709.238513722968,4122.1269802386205,2587.1115334843535,2065.0,380.0,55.0,0,,,,,,,,,,,0.5939412000006996
49,Cplus3F,11,11,11,7332.228,359,11,1,29,5735.155347797458,5127.228425133351,3631.1553477974576,1496.0730773358948,1795.0,355.0,55.0,0,4,C,55,49,,,,,,,0.21865490000345744
49,Cplus3FB,11,11,11,7332.228,359,11,1,29,5735.155347797458,5127.228425133351,3631.1553477974576,1496.0730773358948,1795.0,355.0,55.0,0,4,C,55,49,0,[],,,,,0.19137439999030903
49,B,11,11,11,8169.203,333,11,1,27,5988.871979393181,6121.203358927672,4081.871979393182,2039.3313795344882,1665.0,328.0,55.0,0,,,,,,,,,,,0.18830569999408908
50,Cplus3F,13,13,13,7376.007,355,13,1,29,5830.629538887965,5186.00676760401,3736.629538887965,1449.3772287160464,1775.0,350.0,65.0,0,4,C,74,49,,,,,,,0.16706509998766705
50,Cplus3FB,13,13,13,7376.007,355,13,1,29,5830.629538887965,5186.00676760401,3736.629538887965,1449.3772287160464,1775.0,350.0,65.0,0,4,C,74,49,0,[],,,,,0.18857759999809787
50,B,13,13,13,8872.955,367,13,1,27,6266.804276776193,6614.954633394839,4157.8042767761945,2457.1503566186448,1835.0,358.0,65.0,0,,,,,,,,,,,0.18845149999833666
51,Cplus3F,13,13,13,7524.724,347,13,1,29,5687.6794014424095,5384.724249866223,3675.67940144241,1709.0448484238132,1735.0,340.0,65.0,0,4,C,32,39,,,,,,,0.2841577000217512
51,Cplus3FB,13,13,13,7524.724,347,13,1,29,5687.6794014424095,5384.724249866223,3675.67940144241,1709.0448484238132,1735.0,340.0,65.0,0,4,C,32,39,0,[],,,,,0.2632341999851633
51,B,13,13,13,8547.417,343,13,1,27,6012.8719793931805,6434.4174058779845,4081.871979393182,2352.5454264848017,1715.0,333.0,65.0,0,,,,,,,,,,,0.29855639999732375
52,Cplus3F,12,12,12,7731.201,362,12,1,29,5645.215633615759,5512.200855275898,3675.2156336157586,1836.9852216601398,1810.0,349.0,60.0,0,3,C,62,80,,,,,,,0.38547929999185726
52,Cplus3FB,12,12,12,7731.201,362,12,1,29,5645.215633615759,5512.200855275898,3675.2156336157586,1836.9852216601398,1810.0,349.0,60.0,0,3,C,62,80,0,[],,,,,0.411953300004825
52,B,12,12,12,8016.076,362,12,1,27,6144.8719793931805,5791.076203751751,4081.871979393182,1709.204224358571,1810.0,355.0,60.0,0,,,,,,,,,,,0.301414300018223
53,Cplus3F,15,15,15,7046.655,293,15,1,29,5356.253282753819,5222.655284067105,3662.253282753819,1560.4020013132847,1465.0,284.0,75.0,0,4,C,95,65,,,,,,,0.1572576000180561
53,Cplus3FB,15,15,15,7046.655,293,15,1,29,5356.253282753819,5222.655284067105,3662.253282753819,1560.4020013132847,1465.0,284.0,75.0,0,4,C,95,65,0,[],,,,,0.17038600001251325
53,B,15,15,15,8340.866,413,15,1,27,6468.175362689838,5795.866182759777,4094.175362689839,1701.690820069938,2065.0,405.0,75.0,0,,,,,,,,,,,0.3649718999804463
54,Cplus3F,13,13,13,7726.733,343,13,1,29,5644.183800003985,5608.733088444651,3643.183800003984,1965.549288440669,1715.0,338.0,65.0,0,4,C,43,53,,,,,,,0.24735059999511577
54,Cplus3FB,13,13,13,7726.733,343,13,1,29,5644.183800003985,5608.733088444651,3643.183800003984,1965.549288440669,1715.0,338.0,65.0,0,4,C,43,53,0,[],,,,,0.2510531000152696
54,B,13,13,13,9150.793,367,13,1,27,6096.8719793931805,6901.792820336803,4081.871979393182,2819.9208409436246,1835.0,349.0,65.0,0,,,,,,,,,,,0.49218040000414476
55,Cplus3F,11,11,11,7609.79,367,11,1,29,5794.41301593048,5354.789797391759,3630.4130159304796,1724.3767814612802,1835.0,365.0,55.0,0,3,C,40,41,,,,,,,0.20628389998455532
55,Cplus3FB,11,11,11,7609.79,367,11,1,29,5794.41301593048,5354.789797391759,3630.4130159304796,1724.3767814612802,1835.0,365.0,55.0,0,3,C,40,41,0,[],,,,,0.16252289997646585
55,B,11,11,11,8845.124,398,11,1,27,6344.82379935602,6417.124076986602,4090.8237993560206,2326.300277630584,1990.0,383.0,55.0,0,,,,,,,,,,,0.42900299999746494
56,Cplus3F,13,13,13,7034.528,321,13,1,29,5536.311245231295,5050.528324869576,3662.3112452312957,1388.217079638282,1605.0,314.0,65.0,0,4,C,98,59,,,,,,,0.16852690000087023
56,Cplus3FB,13,13,13,7034.528,321,13,1,29,5536.311245231295,5050.528324869576,3662.3112452312957,1388.217079638282,1605.0,314.0,65.0,0,4,C,98,59,0,[],,,,,0.14380720001645386
56,B,13,13,13,9006.522,369,13,1,27,6048.8719793931805,6756.522202571519,4081.871979393182,2674.6502231783406,1845.0,340.0,65.0,0,,,,,,,,,,,0.6020215000025928
57,Cplus3F,10,10,10,7351.587,390,10,1,29,5938.036535385155,4962.587095174089,3637.036535385154,1325.550559788935,1950.0,389.0,50.0,0,5,C,49,48,,,,,,,0.21107920000213198
57,Cplus3FB,10,10,10,7351.587,390,10,1,29,5938.036535385155,4962.587095174089,3637.036535385154,1325.550559788935,1950.0,389.0,50.0,0,5,C,49,48,0,[],,,,,0.22057129998574965
57,B,10,10,10,8304.881,394,10,1,27,6348.8719793931805,5897.880781241505,4081.871979393182,1816.008801848324,1970.0,387.0,50.0,0,,,,,,,,,,,0.2953729000000749
58,Cplus3F,11,11,11,7287.248,358,11,1,29,5792.494755168065,5090.247896341841,3683.4947551680652,1406.7531411737757,1790.0,352.0,55.0,0,6,C,29,45,,,,,,,0.16269869997631758
58,Cplus3FB,11,11,11,7287.248,358,11,1,29,5792.494755168065,5090.247896341841,3683.4947551680652,1406.7531411737757,1790.0,352.0,55.0,0,6,C,29,45,0,[],,,,,0.16797129999031313
58,B,11,11,11,8805.341,410,11,1,27,6342.8719793931805,6314.341033492675,4081.871979393182,2232.469054099495,2050.0,386.0,55.0,0,,,,,,,,,,,0.44744240000727586
59,Cplus3F,16,16,16,8469.152,313,16,1,29,4382.533244483476,6537.151785476531,2980.533244483475,3556.6185409930576,1565.0,287.0,80.0,0,5,C,87,78,,,,,,,1.0832469000015408
59,Cplus3FB,16,16,16,8469.152,313,16,1,29,4382.533244483476,6537.151785476531,2980.533244483475,3556.6185409930576,1565.0,287.0,80.0,0,5,C,87,78,0,[],,,,,1.0355631999846082
59,B,16,16,16,9071.554,313,16,1,27,4740.595979333308,7146.553887132425,3289.595979333309,3856.9579077991225,1565.0,280.0,80.0,0,,,,,,,,,,,0.5886948000115808
60,Cplus3F,15,15,15,7069.755,287,15,1,29,5320.2601603550875,5277.7550767739895,3673.260160355088,1604.4949164189038,1435.0,282.0,75.0,0,6,C,98,77,,,,,,,0.1994913000089582
60,Cplus3FB,15,15,15,7069.755,287,15,1,29,5320.2601603550875,5277.7550767739895,3673.260160355088,1604.4949164189038,1435.0,282.0,75.0,0,6,C,98,77,0,[],,,,,0.14588219998404384
60,B,15,15,15,7672.435,300,15,1,27,5778.871979393181,5800.435485263358,4081.871979393182,1718.5635058701773,1500.0,297.0,75.0,0,,,,,,,,,,,0.39379050000570714
61,Cplus3F,16,16,16,7288.699,294,16,1,29,4805.194774162268,5452.6990810245525,3295.1947741622675,2157.5043068622826,1470.0,286.0,80.0,0,9,C,71,84,,,,,,,0.23712259999592789
61,Cplus3FB,16,16,16,7288.699,294,16,1,29,4805.194774162268,5452.6990810245525,3295.1947741622675,2157.5043068622826,1470.0,286.0,80.0,0,9,C,71,84,0,[],,,,,0.24333179998211563
61,B,16,16,16,8204.452,260,16,1,27,4778.787012814365,6581.45200843627,3417.7870128143663,3163.664995621902,1300.0,243.0,80.0,0,,,,,,,,,,,0.5405096999893431
62,Cplus3F,10,10,10,7322.511,380,10,1,29,5886.69953874228,4993.510565822642,3632.6995387422803,1360.8110270803622,1900.0,379.0,50.0,0,5,C,41,36,,,,,,,0.10493660002248362
62,Cplus3FB,10,10,10,7322.511,380,10,1,29,5886.69953874228,4993.510565822642,3632.6995387422803,1360.8110270803622,1900.0,379.0,50.0,0,5,C,41,36,0,[],,,,,0.08121360000222921
62,B,10,10,10,8158.581,437,10,1,27,6570.8719793931805,5500.5806186657355,4081.871979393182,1418.7086392725553,2185.0,423.0,50.0,0,,,,,,,,,,,0.39186119998339564
63,Cplus3F,11,11,11,7516.452,357,11,1,29,5761.578235225345,5320.451547486104,3639.578235225345,1680.873312260759,1785.0,356.0,55.0,0,5,C,48,47,,,,,,,0.12608829999226145
63,Cplus3FB,11,11,11,7516.452,357,11,1,29,5761.578235225345,5320.451547486104,3639.578235225345,1680.873312260759,1785.0,356.0,55.0,0,5,C,48,47,0,[],,,,,0.07637159997830167
63,B,11,11,11,8332.128,358,11,1,27,6084.871979393181,6145.1279761678115,4081.871979393182,2063.2559967746356,1790.0,342.0,55.0,0,,,,,,,,,,,0.4161498000030406
64,Cplus3F,10,10,10,7705.182,380,10,1,29,5886.478832630628,5382.182139209336,3663.4788326306284,1718.7033065787077,1900.0,373.0,50.0,0,3,C,53,51,,,,,,,0.18334150000009686
64,Cplus3FB,10,10,10,7705.182,380,10,1,29,5886.478832630628,5382.182139209336,3663.4788326306284,1718.7033065787077,1900.0,373.0,50.0,0,3,C,53,51,0,[],,,,,0.18854139998438768
64,B,10,10,10,8632.003,418,10,1,27,6493.105816887323,6090.003232115099,4108.105816887324,1981.8974152277776,2090.0,402.0,50.0,0,,,,,,,,,,,0.36690580000868067
65,Cplus3F,16,16,16,4453.017,201,16,1,29,1390.1779453846982,3172.016808378569,839.1779453846982,2332.8388629938704,1005.0,196.0,80.0,0,5,C,80,116,,,,,,,0.4255140000022948
65,Cplus3FB,16,16,16,4453.017,201,16,1,29,1390.1779453846982,3172.016808378569,839.1779453846982,2332.8388629938704,1005.0,196.0,80.0,0,5,C,80,116,0,[],,,,,0.448525099986
65,B,16,16,16,8671.587,295,16,1,27,4808.787012814365,6845.587438639661,3417.7870128143663,3427.8004258253,1475.0,271.0,80.0,0,,,,,,,,,,,0.6559194999863394
66,Cplus3F,16,16,16,6148.995,260,16,1,29,3826.8364273224524,4526.995404968468,2616.8364273224524,1910.1589776460166,1300.0,242.0,80.0,0,7,C,68,89,,,,,,,0.36030110000865534
66,Cplus3FB,16,16,16,6148.995,260,16,1,29,3826.8364273224524,4526.995404968468,2616.8364273224524,1910.1589776460166,1300.0,242.0,80.0,0,7,C,68,89,0,[],,,,,0.45552270000916906
66,B,16,16,16,9746.007,290,125,1,27,4133.810490091315,7653.0068528597385,2826.8104900913154,4826.196362768431,1450.0,236.0,407.0,109,,,,,,,,,,,1.0764048999990337
67,Cplus3F,10,10,10,7719.307,404,10,1,29,6067.861753521573,5247.307253294996,3658.8617535215717,1588.4454997734256,2020.0,402.0,50.0,0,3,C,56,43,,,,,,,0.08613000001059845
67,Cplus3FB,10,10,10,7719.307,404,10,1,29,6067.861753521573,5247.307253294996,3658.8617535215717,1588.4454997734256,2020.0,402.0,50.0,0,3,C,56,43,0,[],,,,,0.08467539999401197
67,B,10,10,10,8241.537,378,10,1,27,6265.709818226543,5937.53718314261,4125.709818226544,1811.827364916069,1890.0,364.0,50.0,0,,,,,,,,,,,0.45655870001064613
68,Cplus3F,16,16,16,6874.959,255,16,1,29,4965.636252909523,5267.958504627288,3469.636252909522,1798.3222517177655,1275.0,252.0,80.0,0,7,C,37,44,,,,,,,0.24879710000823252
68,Cplus3FB,16,16,16,6874.959,255,16,1,29,4965.636252909523,5267.958504627288,3469.636252909522,1798.3222517177655,1275.0,252.0,80.0,0,7,C,37,44,0,[],,,,,0.2281912999751512
68,B,16,16,16,6898.556,221,16,1,27,3938.5034469792217,5515.5559547018,2866.5034469792217,2649.0525077225802,1105.0,198.0,80.0,0,,,,,,,,,,,0.4123367999854963
69,Cplus3F,13,13,13,7112.512,333,13,1,29,5644.081613264274,5056.511523605697,3692.0816132642726,1364.4299103414253,1665.0,326.0,65.0,0,5,C,88,68,,,,,,,0.08756909999647178
69,Cplus3FB,13,13,13,7112.512,333,13,1,29,5644.081613264274,5056.511523605697,3692.0816132642726,1364.4299103414253,1665.0,326.0,65.0,0,5,C,88,68,0,[],,,,,0.10414000001037493
69,B,13,13,13,8967.75,381,13,1,27,6090.8719793931805,6629.7497735216175,4081.871979393182,2547.8777941284384,1905.0,368.0,65.0,0,,,,,,,,,,,0.38668689999030903
70,Cplus3F,11,11,11,7643.68,350,11,1,29,5736.193193486824,5492.6795875477155,3669.1931934868244,1823.4863940608923,1750.0,346.0,55.0,0,3,C,50,48,,,,,,,0.1708187000185717
70,Cplus3FB,11,11,11,7643.68,350,11,1,29,5736.193193486824,5492.6795875477155,3669.1931934868244,1823.4863940608923,1750.0,346.0,55.0,0,3,C,50,48,0,[],,,,,0.17210580001119524
70,B,11,11,11,8794.487,382,11,1,27,6264.8719793931805,6456.487004345941,4081.871979393182,2374.6150249527627,1910.0,373.0,55.0,0,,,,,,,,,,,0.2581886999832932
71,Cplus3F,15,15,15,7417.622,266,15,1,29,5214.973123055191,5755.6216939841615,3676.9731230551897,2078.6485709289705,1330.0,257.0,75.0,0,6,C,61,55,,,,,,,0.3071339000016451
71,Cplus3FB,15,15,15,7417.622,266,15,1,29,5214.973123055191,5755.6216939841615,3676.9731230551897,2078.6485709289705,1330.0,257.0,75.0,0,6,C,61,55,0,[],,,,,0.24622010000166483
71,B,15,15,15,8892.112,337,15,1,27,5946.8719793931805,6806.112466266589,4081.871979393182,2724.2404868734034,1685.0,326.0,75.0,0,,,,,,,,,,,0.45469099999172613
72,Cplus3F,12,12,12,7124.475,376,12,1,29,5968.075612778898,4815.475430848319,3778.0756127788977,1037.3998180694214,1880.0,369.0,60.0,0,3,C,75,66,,,,,,,0.15778169999248348
72,Cplus3FB,12,12,12,7124.475,376,12,1,29,5968.075612778898,4815.475430848319,3778.0756127788977,1037.3998180694214,1880.0,369.0,60.0,0,3,C,75,66,0,[],,,,,0.16363519997685216
72,B,12,12,12,9020.92,400,12,1,27,6352.035135431184,6570.920308920444,4092.035135431186,2478.8851734892596,2000.0,390.0,60.0,0,,,,,,,,,,,0.29876299999887124
73,Cplus3F,16,16,16,6421.725,239,16,1,29,2355.141975883468,4925.725149529848,1510.1419758834681,3415.5831736463806,1195.0,221.0,80.0,0,5,C,253,105,,,,,,,0.49243460001889616
73,Cplus3FB,16,16,16,6421.725,239,16,1,29,2355.141975883468,4925.725149529848,1510.1419758834681,3415.5831736463806,1195.0,221.0,80.0,0,5,C,253,105,0,[],,,,,0.6046411000133958
73,B,16,16,16,8895.721,284,16,1,27,5296.910282724529,7128.72133952211,3792.910282724529,3335.811056797581,1420.0,267.0,80.0,0,,,,,,,,,,,0.4496303000196349
74,Cplus3F,16,16,16,6637.031,248,16,1,29,4069.837213465054,5091.031461830974,2767.837213465054,2323.194248365918,1240.0,226.0,80.0,0,3,C,114,67,,,,,,,0.34370460000354797
74,Cplus3FB,16,16,16,6637.031,248,16,1,29,4069.837213465054,5091.031461830974,2767.837213465054,2323.194248365918,1240.0,226.0,80.0,0,3,C,114,67,0,[],,,,,0.3385588999954052
74,B,16,16,16,8365.852,346,16,1,27,5987.737115637594,6216.852246704678,4017.737115637595,2199.1151310670825,1730.0,339.0,80.0,0,,,,,,,,,,,0.38239029998658225
75,Cplus3F,12,12,12,7658.715,355,12,1,29,5875.470433039665,5477.714991836864,3799.470433039666,1678.2445587971986,1775.0,346.0,60.0,0,2,C,114,49,,,,,,,0.23495750001166016
75,Cplus3FB,12,12,12,7658.715,355,12,1,29,5875.470433039665,5477.714991836864,3799.470433039666,1678.2445587971986,1775.0,346.0,60.0,0,2,C,114,49,0,[],,,,,0.20749509998131543
75,B,12,12,12,8635.645,353,12,1,27,6048.8719793931805,6473.644720256648,4081.871979393182,2391.7727408634682,1765.0,337.0,60.0,0,,,,,,,,,,,0.4394103999948129
76,Cplus3F,10,10,10,7838.464,390,10,1,29,5945.7754719029535,5456.463861540745,3673.7754719029526,1782.6883896377917,1950.0,382.0,50.0,0,5,C,31,51,,,,,,,0.15258449999964796
76,Cplus3FB,10,10,10,7838.464,390,10,1,29,5945.7754719029535,5456.463861540745,3673.7754719029526,1782.6883896377917,1950.0,382.0,50.0,0,5,C,31,51,0,[],,,,,0.11287919999449514
76,B,10,10,10,8451.476,364,10,1,27,6108.871979393181,6235.476433321041,4081.871979393182,2153.6044539278596,1820.0,346.0,50.0,0,,,,,,,,,,,0.35661079999408685
77,Cplus3F,16,16,16,5791.163,196,16,1,29,2511.1651921214934,4540.162856756681,1626.1651921214934,2913.9976646351865,980.0,191.0,80.0,0,5,C,110,74,,,,,,,0.2410012999898754
77,Cplus3FB,16,16,16,5791.163,196,16,1,29,2511.1651921214934,4540.162856756681,1626.1651921214934,2913.9976646351865,980.0,191.0,80.0,0,5,C,110,74,0,[],,,,,0.22745299999951385
77,B,16,16,16,7900.403,281,16,1,27,5483.756601014493,6147.4029667033965,3938.756601014493,2208.646365688909,1405.0,268.0,80.0,0,,,,,,,,,,,0.4094524999964051
78,Cplus3F,11,11,11,7759.642,341,11,1,27,6036.871979393181,5665.642263789475,4081.871979393182,1583.7702843962925,1705.0,334.0,55.0,0,0,B,0,0,,,,,,,0.23363400000380352
78,Cplus3FB,11,11,11,7759.642,341,11,1,27,6036.871979393181,5665.642263789475,4081.871979393182,1583.7702843962925,1705.0,334.0,55.0,0,0,B,0,17,0,[],,,,,0.2396232000028249
78,B,11,11,11,7759.642,341,11,1,27,6036.871979393181,5665.642263789475,4081.871979393182,1583.7702843962925,1705.0,334.0,55.0,0,,,,,,,,,,,0.26833520000218414
79,Cplus3F,10,10,10,7618.472,380,10,1,29,5944.617568800105,5292.47206083871,3709.617568800104,1582.8544920386034,1900.0,376.0,50.0,0,4,C,26,50,,,,,,,0.06940479998593219
79,Cplus3FB,10,10,10,7618.472,380,10,1,29,5944.617568800105,5292.47206083871,3709.617568800104,1582.8544920386034,1900.0,376.0,50.0,0,4,C,26,50,0,[],,,,,0.08570850000251085
79,B,10,10,10,8166.232,360,10,1,27,6138.8719793931805,5962.231698117742,4081.871979393182,1880.3597187245618,1800.0,354.0,50.0,0,,,,,,,,,,,0.3007837999903131
80,Cplus3F,14,14,14,7399.718,307,14,1,29,5405.723664557224,5494.717604559438,3663.7236645572225,1830.9939400022147,1535.0,300.0,70.0,0,6,C,82,68,,,,,,,0.19966280000517145
80,Cplus3FB,14,14,14,7399.718,307,14,1,29,5405.723664557224,5494.717604559438,3663.7236645572225,1830.9939400022147,1535.0,300.0,70.0,0,6,C,82,68,0,[],,,,,0.1885162999969907
80,B,14,14,14,9762.817,350,14,1,27,5676.871979393181,7607.816755540491,4081.871979393182,3525.9447761473107,1750.0,335.0,70.0,0,,,,,,,,,,,0.6621851999952924
81,Cplus3F,15,15,15,7601.979,320,15,1,29,5486.158802579879,5621.979014574778,3679.1588025798787,1942.820211994901,1600.0,305.0,75.0,0,3,C,93,53,,,,,,,0.24045680000563152
81,Cplus3FB,15,15,15,7601.979,320,15,1,29,5486.158802579879,5621.979014574778,3679.1588025798787,1942.820211994901,1600.0,305.0,75.0,0,3,C,93,53,0,[],,,,,0.2464107999985572
81,B,15,15,15,8806.889,370,15,1,27,6153.525223905722,6523.889249988193,4122.525223905724,2401.3640260824714,1850.0,358.0,75.0,0,,,,,,,,,,,0.3440591999969911
82,Cplus3F,11,11,11,7737.555,384,11,1,29,5830.070795404029,5395.555401924626,3654.070795404028,1741.4846065205988,1920.0,367.0,55.0,0,4,C,43,70,,,,,,,0.3597079000028316
82,Cplus3FB,11,11,11,7737.555,384,11,1,29,5830.070795404029,5395.555401924626,3654.070795404028,1741.4846065205988,1920.0,367.0,55.0,0,4,C,43,70,0,[],,,,,0.30908229999477044
82,B,11,11,11,8365.292,387,11,1,27,6264.8719793931805,6000.2922749646705,4081.871979393182,1918.4202955714893,1935.0,375.0,55.0,0,,,,,,,,,,,0.2871549999981653
83,Cplus3F,15,15,15,6929.683,285,15,1,29,5351.430104665975,5149.683445096584,3743.4301046659753,1406.253340430608,1425.0,280.0,75.0,0,3,C,60,58,,,,,,,0.17860840001958422
83,Cplus3FB,15,15,15,6929.683,285,15,1,29,5351.430104665975,5149.683445096584,3743.4301046659753,1406.253340430608,1425.0,280.0,75.0,0,3,C,60,58,0,[],,,,,0.2339155999943614
83,B,15,15,15,8098.053,358,15,1,27,6163.760075985977,5886.053037471464,4127.760075985978,1758.2929614854875,1790.0,347.0,75.0,0,,,,,,,,,,,0.32760799999232404
84,Cplus3F,14,14,14,7348.668,310,14,1,29,5480.205143824836,5421.667538211266,3661.2051438248363,1760.462394386431,1550.0,307.0,70.0,0,5,C,76,53,,,,,,,0.15517569999792613
84,Cplus3FB,14,14,14,7348.668,310,14,1,29,5480.205143824836,5421.667538211266,3661.2051438248363,1760.462394386431,1550.0,307.0,70.0,0,5,C,76,53,0,[],,,,,0.14867209998192266
84,B,14,14,14,8272.271,354,14,1,27,6111.887394619146,6088.271409530939,4115.887394619148,1972.3840149117916,1770.0,344.0,70.0,0,,,,,,,,,,,0.45977300000959076
85,Cplus3F,11,11,11,7267.077,383,11,1,29,5842.159499634027,4917.077143389931,3630.1594996340264,1286.9176437559045,1915.0,380.0,55.0,0,4,C,68,73,,,,,,,0.10325780001585372
85,Cplus3FB,11,11,11,7267.077,383,11,1,29,5842.159499634027,4917.077143389931,3630.1594996340264,1286.9176437559045,1915.0,380.0,55.0,0,4,C,68,73,0,[],,,,,0.08683670000755228
85,B,11,11,11,8845.113,458,11,1,27,6654.8719793931805,6063.113073269473,4081.871979393182,1981.2410938762907,2290.0,437.0,55.0,0,,,,,,,,,,,0.37491500002215616
86,Cplus3F,11,11,11,7433.32,391,11,1,29,5956.779789237966,5038.320095508693,3662.7797892379645,1375.5403062707312,1955.0,385.0,55.0,0,4,C,90,57,,,,,,,0.24759590000030585
86,Cplus3FB,11,11,11,7433.32,391,11,1,29,5956.779789237966,5038.320095508693,3662.7797892379645,1375.5403062707312,1955.0,385.0,55.0,0,4,C,90,57,0,[],,,,,0.299164700001711
86,B,11,11,11,8686.153,421,11,1,27,6494.683844628772,6120.152660689741,4103.683844628774,2016.4688160609687,2105.0,406.0,55.0,0,,,,,,,,,,,0.3599537000118289
87,Cplus3F,11,11,11,7922.903,374,11,1,29,5830.112055661678,5632.903468302218,3660.112055661677,1972.7914126405412,1870.0,365.0,55.0,0,2,C,43,40,,,,,,,0.22387529999832623
87,Cplus3FB,11,11,11,7922.903,374,11,1,29,5830.112055661678,5632.903468302218,3660.112055661677,1972.7914126405412,1870.0,365.0,55.0,0,2,C,43,40,0,[],,,,,0.22412540001096204
87,B,11,11,11,8513.368,403,11,1,27,6378.8719793931805,6052.367762875683,4081.871979393182,1970.4957834825009,2015.0,391.0,55.0,0,,,,,,,,,,,0.446811500005424
88,Cplus3F,13,13,13,7737.033,351,13,1,29,5626.821735061133,5579.032914162773,3692.821735061131,1886.2111791016428,1755.0,338.0,65.0,0,4,C,104,67,,,,,,,0.3364456999988761
88,Cplus3FB,13,13,13,7737.033,351,13,1,29,5626.821735061133,5579.032914162773,3692.821735061131,1886.2111791016428,1755.0,338.0,65.0,0,4,C,104,67,0,[],,,,,0.3661168999969959
88,B,13,13,13,9207.432,407,13,1,27,6400.231245708587,6717.4322026341415,4122.231245708589,2595.2009569255497,2035.0,390.0,65.0,0,,,,,,,,,,,0.5130338000017218
89,Cplus3F,11,11,11,7342.96,387,11,1,29,5977.573507704364,4977.959689680202,3709.5735077043637,1268.386181975838,1935.0,375.0,55.0,0,6,C,38,50,,,,,,,0.32077050002408214
89,Cplus3FB,11,11,11,7342.96,387,11,1,29,5977.573507704364,4977.959689680202,3709.5735077043637,1268.386181975838,1935.0,375.0,55.0,0,6,C,38,50,0,[],,,,,0.34585479999077506
89,B,11,11,11,8913.095,388,11,1,27,6222.8719793931805,6551.095045529397,4081.871979393182,2469.2230661362178,1940.0,367.0,55.0,0,,,,,,,,,,,0.3679988000076264
90,Cplus3F,12,12,12,7302.7,338,12,1,29,5675.393563370372,5215.699752913843,3657.393563370372,1558.306189543472,1690.0,337.0,60.0,0,4,C,67,50,,,,,,,0.05048819998046383
90,Cplus3FB,12,12,12,7302.7,338,12,1,29,5675.393563370372,5215.699752913843,3657.393563370372,1558.306189543472,1690.0,337.0,60.0,0,4,C,67,50,0,[],,,,,0.05212579999351874
90,B,12,12,12,8080.569,371,12,1,27,6192.8719793931805,5804.569363810246,4081.871979393182,1722.6973844170661,1855.0,361.0,60.0,0,,,,,,,,,,,0.36893700002110563
91,Cplus3F,16,16,16,6696.748,264,16,1,29,4681.360538853917,5045.747853764705,3186.3605388539168,1859.387314910788,1320.0,251.0,80.0,0,5,C,81,60,,,,,,,0.3660303000069689
91,Cplus3FB,16,16,16,6696.748,264,16,1,29,4681.360538853917,5045.747853764705,3186.3605388539168,1859.387314910788,1320.0,251.0,80.0,0,5,C,81,60,0,[],,,,,0.3032488999888301
91,B,16,16,16,7650.043,337,16,1,27,4816.171016931964,5568.042955550177,3210.1710169319645,2357.87193861821,1685.0,317.0,80.0,0,,,,,,,,,,,0.505470600008266
92,Cplus3F,11,11,11,7256.887,363,11,1,29,5897.742378320398,5027.886558373725,3731.742378320398,1296.1441800533264,1815.0,359.0,55.0,0,5,C,43,42,,,,,,,0.0863682999915909
92,Cplus3FB,11,11,11,7256.887,363,11,1,29,5897.742378320398,5027.886558373725,3731.742378320398,1296.1441800533264,1815.0,359.0,55.0,0,5,C,43,42,0,[],,,,,0.07283900000038557
92,B,11,11,11,7617.231,352,11,1,27,6140.034065251684,5454.23082545273,4090.0340652516857,1364.1967602010448,1760.0,348.0,55.0,0,,,,,,,,,,,0.20636529999319464
93,Cplus3F,15,15,15,7635.263,291,15,1,29,5172.404547423395,5837.2629586269495,3669.4045474233944,2167.8584112035555,1455.0,268.0,75.0,0,8,C,69,84,,,,,,,0.3595789999817498
93,Cplus3FB,15,15,15,7635.263,291,15,1,29,5172.404547423395,5837.2629586269495,3669.4045474233944,2167.8584112035555,1455.0,268.0,75.0,0,8,C,69,84,0,[],,,,,0.40024840002297424
93,B,15,15,15,8575.405,286,15,1,27,5634.871979393181,6798.404719994041,4081.871979393182,2716.53274060086,1430.0,272.0,75.0,0,,,,,,,,,,,0.3912007999897469
94,Cplus3F,11,11,11,7556.418,374,11,1,29,5880.559979653397,5260.4177072420425,3657.5599796533966,1602.8577275886466,1870.0,371.0,55.0,0,3,C,60,55,,,,,,,0.04843620001338422
94,Cplus3FB,11,11,11,7556.418,374,11,1,29,5880.559979653397,5260.4177072420425,3657.5599796533966,1602.8577275886466,1870.0,371.0,55.0,0,3,C,60,55,0,[],,,,,0.044540800008689985
94,B,11,11,11,9025.435,372,11,1,27,6156.8719793931805,6757.435018673396,4081.871979393182,2675.563039280218,1860.0,353.0,55.0,0,,,,,,,,,,,0.33493510002153926
95,Cplus3F,13,13,13,7420.733,299,13,1,29,5371.660105645584,5567.732609852954,3664.6601056455825,1903.0725042073714,1495.0,293.0,65.0,0,6,C,58,46,,,,,,,0.15376590000232682
95,Cplus3FB,13,13,13,7420.733,299,13,1,29,5371.660105645584,5567.732609852954,3664.6601056455825,1903.0725042073714,1495.0,293.0,65.0,0,6,C,58,46,0,[],,,,,0.20586070002173074
95,B,13,13,13,8750.349,380,13,1,27,6174.8719793931805,6425.348628499815,4081.871979393182,2343.476649106632,1900.0,360.0,65.0,0,,,,,,,,,,,0.5195720999909099
96,Cplus3F,12,12,12,8030.519,373,12,1,29,5755.022769898555,5739.519038520477,3640.0227698985564,2099.4962686219196,1865.0,366.0,60.0,0,2,C,78,59,,,,,,,0.19705779998912476
96,Cplus3FB,12,12,12,8030.519,373,12,1,29,5755.022769898555,5739.519038520477,3640.0227698985564,2099.4962686219196,1865.0,366.0,60.0,0,2,C,78,59,0,[],,,,,0.21427820000099018
96,B,12,12,12,9806.609,439,12,1,27,6600.882207690024,7133.60852071551,4131.882207690025,3001.7263130254887,2195.0,418.0,60.0,0,,,,,,,,,,,0.24434599999221973
97,Cplus3F,10,10,10,7290.792,378,10,1,29,5916.8840736848715,4975.791527868397,3663.884073684871,1311.9074541835257,1890.0,375.0,50.0,0,5,C,15,36,,,,,,,0.07635210000444204
97,Cplus3FB,10,10,10,7290.792,378,10,1,29,5916.8840736848715,4975.791527868397,3663.884073684871,1311.9074541835257,1890.0,375.0,50.0,0,5,C,15,36,0,[],,,,,0.07349999999860302
97,B,10,10,10,8185.407,396,10,1,27,6275.298376220725,5781.407104612337,4129.298376220727,1652.1087283916124,1980.0,374.0,50.0,0,,,,,,,,,,,0.32276599999750033
98,Cplus3F,15,15,15,7551.091,292,15,1,29,5312.513621787828,5734.091373486579,3641.513621787827,2092.5777516987537,1460.0,282.0,75.0,0,6,C,26,46,,,,,,,0.32569530000910163
98,Cplus3FB,15,15,15,7551.091,292,15,1,29,5312.513621787828,5734.091373486579,3641.513621787827,2092.5777516987537,1460.0,282.0,75.0,0,6,C,26,46,0,[],,,,,0.4564664000063203
98,B,15,15,15,7861.203,280,15,1,27,5640.871979393181,6113.2033036004705,4081.871979393182,2031.3313242072911,1400.0,273.0,75.0,0,,,,,,,,,,,0.43868009999278
99,Cplus3F,15,15,15,6937.244,294,15,1,29,5423.050908077589,5100.244133691741,3682.0509080775882,1418.1932256141504,1470.0,292.0,75.0,0,4,C,41,49,,,,,,,0.17700190001050942
99,Cplus3FB,15,15,15,6937.244,294,15,1,29,5423.050908077589,5100.244133691741,3682.0509080775882,1418.1932256141504,1470.0,292.0,75.0,0,4,C,41,49,0,[],,,,,0.18668449998949654
99,B,15,15,15,9198.148,377,15,1,27,6144.8719793931805,6882.148269783386,4081.871979393182,2800.2762903902067,1885.0,356.0,75.0,0,,,,,,,,,,,0.6006498000060674
100,Cplus3F,10,10,10,7696.267,378,10,1,29,5858.506644718945,5385.267098933839,3640.5066447189447,1744.7604542148945,1890.0,371.0,50.0,0,5,C,33,41,,,,,,,0.1336922000045888
100,Cplus3FB,10,10,10,7696.267,378,10,1,29,5858.506644718945,5385.267098933839,3640.5066447189447,1744.7604542148945,1890.0,371.0,50.0,0,5,C,33,41,0,[],,,,,0.10295100000803359
100,B,10,10,10,7898.301,406,10,1,27,6401.055720683199,5425.300952945039,4093.0557206832,1332.2452322618383,2030.0,393.0,50.0,0,,,,,,,,,,,0.12603679997846484
101,Cplus3F,15,15,15,7424.906,307,15,1,29,5374.1797185819,5521.906261170187,3667.1797185818996,1854.7265425882888,1535.0,293.0,75.0,0,4,C,91,54,,,,,,,0.3086007000238169
101,Cplus3FB,15,15,15,7424.906,307,15,1,29,5374.1797185819,5521.906261170187,3667.1797185818996,1854.7265425882888,1535.0,293.0,75.0,0,4,C,91,54,0,[],,,,,0.4150279000168666
101,B,15,15,15,8242.973,293,15,1,27,5606.610325688389,6437.972855403361,4084.610325688389,2353.3625297149774,1465.0,265.0,75.0,0,,,,,,,,,,,0.695258499996271
102,Cplus3F,16,16,16,6554.699,226,16,1,29,3660.775953842935,5150.699062023422,2524.775953842935,2625.9231081804883,1130.0,194.0,80.0,0,7,C,94,62,,,,,,,0.2422208999923896
102,Cplus3FB,16,16,16,6554.699,226,16,1,29,3660.775953842935,5150.699062023422,2524.775953842935,2625.9231081804883,1130.0,194.0,80.0,0,7,C,94,62,0,[],,,,,0.27315249998355284
102,B,16,16,16,7085.353,244,16,1,27,4760.05852452047,5551.353023919028,3418.05852452047,2133.2944993985598,1220.0,234.0,80.0,0,,,,,,,,,,,0.3552244000020437
103,Cplus3F,13,13,13,7105.372,295,13,1,29,5356.5857950530135,5275.371596796121,3630.5857950530135,1644.7858017431088,1475.0,290.0,65.0,0,6,C,37,45,,,,,,,0.1672649999964051
103,Cplus3FB,13,13,13,7105.372,295,13,1,29,5356.5857950530135,5275.371596796121,3630.5857950530135,1644.7858017431088,1475.0,290.0,65.0,0,6,C,37,45,0,[],,,,,0.10909889999311417
103,B,13,13,13,9457.206,326,13,1,27,5868.705944505411,7454.206353909509,4088.7059445054124,3365.5004094041014,1630.0,308.0,65.0,0,,,,,,,,,,,0.476834000000963
104,Cplus3F,10,10,10,7037.777,364,10,1,29,5806.806273782638,4805.776726218802,3643.8062737826376,1161.9704524361646,1820.0,362.0,50.0,0,6,C,13,44,,,,,,,0.10216569999465719
104,Cplus3FB,10,10,10,7037.777,364,10,1,29,5806.806273782638,4805.776726218802,3643.8062737826376,1161.9704524361646,1820.0,362.0,50.0,0,6,C,13,44,0,[],,,,,0.07248169998638332
104,B,10,10,10,7961.499,389,10,1,27,6270.8719793931805,5593.499258130782,4081.871979393182,1511.6272787376026,1945.0,373.0,50.0,0,,,,,,,,,,,0.3647536000062246
105,Cplus3F,16,16,16,6452.41,230,16,1,29,3859.2977314858254,5014.41033939802,2663.2977314858254,2351.1126079121927,1150.0,208.0,80.0,0,7,C,109,62,,,,,,,0.4866817999863997
105,Cplus3FB,16,16,16,6452.41,230,16,1,29,3859.2977314858254,5014.41033939802,2663.2977314858254,2351.1126079121927,1150.0,208.0,80.0,0,7,C,109,62,0,[],,,,,0.4440806999919005
105,B,16,16,16,7145.247,245,16,1,27,4151.810490091315,5604.246588410666,2826.8104900913154,2777.436098319351,1225.0,236.0,80.0,0,,,,,,,,,,,0.44166800001403317
106,Cplus3F,16,16,16,6591.874,242,16,1,29,4412.772411921631,5064.874002921753,3062.772411921631,2002.101591000123,1210.0,237.0,80.0,0,4,C,99,57,,,,,,,0.23151480001979508
106,Cplus3FB,16,16,16,6591.874,242,16,1,29,4412.772411921631,5064.874002921753,3062.772411921631,2002.101591000123,1210.0,237.0,80.0,0,4,C,99,57,0,[],,,,,0.1888905999949202
106,B,16,16,16,8236.544,272,16,1,27,4571.140311493681,6547.544191792907,3168.140311493682,3379.4038802992272,1360.0,249.0,80.0,0,,,,,,,,,,,0.6554872000124305
107,Cplus3F,12,12,12,7375.578,338,12,1,29,5687.648174927724,5288.577602098634,3686.6481749277223,1601.9294271709116,1690.0,337.0,60.0,0,4,C,95,60,,,,,,,0.11908279999624938
107,Cplus3FB,12,12,12,7375.578,338,12,1,29,5687.648174927724,5288.577602098634,3686.6481749277223,1601.9294271709116,1690.0,337.0,60.0,0,4,C,95,60,0,[],,,,,0.14228020000155084
107,B,12,12,12,8594.463,386,12,1,27,6263.216740087366,6238.462871230839,4106.216740087368,2132.246131143475,1930.0,366.0,60.0,0,,,,,,,,,,,0.3147371000086423
108,Cplus3F,12,12,12,7406.14,358,12,1,29,5789.9205767400235,5199.140451366246,3656.920576740024,1542.2198746262225,1790.0,357.0,60.0,0,2,C,65,51,,,,,,,0.06726559999515302
108,Cplus3FB,12,12,12,7406.14,358,12,1,29,5789.9205767400235,5199.140451366246,3656.920576740024,1542.2198746262225,1790.0,357.0,60.0,0,2,C,65,51,0,[],,,,,0.07425340000190772
108,B,12,12,12,8124.931,392,12,1,27,6405.236641203286,5715.931365098226,4092.236641203287,1623.6947238949392,1960.0,389.0,60.0,0,,,,,,,,,,,0.15247960001579486
109,Cplus3F,16,16,16,6304.815,247,16,1,29,3422.870668021908,4774.814551472482,2255.870668021908,2518.9438834505772,1235.0,215.0,80.0,0,6,C,76,69,,,,,,,0.33255500000086613
109,Cplus3FB,16,16,16,6304.815,247,16,1,29,3422.870668021908,4774.814551472482,2255.870668021908,2518.9438834505772,1235.0,215.0,80.0,0,6,C,76,69,0,[],,,,,0.296104099979857
109,B,16,16,16,8139.6,292,16,1,27,5112.217187173481,6326.600428915208,3571.2171871734818,2755.383241741725,1460.0,273.0,80.0,0,,,,,,,,,,,0.6680182999989484
110,Cplus3F,16,16,16,6629.496,295,16,1,29,4586.189949487003,4793.495817766502,3007.189949487002,1786.3058682795015,1475.0,281.0,80.0,0,6,C,54,87,,,,,,,0.34818770000129007
110,Cplus3FB,16,16,16,6629.496,295,16,1,29,4586.189949487003,4793.495817766502,3007.189949487002,1786.3058682795015,1475.0,281.0,80.0,0,6,C,54,87,0,[],,,,,0.4089803999813739
110,B,16,16,16,8220.26,387,16,1,27,5088.349064015198,5821.260010890394,3333.3490640151995,2487.910946875194,1935.0,384.0,80.0,0,,,,,,,,,,,0.5496432000072673
111,Cplus3F,10,10,10,7968.908,399,10,1,29,6032.129177943944,5527.90835572488,3676.1291779439425,1851.7791777809368,1995.0,396.0,50.0,0,1,C,59,38,,,,,,,0.15467680001165718
111,Cplus3FB,10,10,10,7968.908,399,10,1,29,6032.129177943944,5527.90835572488,3676.1291779439425,1851.7791777809368,1995.0,396.0,50.0,0,1,C,59,38,0,[],,,,,0.1282163000141736
111,B,10,10,10,8774.176,413,10,1,27,6420.8719793931805,6261.175539232371,4081.871979393182,2179.3035598391893,2065.0,398.0,50.0,0,,,,,,,,,,,0.2930362999904901
112,Cplus3F,12,12,12,7401.714,346,12,1,29,5731.635635851163,5266.714112278674,3664.635635851162,1602.078476427512,1730.0,345.0,60.0,0,5,C,44,54,,,,,,,0.07791900000302121
112,Cplus3FB,12,12,12,7401.714,346,12,1,29,5731.635635851163,5266.714112278674,3664.635635851162,1602.078476427512,1730.0,345.0,60.0,0,5,C,44,54,0,[],,,,,0.08520199998747557
112,B,12,12,12,8318.216,399,12,1,27,6390.8719793931805,5867.215527704662,4081.871979393182,1785.3435483114818,1995.0,396.0,60.0,0,,,,,,,,,,,0.18403169998782687
113,Cplus3F,16,16,16,6381.665,260,16,1,29,4181.1569527442925,4752.665157247528,2813.1569527442925,1939.5082045032366,1300.0,249.0,80.0,0,6,C,41,68,,,,,,,0.34852329999557696
113,Cplus3FB,16,16,16,6381.665,260,16,1,29,4181.1569527442925,4752.665157247528,2813.1569527442925,1939.5082045032366,1300.0,249.0,80.0,0,6,C,41,68,0,[],,,,,0.3325585999991745
113,B,16,16,16,7748.525,274,16,1,27,4898.787012814365,6032.524913472488,3417.7870128143663,2614.7379006581223,1370.0,266.0,80.0,0,,,,,,,,,,,0.4154763000260573
114,Cplus3F,11,11,11,7164.773,326,11,1,29,5587.333065401277,5154.772765281043,3646.3330654012757,1508.4396998797679,1630.0,325.0,55.0,0,4,C,61,39,,,,,,,0.08776270001544617
114,Cplus3FB,11,11,11,7164.773,326,11,1,29,5587.333065401277,5154.772765281043,3646.3330654012757,1508.4396998797679,1630.0,325.0,55.0,0,4,C,61,39,0,[],,,,,0.09118889999808744
114,B,11,11,11,8010.868,325,11,1,27,5959.4256157363425,6014.867768915753,4119.4256157363425,1895.4421531794112,1625.0,316.0,55.0,0,,,,,,,,,,,0.2989324000081979
115,Cplus3F,16,16,16,6856.71,252,16,1,29,4738.629424720136,5268.710450548302,3289.6294247201354,1979.0810258281674,1260.0,248.0,80.0,0,5,C,78,65,,,,,,,0.3191221999877598
115,Cplus3FB,16,16,16,6856.71,252,16,1,29,4738.629424720136,5268.710450548302,3289.6294247201354,1979.0810258281674,1260.0,248.0,80.0,0,5,C,78,65,0,[],,,,,0.2472770999884233
115,B,16,16,16,8157.191,255,16,1,27,4559.735739983933,6569.1908940243375,3289.7357399839343,3279.455154040405,1275.0,233.0,80.0,0,,,,,,,,,,,0.6584554000000935
116,Cplus3F,16,16,16,5985.945,235,16,1,29,3296.5790088895164,4518.944776886978,2166.579008889517,2352.36576799746,1175.0,212.0,80.0,0,4,C,89,71,,,,,,,0.3628644999989774
116,Cplus3FB,16,16,16,5985.945,235,16,1,29,3296.5790088895164,4518.944776886978,2166.579008889517,2352.36576799746,1175.0,212.0,80.0,0,4,C,89,71,0,[],,,,,0.3671368000213988
116,B,16,16,16,9819.112,420,16,1,27,5454.21718717348,7226.1118370927525,3571.2171871734818,3654.894649919269,2100.0,413.0,80.0,0,,,,,,,,,,,0.5095457000134047
117,Cplus3F,12,12,12,7397.735,324,12,1,29,5584.241457647422,5396.735359793685,3673.241457647422,1723.4939021462633,1620.0,321.0,60.0,0,4,C,36,37,,,,,,,0.1843135999806691
117,Cplus3FB,12,12,12,7397.735,324,12,1,29,5584.241457647422,5396.735359793685,3673.241457647422,1723.4939021462633,1620.0,321.0,60.0,0,4,C,36,37,0,[],,,,,0.14806279999902472
117,B,12,12,12,8197.333,340,12,1,27,6093.956478005453,6106.3326829072985,4146.956478005454,1959.3762049018421,1700.0,331.0,60.0,0,,,,,,,,,,,0.18046469998080283
118,Cplus3F,14,14,14,7039.068,290,14,1,29,5351.362081389951,5232.067601431206,3645.3620813899497,1586.705520041255,1450.0,287.0,70.0,0,4,C,64,50,,,,,,,0.21346699999412522
118,Cplus3FB,14,14,14,7039.068,290,14,1,29,5351.362081389951,5232.067601431206,3645.3620813899497,1586.705520041255,1450.0,287.0,70.0,0,4,C,64,50,0,[],,,,,0.19035269998130389
118,B,14,14,14,8132.547,374,14,1,27,6216.8719793931805,5823.5468108040595,4081.871979393182,1741.6748314108797,1870.0,369.0,70.0,0,,,,,,,,,,,0.4082135000207927
119,Cplus3F,12,12,12,7230.299,341,12,1,29,5755.771679836662,5126.298678088625,3737.771679836662,1388.5269982519628,1705.0,339.0,60.0,0,6,C,17,47,,,,,,,0.1708097000082489
119,Cplus3FB,12,12,12,7230.299,341,12,1,29,5755.771679836662,5126.298678088625,3737.771679836662,1388.5269982519628,1705.0,339.0,60.0,0,6,C,17,47,0,[],,,,,0.14363869998487644
119,B,12,12,12,8637.118,386,12,1,27,6198.8719793931805,6284.117804650878,4081.871979393182,2202.2458252576994,1930.0,363.0,60.0,0,,,,,,,,,,,0.7077814000076614
120,Cplus3F,15,15,15,7380.89,303,15,1,29,5322.193402149296,5490.889627258947,3724.1934021492966,1766.696225109651,1515.0,300.0,75.0,0,8,C,135,102,,,,,,,0.3885574000014458
120,Cplus3FB,15,15,15,7380.89,303,15,1,29,5322.193402149296,5490.889627258947,3724.1934021492966,1766.696225109651,1515.0,300.0,75.0,0,8,C,135,102,0,[],,,,,0.4030092000029981
120,B,15,15,15,7830.444,311,15,1,27,5926.535810609442,5895.443575289762,4147.535810609443,1747.9077646803198,1555.0,305.0,75.0,0,,,,,,,,,,,0.3408855999878142
121,Cplus3F,13,13,13,7365.501,299,13,1,29,5429.111231356575,5507.501332055573,3673.1112313565745,1834.3901006989972,1495.0,298.0,65.0,0,4,C,52,39,,,,,,,0.22521850001066923
121,Cplus3FB,13,13,13,7365.501,299,13,1,29,5429.111231356575,5507.501332055573,3673.1112313565745,1834.3901006989972,1495.0,298.0,65.0,0,4,C,52,39,0,[],,,,,0.2793680000177119
121,B,13,13,13,8338.873,361,13,1,27,6156.8719793931805,6111.8734223889405,4081.871979393182,2030.0014429957573,1805.0,357.0,65.0,0,,,,,,,,,,,0.28737539998837747
122,Cplus3F,10,10,10,7345.774,362,10,1,29,5880.854279010682,5126.773681191272,3731.854279010682,1394.9194021805897,1810.0,359.0,50.0,0,4,C,65,31,,,,,,,0.152986700006295
122,Cplus3FB,10,10,10,7345.774,362,10,1,29,5880.854279010682,5126.773681191272,3731.854279010682,1394.9194021805897,1810.0,359.0,50.0,0,4,C,65,31,0,[],,,,,0.10732549999374896
122,B,10,10,10,8888.106,397,10,1,27,6348.8719793931805,6466.106174999082,4081.871979393182,2384.2341956059013,1985.0,387.0,50.0,0,,,,,,,,,,,0.386010600021109
123,Cplus3F,12,12,12,7144.546,348,12,1,29,5752.45406454599,5000.545922605931,3704.45406454599,1296.09185805994,1740.0,344.0,60.0,0,4,C,46,48,,,,,,,0.08757999999215826
123,Cplus3FB,12,12,12,7144.546,348,12,1,29,5752.45406454599,5000.545922605931,3704.45406454599,1296.09185805994,1740.0,344.0,60.0,0,4,C,46,48,0,[],,,,,0.13345769999432378
123,B,12,12,12,8205.8,355,12,1,27,6096.552634205019,6026.8001016086455,4082.55263420502,1944.2474674036262,1775.0,344.0,60.0,0,,,,,,,,,,,0.4521509000041988
124,Cplus3F,10,10,10,7996.54,402,10,1,29,5890.602167988291,5553.539948605605,3666.6021679882906,1886.9377806173145,2010.0,383.0,50.0,0,4,C,29,46,,,,,,,0.3439148000034038
124,Cplus3FB,10,10,10,7996.54,402,10,1,29,5890.602167988291,5553.539948605605,3666.6021679882906,1886.9377806173145,2010.0,383.0,50.0,0,4,C,29,46,0,[],,,,,0.27812689999700524
124,B,10,10,10,8628.534,420,10,1,27,6545.961876347069,6065.533552455576,4111.961876347071,1953.5716761085055,2100.0,413.0,50.0,0,,,,,,,,,,,0.337920199992368
125,Cplus3F,16,16,16,7017.854,249,16,1,29,3726.3576798902427,5464.8541676506875,2450.3576798902427,3014.4964877604493,1245.0,228.0,80.0,0,7,C,63,60,,,,,,,0.5405391000094824
125,Cplus3FB,16,16,16,7017.854,249,16,1,29,3726.3576798902427,5464.8541676506875,2450.3576798902427,3014.4964877604493,1245.0,228.0,80.0,0,7,C,63,60,0,[],,,,,0.47894809997524135
125,B,16,16,16,7439.63,294,16,1,27,4301.810490091315,5621.629600867993,2826.8104900913154,2794.8191107766797,1470.0,268.0,80.0,0,,,,,,,,,,,0.9588275999994949
126,Cplus3F,14,14,14,7889.427,316,14,1,29,5537.094762518313,5939.426697912824,3736.0947625183126,2203.331935394514,1580.0,300.0,70.0,0,3,C,64,61,,,,,,,0.31617230002302676
126,Cplus3FB,14,14,14,7889.427,316,14,1,29,5537.094762518313,5939.426697912824,3736.0947625183126,2203.331935394514,1580.0,300.0,70.0,0,3,C,64,61,0,[],,,,,0.24702709997654893
126,B,14,14,14,9015.175,367,14,1,27,6108.8719793931805,6760.174594497669,4081.871979393182,2678.3026151044896,1835.0,350.0,70.0,0,,,,,,,,,,,0.5279475999996066
127,Cplus3F,11,11,11,7520.961,366,11,1,29,5805.935244657946,5273.960930958705,3636.935244657945,1637.0256863007594,1830.0,362.0,55.0,0,2,C,90,51,,,,,,,0.11368680000305176
127,Cplus3FB,11,11,11,7520.961,366,11,1,29,5805.935244657946,5273.960930958705,3636.935244657945,1637.0256863007594,1830.0,362.0,55.0,0,2,C,90,51,0,[],,,,,0.15540519999922253
127,B,11,11,11,8686.864,412,11,1,27,6474.8719793931805,6163.8644277902795,4081.871979393182,2081.9924483970985,2060.0,408.0,55.0,0,,,,,,,,,,,0.31255989999044687
128,Cplus3F,15,15,15,7096.361,269,15,1,29,5216.531630738784,5413.36139393994,3659.5316307387834,1753.829763201158,1345.0,263.0,75.0,0,6,C,40,65,,,,,,,0.3024252000031993
128,Cplus3FB,15,15,15,7096.361,269,15,1,29,5216.531630738784,5413.36139393994,3659.5316307387834,1753.829763201158,1345.0,263.0,75.0,0,6,C,40,65,0,[],,,,,0.30289530000300147
128,B,15,15,15,8934.942,355,15,1,27,6018.871979393181,6747.941787641726,4081.871979393182,2666.069808248544,1775.0,337.0,75.0,0,,,,,,,,,,,0.5248042999883182
129,Cplus3F,12,12,12,7564.338,356,12,1,29,5734.520648616261,5370.3382477671485,3666.5206486162606,1703.817599150889,1780.0,354.0,60.0,0,4,C,87,64,,,,,,,0.14651109999977052
129,Cplus3FB,12,12,12,7564.338,356,12,1,29,5734.520648616261,5370.3382477671485,3666.5206486162606,1703.817599150889,1780.0,354.0,60.0,0,4,C,87,64,0,[],,,,,0.15382450001197867
129,B,12,12,12,8395.482,392,12,1,27,6300.8719793931805,5998.482119031837,4081.871979393182,1916.610139638657,1960.0,377.0,60.0,0,,,,,,,,,,,0.47077749998425134
130,Cplus3F,16,16,16,5502.674,224,16,1,29,2413.2444383821016,4088.674174255026,1559.244438382102,2529.4297358729245,1120.0,214.0,80.0,0,9,C,100,103,,,,,,,0.36388170000282116
130,Cplus3FB,16,16,16,5502.674,224,16,1,29,2413.2444383821016,4088.674174255026,1559.244438382102,2529.4297358729245,1120.0,214.0,80.0,0,9,C,100,103,0,[],,,,,0.30804730000090785
130,B,16,16,16,8593.315,330,16,1,27,5316.944821041598,6550.31520007389,3745.9448210415985,2804.3703790322897,1650.0,313.0,80.0,0,,,,,,,,,,,0.36343709999346174
131,Cplus3F,12,12,12,7324.151,351,12,1,29,5735.494030486856,5163.151446710625,3679.494030486855,1483.6574162237694,1755.0,346.0,60.0,0,4,C,59,49,,,,,,,0.1104955000046175
131,Cplus3FB,12,12,12,7324.151,351,12,1,29,5735.494030486856,5163.151446710625,3679.494030486855,1483.6574162237694,1755.0,346.0,60.0,0,4,C,59,49,0,[],,,,,0.13997230000677519
131,B,12,12,12,8970.179,389,12,1,27,6276.8719793931805,6592.179395157836,4081.871979393182,2510.3074157646556,1945.0,373.0,60.0,0,,,,,,,,,,,0.45167290000244975
132,Cplus3F,14,14,14,7544.282,303,14,1,29,5363.425220631984,5666.281789385209,3631.4252206319825,2034.8565687532262,1515.0,293.0,70.0,0,4,C,55,58,,,,,,,0.3074453999870457
132,Cplus3FB,14,14,14,7544.282,303,14,1,29,5363.425220631984,5666.281789385209,3631.4252206319825,2034.8565687532262,1515.0,293.0,70.0,0,4,C,55,58,0,[],,,,,0.26548420000472106
132,B,14,14,14,8360.521,353,14,1,27,6060.8719793931805,6184.520639112528,4081.871979393182,2102.648659719347,1765.0,341.0,70.0,0,,,,,,,,,,,0.4053663999948185
133,Cplus3F,13,13,13,7213.224,294,13,1,29,5394.235530121662,5387.223571440525,3657.235530121661,1729.988041318864,1470.0,291.0,65.0,0,7,C,49,38,,,,,,,0.12131429999135435
133,Cplus3FB,13,13,13,7213.224,294,13,1,29,5394.235530121662,5387.223571440525,3657.235530121661,1729.988041318864,1470.0,291.0,65.0,0,7,C,49,38,0,[],,,,,0.09940609999466687
133,B,13,13,13,7885.701,287,13,1,27,5724.871979393181,6101.700747811104,4081.871979393182,2019.8287684179236,1435.0,284.0,65.0,0,,,,,,,,,,,0.26547489999211393
134,Cplus3F,15,15,15,7240.482,270,15,1,29,5231.868418472441,5549.481639970288,3668.8684184724398,1880.6132214978493,1350.0,266.0,75.0,0,6,C,78,57,,,,,,,0.2605903999938164
134,Cplus3FB,15,15,15,7240.482,270,15,1,29,5231.868418472441,5549.481639970288,3668.8684184724398,1880.6132214978493,1350.0,266.0,75.0,0,6,C,78,57,0,[],,,,,0.22559709998313338
134,B,15,15,15,9093.772,350,15,1,27,5940.871979393181,6943.772285650926,4081.871979393182,2861.900306257748,1750.0,325.0,75.0,0,,,,,,,,,,,0.6656987000023946
135,Cplus3F,11,11,11,7271.218,356,11,1,29,5858.764410976543,5085.218106590129,3751.7644109765415,1333.4536956135873,1780.0,351.0,55.0,0,4,C,79,50,,,,,,,0.17486480000661686
135,Cplus3FB,11,11,11,7271.218,356,11,1,29,5858.764410976543,5085.218106590129,3751.7644109765415,1333.4536956135873,1780.0,351.0,55.0,0,4,C,79,50,0,[],,,,,0.18890249999822117
135,B,11,11,11,8608.498,380,11,1,27,6236.938170329502,6288.498327847848,4084.938170329503,2203.560157518344,1900.0,365.0,55.0,0,,,,,,,,,,,0.3694831000175327
136,Cplus3F,11,11,11,7915.289,373,11,1,29,5864.866636489805,5631.289434581845,3689.866636489804,1941.4227980920398,1865.0,364.0,55.0,0,3,C,57,39,,,,,,,0.22210980000090785
136,Cplus3FB,11,11,11,7915.289,373,11,1,29,5864.866636489805,5631.289434581845,3689.866636489804,1941.4227980920398,1865.0,364.0,55.0,0,3,C,57,39,0,[],,,,,0.22384599997894838
136,B,11,11,11,8053.417,390,11,1,27,6341.0867441727705,5668.416833265521,4111.086744172772,1557.3300890927503,1950.0,380.0,55.0,0,,,,,,,,,,,0.3922997000045143
137,Cplus3F,11,11,11,7198.81,349,11,1,29,5736.186408095087,5054.8101231517685,3687.1864080950872,1367.6237150566815,1745.0,344.0,55.0,0,8,C,60,53,,,,,,,0.25842199998442084
137,Cplus3FB,11,11,11,7198.81,349,11,1,29,5736.186408095087,5054.8101231517685,3687.1864080950872,1367.6237150566815,1745.0,344.0,55.0,0,8,C,60,53,0,[],,,,,0.23618089998490177
137,B,11,11,11,7968.207,363,11,1,27,6120.8719793931805,5748.207042778724,4081.871979393182,1666.335063385543,1815.0,350.0,55.0,0,,,,,,,,,,,0.24898820000817068
138,Cplus3F,13,13,13,7382.462,377,13,1,29,5806.458777657767,5063.461724279974,3668.4587776577678,1395.0029466222052,1885.0,369.0,65.0,0,4,C,53,53,,,,,,,0.25064310000743717
138,Cplus3FB,13,13,13,7382.462,377,13,1,29,5806.458777657767,5063.461724279974,3668.4587776577678,1395.0029466222052,1885.0,369.0,65.0,0,4,C,53,53,0,[],,,,,0.18613199997344054
138,B,13,13,13,8670.762,361,13,1,27,6173.355390883086,6447.7623171865625,4100.355390883087,2347.406926303477,1805.0,353.0,65.0,0,,,,,,,,,,,0.21259629999985918
139,Cplus3F,10,10,10,7242.329,386,10,1,29,5880.420191970674,4890.3290975982345,3668.420191970674,1221.9089056275625,1930.0,372.0,50.0,0,6,C,3,28,,,,,,,0.3906406000023708
139,Cplus3FB,10,10,10,7242.329,386,10,1,29,5880.420191970674,4890.3290975982345,3668.420191970674,1221.9089056275625,1930.0,372.0,50.0,0,6,C,3,28,0,[],,,,,0.43565500000840984
139,B,10,10,10,7780.076,384,10,1,27,6276.8719793931805,5440.076264734959,4081.871979393182,1358.2042853417809,1920.0,370.0,50.0,0,,,,,,,,,,,0.2981071999820415
140,Cplus3F,10,10,10,7564.968,374,10,1,29,5869.991053966719,5281.967968398198,3701.991053966719,1579.97691443148,1870.0,363.0,50.0,0,3,C,32,45,,,,,,,0.23884179999004118
140,Cplus3FB,10,10,10,7564.968,374,10,1,29,5869.991053966719,5281.967968398198,3701.991053966719,1579.97691443148,1870.0,363.0,50.0,0,3,C,32,45,0,[],,,,,0.21936610000557266
140,B,10,10,10,8772.606,428,10,1,27,6438.8719793931805,6181.606475790148,4081.871979393182,2099.734496396969,2140.0,401.0,50.0,0,,,,,,,,,,,0.5068164000113029
141,Cplus3F,10,10,10,7328.834,364,10,1,29,5788.5264323263955,5095.834335451171,3629.5264323263946,1466.3079031247744,1820.0,363.0,50.0,0,3,C,15,37,,,,,,,0.09286450000945479
141,Cplus3FB,10,10,10,7328.834,364,10,1,29,5788.5264323263955,5095.834335451171,3629.5264323263946,1466.3079031247744,1820.0,363.0,50.0,0,3,C,15,37,0,[],,,,,0.11898079997627065
141,B,10,10,10,8060.562,380,10,1,27,6300.8719793931805,5733.561628850183,4081.871979393182,1651.689649457003,1900.0,377.0,50.0,0,,,,,,,,,,,0.18797940001240931
142,Cplus3F,13,13,13,7281.552,313,13,1,29,5518.285923535897,5340.551706651172,3655.2859235358974,1685.2657831152765,1565.0,311.0,65.0,0,6,C,70,73,,,,,,,0.06753269999171607
142,Cplus3FB,13,13,13,7281.552,313,13,1,29,5518.285923535897,5340.551706651172,3655.2859235358974,1685.2657831152765,1565.0,311.0,65.0,0,6,C,70,73,0,[],,,,,0.06669380000676028
142,B,13,13,13,7758.492,289,13,1,27,5724.871979393181,5965.491757947241,4081.871979393182,1883.619778554061,1445.0,283.0,65.0,0,,,,,,,,,,,0.3132000000041444
143,Cplus3F,16,16,16,5685.88,207,16,1,29,2847.6343326020356,4373.880178673977,1878.6343326020356,2495.2458460719417,1035.0,197.0,80.0,0,5,C,119,70,,,,,,,0.29309530000318773
143,Cplus3FB,16,16,16,5685.88,207,16,1,29,2847.6343326020356,4373.880178673977,1878.6343326020356,2495.2458460719417,1035.0,197.0,80.0,0,5,C,119,70,0,[],,,,,0.36399080001865514
143,B,16,16,16,8125.904,274,16,1,27,4440.538123959432,6419.904330466717,3001.538123959432,3418.3662065072863,1370.0,256.0,80.0,0,,,,,,,,,,,0.48268829999142326
144,Cplus3F,15,15,15,7191.063,275,15,1,29,5263.083634793021,5474.06334566511,3677.0836347930217,1796.9797108720913,1375.0,267.0,75.0,0,7,C,89,60,,,,,,,0.16744989997823723
144,Cplus3FB,15,15,15,7191.063,275,15,1,29,5263.083634793021,5474.06334566511,3677.0836347930217,1796.9797108720913,1375.0,267.0,75.0,0,7,C,89,60,0,[],,,,,0.1921114000142552
144,B,15,15,15,8205.139,303,15,1,27,5748.871979393181,6326.139032808811,4081.871979393182,2244.2670534156314,1515.0,289.0,75.0,0,,,,,,,,,,,0.4741758000163827
145,Cplus3F,13,13,13,6855.147,293,13,1,29,5422.075451543277,5033.146579890354,3668.0754515432764,1365.0711283470787,1465.0,292.0,65.0,0,7,C,33,49,,,,,,,0.057190499996067956
145,Cplus3FB,13,13,13,6855.147,293,13,1,29,5422.075451543277,5033.146579890354,3668.0754515432764,1365.0711283470787,1465.0,292.0,65.0,0,7,C,33,49,0,[],,,,,0.06267030001617968
145,B,13,13,13,8530.976,322,13,1,27,5920.032342401983,6546.9759748956185,4128.032342401983,2418.9436324936382,1610.0,309.0,65.0,0,,,,,,,,,,,0.4230792000016663
146,Cplus3F,15,15,15,7657.718,313,15,1,29,5325.510934180939,5711.718327986645,3647.5109341809393,2064.2073938057038,1565.0,306.0,75.0,0,7,C,124,99,,,,,,,0.30003729998134077
146,Cplus3FB,15,15,15,7657.718,313,15,1,29,5325.510934180939,5711.718327986645,3647.5109341809393,2064.2073938057038,1565.0,306.0,75.0,0,7,C,124,99,0,[],,,,,0.32834020000882447
146,B,15,15,15,8689.181,348,15,1,27,5964.871979393181,6548.1805405314435,4081.871979393182,2466.308561138261,1740.0,326.0,75.0,0,,,,,,,,,,,0.5792542000126559
147,Cplus3F,14,14,14,7571.609,298,14,1,29,5506.9196846781915,5721.608766560325,3766.9196846781892,1954.6890818821366,1490.0,290.0,70.0,0,5,C,85,55,,,,,,,0.18827710000914522
147,Cplus3FB,14,14,14,7571.609,298,14,1,29,5506.9196846781915,5721.608766560325,3766.9196846781892,1954.6890818821366,1490.0,290.0,70.0,0,5,C,85,55,0,[],,,,,0.1950166000169702
147,B,14,14,14,8565.096,324,14,1,27,5906.119477716769,6563.09633750527,4084.11947771677,2478.9768597885004,1620.0,312.0,70.0,0,,,,,,,,,,,0.3154461999947671
148,Cplus3F,16,16,16,5504.718,219,16,1,29,2664.823490863146,4131.718264886792,1706.8234908631464,2424.894774023645,1095.0,198.0,80.0,0,6,C,175,79,,,,,,,0.38744030002271757
148,Cplus3FB,16,16,16,5504.718,219,16,1,29,2664.823490863146,4131.718264886792,1706.8234908631464,2424.894774023645,1095.0,198.0,80.0,0,6,C,175,79,0,[],,,,,0.36557389999506995
148,B,16,16,16,9133.641,311,16,1,27,5542.688507630115,7218.641193545267,3948.6885076301155,3269.9526859151565,1555.0,280.0,80.0,0,,,,,,,,,,,0.7640013999771327
149,Cplus3F,16,16,16,4903.168,195,16,1,29,1621.3918821244586,3663.1681501613857,1011.3918821244583,2651.7762680369283,975.0,185.0,80.0,0,8,C,145,92,,,,,,,0.5108387999935076
149,Cplus3FB,16,16,16,4903.168,195,16,1,29,1621.3918821244586,3663.1681501613857,1011.3918821244583,2651.7762680369283,975.0,185.0,80.0,0,8,C,145,92,0,[],,,,,0.501956699998118
149,B,16,16,16,6504.743,217,16,1,27,4213.262157902208,5134.742742505822,3034.2621579022084,2100.4805846036147,1085.0,205.0,80.0,0,,,,,,,,,,,0.32619409999460913
150,Cplus3F,16,16,16,6721.119,258,16,1,29,4789.245993986303,5097.1194235571,3316.245993986302,1780.8734295707961,1290.0,254.0,80.0,0,7,C,58,50,,,,,,,0.29275130000314675
150,Cplus3FB,16,16,16,6721.119,258,16,1,29,4789.245993986303,5097.1194235571,3316.245993986302,1780.8734295707961,1290.0,254.0,80.0,0,7,C,58,50,0,[],,,,,0.24263190000783652
150,B,16,16,16,9784.461,306,16,1,27,4998.217187173481,7921.46113728352,3571.2171871734818,4350.243950110042,1530.0,253.0,80.0,0,,,,,,,,,,,0.840506100008497
