case,strategy,source_count,detected_channels,cleared_channels,total_virtual_time_s,measure_actions,clear_actions,all_cleared,search_sites,movement_time_s,detection_time_s,switching_time_s,clearing_time_s,failed_clear_actions,wall_time_s
1,L950_C2,15,15,15,10499.905,319,15,1,31,8514.905355696359,1595.0,315.0,75.0,0,0.26150190000771545
2,L950_C2,10,10,10,10521.207,414,10,1,31,7992.207442118292,2070.0,409.0,50.0,0,0.17339079998782836
3,L950_C2,12,12,12,10147.497,321,12,1,31,8163.496595731828,1605.0,319.0,60.0,0,0.2293766999791842
4,L950_C2,15,15,15,10068.872,293,15,1,31,8242.871825766362,1465.0,286.0,75.0,0,0.2826739999873098
5,L950_C2,13,13,13,10183.499,320,13,1,31,8199.498688433629,1600.0,319.0,65.0,0,0.1719814999960363
6,L950_C2,12,12,12,10516.273,334,12,1,31,8467.272716497962,1670.0,319.0,60.0,0,0.350686100020539
7,L950_C2,12,12,12,10761.992,363,12,1,31,8532.991697896397,1815.0,354.0,60.0,0,0.2992054000205826
8,L950_C2,13,13,13,10206.338,329,13,1,31,8171.338248264704,1645.0,325.0,65.0,0,0.15365600000950508
9,L950_C2,12,12,12,10421.709,339,12,1,31,8339.708956221013,1695.0,327.0,60.0,0,0.30800730001647025
10,L950_C2,15,15,15,10662.913,318,15,1,31,8685.91274810582,1590.0,312.0,75.0,0,0.20657959999516606
11,L950_C2,16,16,16,5242.064,193,16,1,31,4020.0643632441006,965.0,177.0,80.0,0,0.41638249999959953
12,L950_C2,16,16,16,6048.628,181,16,1,31,4895.628114249088,905.0,168.0,80.0,0,0.4542927000147756
13,L950_C2,12,12,12,10489.553,342,12,1,31,8394.553192667487,1710.0,325.0,60.0,0,0.48519649999798276
14,L950_C2,15,15,15,10102.488,265,15,1,31,8446.488241029163,1325.0,256.0,75.0,0,0.31719020000309683
15,L950_C2,12,12,12,10627.243,332,12,1,31,8588.242645222028,1660.0,319.0,60.0,0,0.3970036000246182
16,L950_C2,12,12,12,9895.238,358,12,1,31,7694.237651680585,1790.0,351.0,60.0,0,0.20423920001485385
17,L950_C2,16,16,16,6335.091,197,16,1,31,5075.091003713076,985.0,195.0,80.0,0,0.2577893999987282
18,L950_C2,10,10,10,11184.651,445,10,1,31,8468.650691120054,2225.0,441.0,50.0,0,0.13836750001064502
19,L950_C2,11,11,11,11009.718,402,11,1,31,8551.717742616076,2010.0,393.0,55.0,0,0.3027019999863114
20,L950_C2,14,14,14,11084.289,348,14,1,31,8946.288815890748,1740.0,328.0,70.0,0,0.6346848999965005
21,L950_C2,12,12,12,10752.516,369,12,1,31,8489.516139104362,1845.0,358.0,60.0,0,0.3074330000090413
22,L950_C2,10,10,10,10813.333,396,10,1,31,8396.332750822421,1980.0,387.0,50.0,0,0.20047209999756888
23,L950_C2,12,12,12,10386.641,343,12,1,31,8275.64089176709,1715.0,336.0,60.0,0,0.25926089999848045
24,L950_C2,13,13,13,10402.531,330,13,1,31,8368.530582874646,1650.0,319.0,65.0,0,0.33355609999853186
25,L950_C2,13,13,13,10855.708,327,13,1,31,8840.707910628029,1635.0,315.0,65.0,0,0.2466574000136461
26,L950_C2,12,12,12,12162.765,413,12,1,31,9664.764909849144,2065.0,373.0,60.0,0,0.42968550001387484
27,L950_C2,16,16,16,6570.063,189,16,1,31,5365.062719997642,945.0,180.0,80.0,0,0.30275269999401644
28,L950_C2,11,11,11,10674.982,374,11,1,31,8381.982085498095,1870.0,368.0,55.0,0,0.3224235000088811
29,L950_C2,15,15,15,10639.744,272,15,1,31,8946.74351292873,1360.0,258.0,75.0,0,0.3439776000159327
30,L950_C2,10,10,10,10497.707,388,10,1,31,8128.706527759619,1940.0,379.0,50.0,0,0.2524130999809131
31,L950_C2,12,12,12,10293.233,336,12,1,31,8221.23281720269,1680.0,332.0,60.0,0,0.18869909999193624
32,L950_C2,13,13,13,10583.471,333,13,1,31,8526.471420934868,1665.0,327.0,65.0,0,0.2617217999941204
33,L950_C2,14,14,14,10189.201,310,14,1,31,8269.201013249836,1550.0,300.0,70.0,0,0.3362513000029139
34,L950_C2,11,11,11,11749.799,459,11,1,31,8949.799152794641,2295.0,450.0,55.0,0,0.23899230000097305
35,L950_C2,11,11,11,11330.338,414,11,1,31,8803.337529655068,2070.0,402.0,55.0,0,0.27566750001278706
36,L950_C2,11,11,11,10872.782,372,11,1,31,8590.782381471166,1860.0,367.0,55.0,0,0.2243949999974575
37,L950_C2,12,12,12,10516.71,337,12,1,31,8441.70956811713,1685.0,330.0,60.0,0,0.14851359999738634
38,L950_C2,11,11,11,10758.065,386,11,1,31,8398.064927508494,1930.0,375.0,55.0,0,0.36827330000232905
39,L950_C2,11,11,11,11257.776,409,11,1,31,8765.776239740433,2045.0,392.0,55.0,0,0.17686599999433383
40,L950_C2,11,11,11,10721.843,405,11,1,31,8244.842783007785,2025.0,397.0,55.0,0,0.2598305999999866
41,L950_C2,11,11,11,10666.328,390,11,1,31,8283.327661279967,1950.0,378.0,55.0,0,0.29008690000046045
42,L950_C2,14,14,14,10732.701,298,14,1,31,8892.700576885542,1490.0,280.0,70.0,0,0.43919909998658113
43,L950_C2,15,15,15,10874.706,324,15,1,31,8862.706356517925,1620.0,317.0,75.0,0,0.3478946999821346
44,L950_C2,11,11,11,10728.959,394,11,1,31,8321.958802548826,1970.0,382.0,55.0,0,0.17823990000761114
45,L950_C2,10,10,10,10658.578,412,10,1,31,8141.578421698471,2060.0,407.0,50.0,0,0.20780329999979585
46,L950_C2,15,15,15,10713.036,287,15,1,31,8933.036421961673,1435.0,270.0,75.0,0,0.361502300016582
47,L950_C2,15,15,15,10380.409,274,15,1,31,8681.408654758547,1370.0,254.0,75.0,0,0.5429319000104442
48,L950_C2,11,11,11,10961.618,393,11,1,31,8561.617771737006,1965.0,380.0,55.0,0,0.3539407000062056
49,L950_C2,12,12,12,11521.253,393,12,1,31,9126.252783923992,1965.0,370.0,60.0,0,0.2519523999944795
50,L950_C2,16,16,16,7596.125,327,16,1,31,5558.1248487535795,1635.0,323.0,80.0,0,0.4078008999931626
51,L950_C2,15,15,15,11100.238,303,15,1,31,9219.23841463163,1515.0,291.0,75.0,0,0.4423294000152964
52,L950_C2,10,10,10,10466.043,376,10,1,31,8163.042680671668,1880.0,373.0,50.0,0,0.1803753999993205
53,L950_C2,10,10,10,11244.743,436,10,1,31,8590.743492169937,2180.0,424.0,50.0,0,0.3203094000054989
54,L950_C2,16,16,16,9280.414,301,105,1,31,7168.414103294395,1505.0,260.0,347.0,89,0.3921233000000939
55,L950_C2,13,13,13,11437.109,332,13,1,31,9393.108795706765,1660.0,319.0,65.0,0,0.35241429999587126
56,L950_C2,14,14,14,10677.586,311,14,1,31,8754.586443703776,1555.0,298.0,70.0,0,0.3614143000158947
57,L950_C2,11,11,11,11117.912,400,11,1,31,8675.911693105052,2000.0,387.0,55.0,0,0.2653369999898132
58,L950_C2,16,16,16,5944.297,281,16,1,31,4190.296621342844,1405.0,269.0,80.0,0,0.6010073999932501
59,L950_C2,16,16,16,7320.593,207,16,1,31,6023.59304620622,1035.0,182.0,80.0,0,0.5718188000028022
60,L950_C2,14,14,14,10887.61,340,14,1,31,8796.609564301994,1700.0,321.0,70.0,0,0.45074629998998716
61,L950_C2,12,12,12,11317.719,361,12,1,31,9108.719413346778,1805.0,344.0,60.0,0,0.23611309999250807
62,L950_C2,15,15,15,10791.376,302,15,1,31,8918.376412138738,1510.0,288.0,75.0,0,0.43277640000451356
63,L950_C2,15,15,15,10527.739,265,15,1,31,8871.73889158562,1325.0,256.0,75.0,0,0.33904099999926984
64,L950_C2,13,13,13,10379.532,317,13,1,31,8413.532381885547,1585.0,316.0,65.0,0,0.18972929997835308
65,L950_C2,12,12,12,10759.393,368,12,1,31,8508.393415691979,1840.0,351.0,60.0,0,0.3169050000142306
66,L950_C2,11,11,11,10808.844,356,11,1,31,8634.84447498599,1780.0,339.0,55.0,0,0.31508080000639893
67,L950_C2,10,10,10,10824.193,407,10,1,31,8340.192675369804,2035.0,399.0,50.0,0,0.17676979998941533
68,L950_C2,11,11,11,10527.622,404,11,1,31,8053.621609191476,2020.0,399.0,55.0,0,0.20949390000896528
69,L950_C2,13,13,13,10925.077,351,13,1,31,8766.077041045606,1755.0,339.0,65.0,0,0.460358600015752
70,L950_C2,15,15,15,10664.663,301,15,1,31,8794.662963713927,1505.0,290.0,75.0,0,0.3915852000063751
71,L950_C2,10,10,10,11271.524,393,10,1,31,8881.524421954236,1965.0,375.0,50.0,0,0.3999498999910429
72,L950_C2,14,14,14,10771.622,313,14,1,31,8834.622004370423,1565.0,302.0,70.0,0,0.3076733000052627
73,L950_C2,14,14,14,10813.209,311,14,1,31,8901.208879236996,1555.0,287.0,70.0,0,0.5336148999922443
74,L950_C2,11,11,11,10184.537,366,11,1,31,7938.537042585549,1830.0,361.0,55.0,0,0.2151276000076905
75,L950_C2,13,13,13,10890.21,319,13,1,31,8920.209782588034,1595.0,310.0,65.0,0,0.20882759999949485
76,L950_C2,15,15,15,10310.861,241,15,1,31,8801.861325234755,1205.0,229.0,75.0,0,0.2988354999979492
77,L950_C2,14,14,14,10457.318,321,14,1,31,8467.317734809869,1605.0,315.0,70.0,0,0.3641379000036977
78,L950_C2,14,14,14,10660.275,310,14,1,31,8746.274585845003,1550.0,294.0,70.0,0,0.5882573999988381
79,L950_C2,15,15,15,10396.707,306,15,1,31,8497.707063947451,1530.0,294.0,75.0,0,0.5521999000047799
80,L950_C2,15,15,15,10912.5,327,15,1,31,8896.49951044812,1635.0,306.0,75.0,0,0.6874563999881502
81,L950_C2,14,14,14,10812.849,340,14,1,31,8711.84893815641,1700.0,331.0,70.0,0,0.514798400021391
82,L950_C2,16,16,16,7493.015,238,16,1,31,6003.015237047537,1190.0,220.0,80.0,0,0.6319578000111505
83,L950_C2,15,15,15,10726.344,289,15,1,31,8935.344239195572,1445.0,271.0,75.0,0,0.6570108000014443
84,L950_C2,15,15,15,10131.003,273,15,1,31,8433.002570416485,1365.0,258.0,75.0,0,0.5980706000118516
85,L950_C2,11,11,11,10588.489,348,11,1,31,8452.488861827329,1740.0,341.0,55.0,0,0.27921050001168624
86,L950_C2,13,13,13,9985.43,330,13,1,31,7945.430277433366,1650.0,325.0,65.0,0,0.22223099999246188
87,L950_C2,15,15,15,10581.37,299,15,1,31,8734.370274661258,1495.0,277.0,75.0,0,0.651812099997187
88,L950_C2,10,10,10,10734.146,408,10,1,31,8238.145578719203,2040.0,406.0,50.0,0,0.23424389999127015
89,L950_C2,13,13,13,10834.439,331,13,1,31,8801.439124867833,1655.0,313.0,65.0,0,0.6687809000140987
90,L950_C2,12,12,12,10360.736,362,12,1,31,8130.735517541022,1810.0,360.0,60.0,0,0.27930260001448914
91,L950_C2,15,15,15,10893.961,296,15,1,31,9046.961345478403,1480.0,292.0,75.0,0,0.4216639999940526
92,L950_C2,15,15,15,10940.474,307,15,1,31,9041.473757800855,1535.0,289.0,75.0,0,0.636659999989206
93,L950_C2,15,15,15,10582.611,294,15,1,31,8757.610900712321,1470.0,280.0,75.0,0,0.4315358999883756
94,L950_C2,11,11,11,10966.534,349,11,1,31,8824.533739953557,1745.0,342.0,55.0,0,0.31610759999603033
95,L950_C2,12,12,12,10534.786,368,12,1,31,8279.786381407079,1840.0,355.0,60.0,0,0.35010170002351515
96,L950_C2,11,11,11,10943.878,418,11,1,31,8387.878349358674,2090.0,411.0,55.0,0,0.36866700000246055
97,L950_C2,12,12,12,10656.903,356,12,1,31,8471.902704113714,1780.0,345.0,60.0,0,0.43126449998817407
98,L950_C2,16,16,16,5536.114,215,16,1,31,4177.113744237623,1075.0,204.0,80.0,0,0.6962579000100959
99,L950_C2,14,14,14,10339.884,308,14,1,31,8431.884023088347,1540.0,298.0,70.0,0,0.3653494000027422
100,L950_C2,11,11,11,10518.528,397,11,1,31,8087.528276496776,1985.0,391.0,55.0,0,0.2617952000000514
101,L950_C2,15,15,15,10644.452,307,15,1,31,8749.451512020622,1535.0,285.0,75.0,0,0.5225784000067506
102,L950_C2,13,13,13,10777.349,327,13,1,31,8761.349179131226,1635.0,316.0,65.0,0,0.5427404000074603
103,L950_C2,11,11,11,11140.954,438,11,1,31,8471.954422636843,2190.0,424.0,55.0,0,0.32471469999291
104,L950_C2,10,10,10,10667.005,396,10,1,31,8244.004519453925,1980.0,393.0,50.0,0,0.1584318999957759
105,L950_C2,13,13,13,9995.525,308,13,1,31,8091.525288951135,1540.0,299.0,65.0,0,0.32060829998226836
106,L950_C2,10,10,10,10483.414,387,10,1,31,8115.413544469773,1935.0,383.0,50.0,0,0.23161600000457838
107,L950_C2,14,14,14,10544.684,329,14,1,31,8513.68363912134,1645.0,316.0,70.0,0,0.5363971999904606
108,L950_C2,16,16,16,6356.632,254,16,1,31,4763.632247911381,1270.0,243.0,80.0,0,0.9265906999935396
109,L950_C2,13,13,13,10709.237,325,13,1,31,8697.237382574764,1625.0,322.0,65.0,0,0.2250173999927938
110,L950_C2,12,12,12,10125.777,336,12,1,31,8054.776645675751,1680.0,331.0,60.0,0,0.2603042000264395
111,L950_C2,16,16,16,7037.16,305,16,1,31,5146.160239215825,1525.0,286.0,80.0,0,0.46473440001136623
112,L950_C2,10,10,10,10512.335,376,10,1,31,8215.33500209872,1880.0,367.0,50.0,0,0.2873914999945555
113,L950_C2,11,11,11,10346.544,378,11,1,31,8029.54363233055,1890.0,372.0,55.0,0,0.2974996000120882
114,L950_C2,11,11,11,10714.342,378,11,1,31,8394.342102343358,1890.0,375.0,55.0,0,0.3077410999976564
115,L950_C2,15,15,15,9896.864,252,15,1,31,8318.863570841779,1260.0,243.0,75.0,0,0.3557037999853492
116,L950_C2,16,16,16,6216.356,206,16,1,31,4906.355677476633,1030.0,200.0,80.0,0,0.33669579998240806
117,L950_C2,11,11,11,10841.524,393,11,1,31,8437.524120478993,1965.0,384.0,55.0,0,0.2381986000109464
118,L950_C2,14,14,14,10922.35,316,14,1,31,8967.350268132772,1580.0,305.0,70.0,0,0.520619999995688
119,L950_C2,16,16,16,7592.479,251,16,1,31,6027.478681468551,1255.0,230.0,80.0,0,0.7656525000056718
120,L950_C2,10,10,10,10781.28,394,10,1,31,8374.280323585946,1970.0,387.0,50.0,0,0.23399549999157898
121,L950_C2,12,12,12,10591.288,347,12,1,31,8457.287586506132,1735.0,339.0,60.0,0,0.2567366999865044
122,L950_C2,13,13,13,10985.285,367,13,1,31,8738.28476371338,1835.0,347.0,65.0,0,0.6672608999942895
123,L950_C2,15,15,15,10517.758,297,15,1,31,8669.757820640332,1485.0,288.0,75.0,0,0.5401436999964062
124,L950_C2,16,16,16,6603.032,190,16,1,31,5399.032309407342,950.0,174.0,80.0,0,0.6274893000081647
125,L950_C2,10,10,10,10547.279,412,10,1,31,8041.278978304915,2060.0,396.0,50.0,0,0.3873479999892879
126,L950_C2,10,10,10,10750.832,434,10,1,31,8099.8322972112755,2170.0,431.0,50.0,0,0.28186899999855086
127,L950_C2,11,11,11,10470.71,368,11,1,31,8213.709594388698,1840.0,362.0,55.0,0,0.2432466000027489
128,L950_C2,16,16,16,7536.259,446,16,1,31,4787.25946073445,2230.0,439.0,80.0,0,0.9940760000026785
129,L950_C2,15,15,15,10148.226,285,15,1,31,8370.226119136014,1425.0,278.0,75.0,0,0.44881319999694824
130,L950_C2,13,13,13,10484.658,305,13,1,31,8593.658202445187,1525.0,301.0,65.0,0,0.2905488999967929
131,L950_C2,13,13,13,10407.332,332,13,1,31,8359.332066208539,1660.0,323.0,65.0,0,0.3857627999968827
132,L950_C2,16,16,16,7319.528,184,16,1,31,6156.528414576643,920.0,163.0,80.0,0,0.7113832000177354
133,L950_C2,15,15,15,10385.838,294,15,1,31,8555.838225515467,1470.0,285.0,75.0,0,0.4280315000214614
134,L950_C2,16,16,16,7008.861,269,16,1,31,5319.860944916777,1345.0,264.0,80.0,0,0.4926670999848284
135,L950_C2,10,10,10,10576.193,400,10,1,31,8130.192942413279,2000.0,396.0,50.0,0,0.21502579998923466
136,L950_C2,13,13,13,10788.876,339,13,1,31,8713.87621545206,1695.0,315.0,65.0,0,0.6045745000010356
137,L950_C2,12,12,12,10576.72,392,12,1,31,8165.7204163199485,1960.0,391.0,60.0,0,0.21857269998872653
138,L950_C2,16,16,16,5733.453,205,16,1,31,4431.452845229599,1025.0,197.0,80.0,0,0.5292838999885134
139,L950_C2,15,15,15,10500.059,280,15,1,31,8765.058917312504,1400.0,260.0,75.0,0,0.5176511999743525
140,L950_C2,16,16,16,6707.66,234,16,1,31,5245.660492864086,1170.0,212.0,80.0,0,0.5798180999991018
141,L950_C2,10,10,10,11574.128,424,10,1,31,8997.128001781672,2120.0,407.0,50.0,0,0.42114500000025146
142,L950_C2,13,13,13,11113.487,376,13,1,31,8809.486792648438,1880.0,359.0,65.0,0,0.2344223999825772
143,L950_C2,14,14,14,9863.919,305,14,1,31,7966.918927303179,1525.0,302.0,70.0,0,0.18706110000493936
144,L950_C2,14,14,14,11173.964,377,14,1,31,8859.963771777517,1885.0,359.0,70.0,0,0.25959400000283495
145,L950_C2,10,10,10,10838.03,387,10,1,31,8476.029751140513,1935.0,377.0,50.0,0,0.3891867999918759
146,L950_C2,10,10,10,10819.513,421,10,1,31,8260.512893255067,2105.0,404.0,50.0,0,0.5057513999927323
147,L950_C2,16,16,16,6328.178,206,16,1,31,5018.178178146007,1030.0,200.0,80.0,0,0.4021525999996811
148,L950_C2,14,14,14,10300.213,318,14,1,31,8329.213227090573,1590.0,311.0,70.0,0,0.31052400000044145
149,L950_C2,12,12,12,11156.945,378,12,1,31,8841.945181777397,1890.0,365.0,60.0,0,0.38630680000642315
150,L950_C2,10,10,10,10456.307,376,10,1,31,8157.307004486957,1880.0,369.0,50.0,0,0.24538109998684376
151,L950_C2,14,14,14,10835.496,282,14,1,31,9083.496283830927,1410.0,272.0,70.0,0,0.5101324999995995
152,L950_C2,13,13,13,10283.481,340,13,1,31,8192.481399564393,1700.0,326.0,65.0,0,0.3523544000054244
153,L950_C2,14,14,14,10146.487,313,14,1,31,8201.486795916155,1565.0,310.0,70.0,0,0.2801706999889575
154,L950_C2,11,11,11,11171.612,390,11,1,31,8805.611650517105,1950.0,361.0,55.0,0,0.7355797000054736
155,L950_C2,12,12,12,10340.851,334,12,1,31,8283.850710803546,1670.0,327.0,60.0,0,0.27655939999385737
156,L950_C2,16,16,16,6928.434,190,16,1,31,5751.434139780946,950.0,147.0,80.0,0,0.9903398000169545
157,L950_C2,10,10,10,10553.124,385,10,1,31,8196.124088116996,1925.0,382.0,50.0,0,0.20441090001259
158,L950_C2,13,13,13,10853.622,328,13,1,31,8841.622309985542,1640.0,307.0,65.0,0,0.557189200015273
159,L950_C2,12,12,12,10448.169,361,12,1,31,8228.168848261274,1805.0,355.0,60.0,0,0.37174170001526363
160,L950_C2,15,15,15,10176.534,275,15,1,31,8458.533776705463,1375.0,268.0,75.0,0,0.37388430000282824
161,L950_C2,15,15,15,10319.171,292,15,1,31,8497.17066629553,1460.0,287.0,75.0,0,0.28801179997390136
162,L950_C2,16,16,16,5284.742,292,16,1,31,3454.7420602304187,1460.0,290.0,80.0,0,0.572405200015055
163,L950_C2,15,15,15,10600.609,275,15,1,31,8885.608657321229,1375.0,265.0,75.0,0,0.3762688999995589
164,L950_C2,14,14,14,10904.983,319,14,1,31,8925.982710440001,1595.0,314.0,70.0,0,0.4006101000122726
165,L950_C2,14,14,14,10420.265,303,14,1,31,8538.264948452945,1515.0,297.0,70.0,0,0.35788660001708195
166,L950_C2,14,14,14,11422.14,313,14,1,31,9505.140373692446,1565.0,282.0,70.0,0,0.9340232000104152
167,L950_C2,13,13,13,11212.679,400,13,1,31,8763.679401109302,2000.0,384.0,65.0,0,0.4600745000061579
168,L950_C2,16,16,16,8255.657,225,16,1,31,6860.656589282146,1125.0,190.0,80.0,0,0.9871355000068434
169,L950_C2,12,12,12,10582.621,344,12,1,31,8474.620605271457,1720.0,328.0,60.0,0,0.4112092000141274
170,L950_C2,11,11,11,10717.29,389,11,1,31,8334.289724946073,1945.0,383.0,55.0,0,0.3151713999977801
171,L950_C2,12,12,12,10870.936,373,12,1,31,8592.93581543934,1865.0,353.0,60.0,0,0.6977407999802381
172,L950_C2,12,12,12,11671.111,404,12,1,31,9212.111045431486,2020.0,379.0,60.0,0,0.2934626000060234
173,L950_C2,13,13,13,10686.276,335,13,1,31,8618.275792447834,1675.0,328.0,65.0,0,0.46271180000621825
174,L950_C2,13,13,13,10581.724,350,13,1,31,8430.724028535149,1750.0,336.0,65.0,0,0.5316602000093553
175,L950_C2,12,12,12,10873.981,380,12,1,31,8540.98129892951,1900.0,373.0,60.0,0,0.3870137000048999
176,L950_C2,11,11,11,10651.032,371,11,1,31,8372.032480579028,1855.0,369.0,55.0,0,0.14709359998232685
177,L950_C2,15,15,15,10670.204,300,15,1,31,8816.203951623762,1500.0,279.0,75.0,0,0.7091355999873485
178,L950_C2,15,15,15,10484.496,300,15,1,31,8620.49600283142,1500.0,289.0,75.0,0,0.49372389999916777
179,L950_C2,16,16,16,7332.248,220,16,1,31,5964.247969915671,1100.0,188.0,80.0,0,0.6892417999915779
180,L950_C2,13,13,13,10546.343,333,13,1,31,8500.342674740614,1665.0,316.0,65.0,0,0.566480200010119
181,L950_C2,15,15,15,10321.539,301,15,1,31,8450.539216240408,1505.0,291.0,75.0,0,0.4181105999741703
182,L950_C2,11,11,11,10980.066,406,11,1,31,8507.065756183545,2030.0,388.0,55.0,0,0.4508227999904193
183,L950_C2,16,16,16,5092.535,162,16,1,31,4061.5352969221767,810.0,141.0,80.0,0,0.4069623999821488
184,L950_C2,16,16,16,6121.261,226,16,1,31,4689.2611597185,1130.0,222.0,80.0,0,0.2098182000045199
185,L950_C2,12,12,12,10117.802,333,12,1,31,8061.801599172382,1665.0,331.0,60.0,0,0.32352810000884347
186,L950_C2,12,12,12,10319.453,339,12,1,31,8233.4534327694,1695.0,331.0,60.0,0,0.3752185999765061
187,L950_C2,10,10,10,10579.169,380,10,1,31,8251.169494347387,1900.0,378.0,50.0,0,0.19933920001494698
188,L950_C2,15,15,15,10308.68,281,15,1,31,8558.680161849903,1405.0,270.0,75.0,0,0.4956590999790933
189,L950_C2,15,15,15,10935.735,334,15,1,31,8873.734712674255,1670.0,317.0,75.0,0,0.4627280000131577
190,L950_C2,14,14,14,10599.952,349,14,1,31,8445.951647052421,1745.0,339.0,70.0,0,0.40681370001402684
191,L950_C2,15,15,15,10200.468,279,15,1,31,8463.468181688644,1395.0,267.0,75.0,0,0.5160369999939576
192,L950_C2,10,10,10,10783.633,406,10,1,31,8304.633417222904,2030.0,399.0,50.0,0,0.13609060001908801
193,L950_C2,16,16,16,6443.917,212,16,1,31,5120.917284481861,1060.0,183.0,80.0,0,0.5498341000056826
194,L950_C2,14,14,14,10955.762,357,14,1,31,8764.76230991798,1785.0,336.0,70.0,0,0.7860539999965113
195,L950_C2,15,15,15,10281.928,303,15,1,31,8391.92786280243,1515.0,300.0,75.0,0,0.2304936999862548
196,L950_C2,15,15,15,10692.349,292,15,1,31,8882.348892271239,1460.0,275.0,75.0,0,0.6243937000108417
197,L950_C2,15,15,15,10276.706,283,15,1,31,8511.706189882529,1415.0,275.0,75.0,0,0.49044160000630654
198,L950_C2,14,14,14,11442.831,365,14,1,31,9200.830910690762,1825.0,347.0,70.0,0,0.6086057999928016
199,L950_C2,15,15,15,11073.85,374,15,1,31,8773.84967955966,1870.0,355.0,75.0,0,0.506282900023507
200,L950_C2,15,15,15,10776.177,288,15,1,31,8985.176872703372,1440.0,276.0,75.0,0,0.3517058999859728
201,L950_C2,13,13,13,10631.314,329,13,1,31,8598.313569317896,1645.0,323.0,65.0,0,0.2914251000038348
202,L950_C2,15,15,15,10587.275,298,15,1,31,8736.274692926805,1490.0,286.0,75.0,0,0.41165220001130365
203,L950_C2,11,11,11,10513.247,400,11,1,31,8061.247216340635,2000.0,397.0,55.0,0,0.19937720001325943
204,L950_C2,16,16,16,6725.79,241,16,1,31,5209.790486058669,1205.0,231.0,80.0,0,1.1244290000176989
205,L950_C2,14,14,14,10311.109,298,14,1,31,8459.1087248885,1490.0,292.0,70.0,0,0.36541959998430684
206,L950_C2,14,14,14,10945.609,316,14,1,31,9000.608590123007,1580.0,295.0,70.0,0,0.5664053999935277
207,L950_C2,15,15,15,9759.069,238,15,1,31,8258.068973048508,1190.0,236.0,75.0,0,0.27467660000547767
208,L950_C2,12,12,12,10542.271,414,12,1,31,8010.270957769578,2070.0,402.0,60.0,0,0.22667639999417588
209,L950_C2,10,10,10,10416.715,383,10,1,31,8072.715118655005,1915.0,379.0,50.0,0,0.23820409999461845
210,L950_C2,13,13,13,10074.276,312,13,1,31,8145.276170692908,1560.0,304.0,65.0,0,0.31641299999319017
211,L950_C2,15,15,15,10851.082,320,15,1,31,8871.08228288396,1600.0,305.0,75.0,0,0.5008146000036504
212,L950_C2,14,14,14,10744.973,334,14,1,31,8675.972921363647,1670.0,329.0,70.0,0,0.32467499998165295
213,L950_C2,15,15,15,11171.451,327,15,1,31,9144.450902411354,1635.0,317.0,75.0,0,0.623024800006533
214,L950_C2,15,15,15,10901.285,312,15,1,31,8975.284937672,1560.0,291.0,75.0,0,0.8809073999873362
215,L950_C2,14,14,14,10545.666,321,14,1,31,8559.666412227489,1605.0,311.0,70.0,0,0.4928980999975465
216,L950_C2,14,14,14,11229.824,345,14,1,31,9111.82363055371,1725.0,323.0,70.0,0,0.47587900000507943
217,L950_C2,13,13,13,10429.628,332,13,1,31,8380.628096751974,1660.0,324.0,65.0,0,0.3834373000136111
218,L950_C2,11,11,11,10733.532,380,11,1,31,8402.53226448413,1900.0,376.0,55.0,0,0.2514894000196364
219,L950_C2,13,13,13,10393.509,340,13,1,31,8298.50938254501,1700.0,330.0,65.0,0,0.48862729998654686
220,L950_C2,10,10,10,11184.556,415,10,1,31,8660.55628925103,2075.0,399.0,50.0,0,0.4804038000002038
221,L950_C2,12,12,12,11215.773,395,12,1,31,8804.77324262863,1975.0,376.0,60.0,0,0.448591899999883
222,L950_C2,15,15,15,10355.198,304,15,1,31,8461.197602672999,1520.0,299.0,75.0,0,0.31102250001276843
223,L950_C2,16,16,16,7463.657,271,16,1,31,5770.656648407007,1355.0,258.0,80.0,0,0.5200255999807268
224,L950_C2,12,12,12,10640.011,373,12,1,31,8347.010763002343,1865.0,368.0,60.0,0,0.31686779999290593
225,L950_C2,12,12,12,10938.905,379,12,1,31,8613.905464667065,1895.0,370.0,60.0,0,0.365178800013382
226,L950_C2,13,13,13,10348.799,332,13,1,31,8306.798893711937,1660.0,317.0,65.0,0,0.5248010999930557
227,L950_C2,15,15,15,11060.875,345,15,1,31,8932.874899074925,1725.0,328.0,75.0,0,0.7282656999886967
228,L950_C2,14,14,14,11349.876,350,14,1,31,9194.8763247145,1750.0,335.0,70.0,0,0.4872574000037275
229,L950_C2,15,15,15,10465.624,267,15,1,31,8794.624110222221,1335.0,261.0,75.0,0,0.4188381999847479
230,L950_C2,11,11,11,10503.834,360,11,1,31,8299.834252385435,1800.0,349.0,55.0,0,0.4930545999959577
231,L950_C2,16,16,16,5290.339,192,16,1,31,4078.338949545507,960.0,172.0,80.0,0,0.636593700008234
232,L950_C2,12,12,12,10906.041,382,12,1,31,8572.04113286712,1910.0,364.0,60.0,0,0.29310500001884066
233,L950_C2,11,11,11,10429.838,356,11,1,31,8242.838259100192,1780.0,352.0,55.0,0,0.28099330002442
234,L950_C2,13,13,13,10759.378,354,13,1,31,8580.377958326215,1770.0,344.0,65.0,0,0.41412709999713115
235,L950_C2,15,15,15,10520.908,290,15,1,31,8715.907896770277,1450.0,280.0,75.0,0,0.5794177999778185
236,L950_C2,10,10,10,10311.395,376,10,1,31,8009.395286081961,1880.0,372.0,50.0,0,0.23123929998837411
237,L950_C2,16,16,16,5993.147,234,16,1,31,4522.147433137787,1170.0,221.0,80.0,0,0.6468333000084385
238,L950_C2,11,11,11,11385.819,405,11,1,31,8912.818701154984,2025.0,393.0,55.0,0,0.3840327000070829
239,L950_C2,13,13,13,11370.366,378,13,1,31,9055.365847365365,1890.0,360.0,65.0,0,0.32288859999971464
240,L950_C2,16,16,16,7838.225,250,16,1,31,6275.2245565537905,1250.0,233.0,80.0,0,0.6312828999944031
241,L950_C2,12,12,12,11149.633,389,12,1,31,8774.63302164792,1945.0,370.0,60.0,0,0.4762242999859154
242,L950_C2,15,15,15,10746.061,298,15,1,31,8897.060678458054,1490.0,284.0,75.0,0,0.5898600000073202
243,L950_C2,11,11,11,10599.465,384,11,1,31,8244.4649708537,1920.0,380.0,55.0,0,0.22018010000465438
244,L950_C2,15,15,15,11270.841,344,15,1,31,9147.841075001144,1720.0,328.0,75.0,0,0.6823181000072509
245,L950_C2,11,11,11,11178.39,395,11,1,31,8765.389542056811,1975.0,383.0,55.0,0,0.3903526999929454
246,L950_C2,13,13,13,10106.131,308,13,1,31,8200.131101946632,1540.0,301.0,65.0,0,0.2675613999890629
247,L950_C2,15,15,15,10947.284,342,15,1,31,8834.284308764389,1710.0,328.0,75.0,0,0.29150759999174625
248,L950_C2,13,13,13,10077.089,294,13,1,31,8256.089150143498,1470.0,286.0,65.0,0,0.39412010001251474
249,L950_C2,16,16,16,5983.606,265,16,1,31,4324.606265374372,1325.0,254.0,80.0,0,0.6674889999849256
250,L950_C2,12,12,12,10711.164,374,12,1,31,8417.163686310329,1870.0,364.0,60.0,0,0.487040000007255
251,L950_C2,15,15,15,10219.697,291,15,1,31,8414.696837497862,1455.0,275.0,75.0,0,0.5809202000091318
252,L950_C2,14,14,14,10979.316,358,14,1,31,8770.316265866764,1790.0,349.0,70.0,0,0.439872099988861
253,L950_C2,10,10,10,10933.993,398,10,1,31,8507.99288483423,1990.0,386.0,50.0,0,0.2831749999895692
254,L950_C2,13,13,13,10532.502,333,13,1,31,8477.501943427256,1665.0,325.0,65.0,0,0.372407499991823
255,L950_C2,10,10,10,10323.834,394,10,1,31,7913.83428003233,1970.0,390.0,50.0,0,0.28132300000288524
256,L950_C2,12,12,12,10103.269,343,12,1,31,7990.2693323184385,1715.0,338.0,60.0,0,0.29727640000055544
257,L950_C2,13,13,13,10807.549,340,13,1,31,8725.549285184827,1700.0,317.0,65.0,0,0.8451482999953441
258,L950_C2,16,16,16,6789.812,242,16,1,31,5270.811540788499,1210.0,229.0,80.0,0,0.5548286000266671
259,L950_C2,13,13,13,10089.683,337,13,1,31,8014.683280364633,1685.0,325.0,65.0,0,0.37332969999988563
260,L950_C2,14,14,14,10957.229,345,14,1,31,8836.228797746817,1725.0,326.0,70.0,0,0.31064079998759553
261,L950_C2,12,12,12,10631.674,336,12,1,31,8561.673997063843,1680.0,330.0,60.0,0,0.26487359998282045
262,L950_C2,13,13,13,10793.272,323,13,1,31,8805.272241057668,1615.0,308.0,65.0,0,0.6696172999800183
263,L950_C2,10,10,10,10972.847,415,10,1,31,8444.847191133125,2075.0,403.0,50.0,0,0.3906458000128623
264,L950_C2,11,11,11,10358.778,366,11,1,31,8109.777628515636,1830.0,364.0,55.0,0,0.2135219999763649
265,L950_C2,14,14,14,10212.439,282,14,1,31,8456.439071839402,1410.0,276.0,70.0,0,0.2503847999905702
266,L950_C2,12,12,12,10488.703,354,12,1,31,8307.703299213306,1770.0,351.0,60.0,0,0.2067135999968741
267,L950_C2,14,14,14,10333.871,311,14,1,31,8401.871121811402,1555.0,307.0,70.0,0,0.35586189999594353
268,L950_C2,15,15,15,10827.418,319,15,1,31,8860.418046278779,1595.0,297.0,75.0,0,0.6365369000122882
269,L950_C2,15,15,15,10195.08,258,15,1,31,8578.08035953717,1290.0,252.0,75.0,0,0.3465190000133589
270,L950_C2,16,16,16,7404.596,244,16,1,31,5885.596040433764,1220.0,219.0,80.0,0,0.538597300008405
271,L950_C2,14,14,14,10918.895,324,14,1,31,8915.894645104374,1620.0,313.0,70.0,0,0.5859386000083759
272,L950_C2,15,15,15,11794.609,305,15,1,31,9918.609195709849,1525.0,276.0,75.0,0,0.5764362000045367
273,L950_C2,12,12,12,10538.586,352,12,1,31,8383.585758223342,1760.0,335.0,60.0,0,0.5228983999986667
274,L950_C2,15,15,15,10464.446,300,15,1,31,8603.445757317912,1500.0,286.0,75.0,0,0.4032345000014175
275,L950_C2,12,12,12,11097.392,381,12,1,31,8773.392421611148,1905.0,359.0,60.0,0,0.5531845000223257
276,L950_C2,16,16,16,7521.532,224,130,1,31,5789.532291467327,1120.0,190.0,422.0,114,0.6349612000049092
277,L950_C2,13,13,13,10636.215,338,13,1,31,8562.215371258873,1690.0,319.0,65.0,0,0.6816309999849182
278,L950_C2,14,14,14,10494.883,304,14,1,31,8613.8828547216,1520.0,291.0,70.0,0,0.6052702000015415
279,L950_C2,12,12,12,10744.227,372,12,1,31,8464.226984117806,1860.0,360.0,60.0,0,0.4831494000100065
280,L950_C2,12,12,12,10430.508,343,12,1,31,8316.507813312825,1715.0,339.0,60.0,0,0.2658647999924142
281,L950_C2,13,13,13,11438.886,344,13,1,31,9337.885922484136,1720.0,316.0,65.0,0,0.4898131999943871
282,L950_C2,16,16,16,5840.561,197,16,1,31,4583.561358167948,985.0,192.0,80.0,0,0.4999614999978803
283,L950_C2,16,16,16,10303.619,333,16,1,31,8239.619182763126,1665.0,319.0,80.0,0,0.48659369998495094
284,L950_C2,15,15,15,10193.947,305,15,1,31,8300.947199591548,1525.0,293.0,75.0,0,0.4194932999962475
285,L950_C2,16,16,16,5828.427,204,16,1,31,4551.4268929774935,1020.0,177.0,80.0,0,0.6527899000211619
286,L950_C2,11,11,11,10460.041,375,11,1,31,8164.041267248213,1875.0,366.0,55.0,0,0.3556320999923628
287,L950_C2,12,12,12,10449.976,332,12,1,31,8406.975681197939,1660.0,323.0,60.0,0,0.3020521999860648
288,L950_C2,13,13,13,10315.663,301,13,1,31,8452.662974026322,1505.0,293.0,65.0,0,0.3855524000246078
289,L950_C2,13,13,13,10156.938,293,13,1,31,8340.938124491946,1465.0,286.0,65.0,0,0.293856100004632
290,L950_C2,10,10,10,11052.652,405,10,1,31,8585.651995992934,2025.0,392.0,50.0,0,0.33128049998776987
291,L950_C2,13,13,13,10313.764,327,13,1,31,8289.764233322865,1635.0,324.0,65.0,0,0.21816640000906773
292,L950_C2,11,11,11,11151.303,374,11,1,31,8855.302977095547,1870.0,371.0,55.0,0,0.15693589998409152
293,L950_C2,15,15,15,10689.854,313,15,1,31,8747.854494113351,1565.0,302.0,75.0,0,0.42140559997642413
294,L950_C2,15,15,15,10683.475,298,15,1,31,8837.475435262051,1490.0,281.0,75.0,0,0.5840322999865748
295,L950_C2,15,15,15,10418.344,266,15,1,31,8758.343576942316,1330.0,255.0,75.0,0,0.6039611000160221
296,L950_C2,15,15,15,10892.446,294,15,1,31,9067.44646302236,1470.0,280.0,75.0,0,0.5954234999953769
297,L950_C2,16,16,16,6359.511,204,16,1,31,5073.511052081117,1020.0,186.0,80.0,0,0.5830505999911111
298,L950_C2,13,13,13,10441.318,348,13,1,31,8297.317670926739,1740.0,339.0,65.0,0,0.30843770000501536
299,L950_C2,11,11,11,10492.771,371,11,1,31,8217.770515223669,1855.0,365.0,55.0,0,0.3084932000201661
300,L950_C2,11,11,11,10810.759,372,11,1,31,8531.759251348236,1860.0,364.0,55.0,0,0.41258110001217574
