seed,case,strategy,source_count,detected_channels,cleared_channels,total_virtual_time_s,measure_actions,clear_actions,all_cleared,movement_time_s,active_measurements,co_measurements,no_signal_actions,failed_clear_actions,decision_wall_time_s
61903,1,Cplus_completion_coobserve,12,12,12,4376.218,146,12,1,3442.217845,16,6,103,0,0.584721
61903,1,D_hybrid_belief_rolling,12,12,12,4372.469,149,12,1,3424.468544,19,12,104,0,0.382759
61903,1,E_hybrid_belief_route,12,12,12,4377.961,147,12,1,3439.961297,17,7,103,0,0.609975
61903,2,Cplus_completion_coobserve,15,15,15,4730.557,151,15,1,3754.556848,19,7,103,0,0.892646
61903,2,D_hybrid_belief_rolling,15,15,15,4702.073,152,15,1,3724.072709,20,14,103,0,0.488205
61903,2,E_hybrid_belief_route,15,15,15,4730.557,151,15,1,3754.556848,19,7,103,0,0.892799
61903,3,Cplus_completion_coobserve,10,10,10,3756.911,146,10,1,2833.910706,11,5,111,0,0.47775
61903,3,D_hybrid_belief_rolling,10,10,10,3733.323,148,10,1,2800.322921,13,10,111,0,0.313615
61903,3,E_hybrid_belief_route,10,10,10,3783.029,147,10,1,2853.029333,12,6,112,0,0.51833
61903,4,Cplus_completion_coobserve,15,15,15,4546.329,138,15,1,3646.329181,14,7,89,0,0.790846
61903,4,D_hybrid_belief_rolling,15,15,15,4570.156,143,15,1,3642.156421,19,15,89,0,0.547357
61903,4,E_hybrid_belief_route,15,15,15,4552.263,139,15,1,3646.26334,15,8,89,0,0.798149
61903,5,Cplus_completion_coobserve,10,10,10,4253.33,143,10,1,3348.329798,12,4,109,0,0.517185
61903,5,D_hybrid_belief_rolling,10,10,10,4229.407,143,10,1,3326.407253,12,5,110,0,0.448852
61903,5,E_hybrid_belief_route,10,10,10,4253.33,143,10,1,3348.329798,12,4,109,0,0.52467
61903,6,Cplus_completion_coobserve,12,12,12,4206.769,136,12,1,3336.768671,14,4,95,0,0.834781
61903,6,D_hybrid_belief_rolling,12,12,12,4449.409,141,12,1,3550.409288,19,9,96,0,0.727526
61903,6,E_hybrid_belief_route,12,12,12,4213.769,137,12,1,3336.768671,15,5,96,0,0.829133
61903,7,Cplus_completion_coobserve,15,15,15,4207.063,145,15,1,3264.062858,16,9,94,0,0.572834
61903,7,D_hybrid_belief_rolling,15,15,15,4104.423,146,15,1,3156.422592,17,12,94,0,0.478634
61903,7,E_hybrid_belief_route,15,15,15,4205.987,145,15,1,3262.987499,16,8,94,0,0.616785
61903,8,Cplus_completion_coobserve,13,13,13,4567.634,152,13,1,3594.634313,23,8,100,0,1.120364
61903,8,D_hybrid_belief_rolling,13,13,13,4594.474,156,13,1,3600.474054,27,14,100,0,1.228016
61903,8,E_hybrid_belief_route,13,13,13,4579.532,154,13,1,3594.531916,25,10,100,0,1.113536
61903,9,Cplus_completion_coobserve,13,13,13,4145.02,142,13,1,3229.019572,18,9,90,0,0.970544
61903,9,D_hybrid_belief_rolling,13,13,13,4144.51,142,13,1,3228.510322,18,11,90,0,0.849954
61903,9,E_hybrid_belief_route,13,13,13,4146.499,142,13,1,3230.498969,18,10,90,0,0.873434
61903,10,Cplus_completion_coobserve,12,12,12,4247.336,139,12,1,3357.336213,15,6,97,0,0.584064
61903,10,D_hybrid_belief_rolling,12,12,12,4286.949,140,12,1,3390.948556,16,12,98,0,0.18167
61903,10,E_hybrid_belief_route,12,12,12,4255.991,141,12,1,3353.991223,17,9,97,0,0.541469
61903,11,Cplus_completion_coobserve,12,12,12,3869.805,137,12,1,2990.805433,11,6,96,0,0.517669
61903,11,D_hybrid_belief_rolling,12,12,12,3863.84,140,12,1,2966.840199,14,12,96,0,0.262558
61903,11,E_hybrid_belief_route,12,12,12,3856.732,137,12,1,2977.731979,11,7,96,0,0.412831
61903,12,Cplus_completion_coobserve,12,12,12,4055.022,140,12,1,3157.021734,13,5,101,0,0.602009
61903,12,D_hybrid_belief_rolling,12,12,12,4051.23,141,12,1,3148.230405,14,8,101,0,0.53166
61903,12,E_hybrid_belief_route,12,12,12,4048.934,140,12,1,3150.934206,13,6,101,0,0.590456
61903,13,Cplus_completion_coobserve,15,15,15,4407.623,142,15,1,3487.623133,19,7,86,0,0.911541
61903,13,D_hybrid_belief_rolling,15,15,15,4318.82,143,15,1,3390.820142,20,16,87,0,0.482849
61903,13,E_hybrid_belief_route,15,15,15,4433.681,146,15,1,3488.680584,23,11,87,0,0.933595
61903,14,Cplus_completion_coobserve,11,11,11,4180.054,148,11,1,3241.053902,15,6,107,0,0.8793
61903,14,D_hybrid_belief_rolling,11,11,11,4167.486,148,11,1,3228.485858,15,9,107,0,0.608102
61903,14,E_hybrid_belief_route,11,11,11,4176.604,148,11,1,3237.604167,15,7,107,0,0.786703
61903,15,Cplus_completion_coobserve,15,15,15,4510.934,159,15,1,3482.933503,19,11,114,0,0.761514
61903,15,D_hybrid_belief_rolling,15,15,15,4526.431,163,15,1,3476.431283,23,17,114,0,0.634722
61903,15,E_hybrid_belief_route,15,15,15,4505.422,159,15,1,3478.421985,19,12,114,0,0.666944
61903,16,Cplus_completion_coobserve,10,10,10,4280.91,142,10,1,3383.90962,14,6,108,0,0.614398
61903,16,D_hybrid_belief_rolling,10,10,10,4071.787,142,10,1,3175.787285,14,8,107,0,0.514423
61903,16,E_hybrid_belief_route,10,10,10,4084.459,139,10,1,3203.459192,11,3,107,0,0.574524
61903,17,Cplus_completion_coobserve,10,10,10,4082.294,142,10,1,3184.294285,10,4,110,0,0.553122
61903,17,D_hybrid_belief_rolling,10,10,10,4102.389,146,10,1,3182.389186,14,9,110,0,0.557522
61903,17,E_hybrid_belief_route,10,10,10,4104.42,145,10,1,3187.419986,13,6,110,0,0.630705
61903,18,Cplus_completion_coobserve,10,10,10,4723.299,152,10,1,3764.299157,15,7,116,0,0.275364
61903,18,D_hybrid_belief_rolling,10,10,10,4041.893,154,10,1,3075.893107,17,9,116,0,0.653822
61903,18,E_hybrid_belief_route,10,10,10,4723.299,152,10,1,3764.299157,15,7,116,0,0.270738
61903,19,Cplus_completion_coobserve,12,12,12,4043.605,138,12,1,3157.605135,14,5,95,0,0.598489
61903,19,D_hybrid_belief_rolling,12,12,12,4043.22,140,12,1,3147.22014,16,11,96,0,0.432758
61903,19,E_hybrid_belief_route,12,12,12,4049.488,139,12,1,3157.487973,15,6,95,0,0.606976
61903,20,Cplus_completion_coobserve,14,14,14,4124.734,138,14,1,3231.734475,16,7,88,0,0.876622
61903,20,D_hybrid_belief_rolling,14,14,14,4152.519,140,14,1,3248.519321,18,12,88,0,0.708331
61903,20,E_hybrid_belief_route,14,14,14,4124.734,138,14,1,3231.734475,16,7,88,0,0.90477
61903,21,Cplus_completion_coobserve,16,16,16,3814.277,126,16,1,2986.277077,32,16,57,0,1.556031
61903,21,D_hybrid_belief_rolling,16,16,16,3797.032,128,16,1,2956.031808,34,23,58,0,1.223079
61903,21,E_hybrid_belief_route,16,16,16,3795.386,124,16,1,2977.38582,30,16,57,0,1.377392
61903,22,Cplus_completion_coobserve,16,16,16,4264.31,157,16,1,3247.310033,30,15,93,0,1.264368
61903,22,D_hybrid_belief_rolling,16,16,16,4248.497,156,16,1,3239.496922,29,17,94,0,1.229229
61903,22,E_hybrid_belief_route,16,16,16,4227.043,151,16,1,3245.043287,24,12,93,0,1.006027
61903,23,Cplus_completion_coobserve,15,15,15,4656.063,151,15,1,3680.063147,24,11,93,0,1.190457
61903,23,D_hybrid_belief_rolling,15,15,15,4674.214,156,15,1,3671.214321,29,18,94,0,1.048625
61903,23,E_hybrid_belief_route,15,15,15,4668.063,153,15,1,3680.062975,26,13,94,0,1.214448
61903,24,Cplus_completion_coobserve,14,14,14,4130.828,141,14,1,3218.827891,16,8,92,0,0.871918
61903,24,D_hybrid_belief_rolling,14,14,14,4131.068,143,14,1,3208.068063,18,15,93,0,0.365657
61903,24,E_hybrid_belief_route,14,14,14,4369.011,142,14,1,3448.011437,17,11,93,0,0.490261
61903,25,Cplus_completion_coobserve,14,14,14,4747.028,144,14,1,3816.027782,13,5,104,0,0.589158
61903,25,D_hybrid_belief_rolling,14,14,14,4747.637,146,14,1,3805.637488,15,11,104,0,0.36339
61903,25,E_hybrid_belief_route,14,14,14,4761.421,147,14,1,3813.420741,16,7,104,0,0.619055
61903,26,Cplus_completion_coobserve,16,16,16,4104.926,103,16,1,3408.926143,26,14,48,0,0.643447
61903,26,D_hybrid_belief_rolling,16,16,16,3609.356,110,16,1,2877.355901,33,24,48,0,0.709341
61903,26,E_hybrid_belief_route,16,16,16,4098.953,105,16,1,3390.953291,28,16,48,0,0.645576
61903,27,Cplus_completion_coobserve,11,11,11,4707.221,156,11,1,3722.220892,18,5,116,0,0.893177
61903,27,D_hybrid_belief_rolling,11,11,11,4392.962,156,11,1,3405.962008,18,10,117,0,0.677515
61903,27,E_hybrid_belief_route,11,11,11,4703.161,157,11,1,3713.160525,19,6,117,0,0.909049
61903,28,Cplus_completion_coobserve,12,12,12,4517.938,140,12,1,3620.937743,14,6,96,0,0.600621
61903,28,D_hybrid_belief_rolling,12,12,12,4264.11,137,12,1,3383.109711,11,10,96,0,0.083456
61903,28,E_hybrid_belief_route,12,12,12,4521.726,141,12,1,3618.725856,15,8,96,0,0.556114
61903,29,Cplus_completion_coobserve,11,11,11,3993.89,151,11,1,3033.889587,12,6,114,0,0.637403
61903,29,D_hybrid_belief_rolling,11,11,11,3975.715,150,11,1,3023.714778,11,9,114,0,0.296341
61903,29,E_hybrid_belief_route,11,11,11,3978.779,149,11,1,3031.779311,10,5,114,0,0.581818
61903,30,Cplus_completion_coobserve,13,13,13,3861.755,145,13,1,2929.755339,17,10,103,0,0.5041
61903,30,D_hybrid_belief_rolling,13,13,13,4051.364,152,13,1,3079.364256,24,15,103,0,0.486747
61903,30,E_hybrid_belief_route,13,13,13,3861.755,145,13,1,2929.755339,17,10,103,0,0.512503
