case,strategy,source_count,detected_channels,cleared_channels,total_virtual_time_s,measure_actions,clear_actions,all_cleared,search_sites,wall_time_s
1,L1100_C2,16,16,16,6173.934,295,16,1,19,0.33505600001080893
2,L1100_C2,16,16,16,6712.955,272,16,1,19,0.5410313000029419
3,L1100_C2,16,16,16,7199.217,247,16,1,19,0.2236057999834884
4,L1100_C2,16,16,16,6722.1,266,16,1,19,0.30520200001774356
5,L1100_C2,16,16,16,8336.215,343,16,1,19,0.3166049999999814
6,L1100_C2,16,16,16,8369.223,280,16,1,19,0.28880529999150895
7,L1100_C2,16,16,16,7751.829,238,16,1,19,0.3049888999958057
8,L1100_C2,16,16,16,7250.373,285,16,1,19,0.20254900000873022
9,L1100_C2,16,16,16,7253.672,242,16,1,19,0.33444730000337586
10,L1100_C2,16,16,16,8388.756,330,16,1,19,0.45126249999157153
11,L1100_C2,16,16,16,7795.547,293,16,1,19,0.4570313000003807
12,L1100_C2,16,16,16,6428.135,268,16,1,19,0.4227077000250574
13,L1100_C2,16,16,16,6870.218,289,16,1,19,0.6819041000271682
14,L1100_C2,16,16,16,8582.101,339,16,1,19,0.43786000000545755
15,L1100_C2,16,16,16,8169.394,338,16,1,19,0.24750669999048114
16,L1100_C2,16,16,16,7816.719,326,16,1,19,0.3446008000173606
17,L1100_C2,16,16,16,8190.986,345,16,1,19,0.37602110000443645
18,L1100_C2,16,16,16,9242.349,387,16,1,19,0.5012066000199411
19,L1100_C2,16,16,16,8141.134,313,16,1,19,0.4227099000127055
20,L1100_C2,16,16,16,7729.195,313,16,1,19,0.5659026999783237
21,L1100_C2,16,16,16,8463.603,268,16,1,19,0.37247349999961443
22,L1100_C2,16,16,16,8350.904,339,16,1,19,0.28263929998502135
23,L1100_C2,16,16,16,8369.542,273,16,1,19,0.4511828000249807
24,L1100_C2,16,16,16,8162.461,258,16,1,19,0.37258870000368915
25,L1100_C2,16,16,16,8361.784,313,16,1,19,0.4716691999929026
26,L1100_C2,16,16,16,8580.669,310,16,1,19,0.39323159999912605
27,L1100_C2,16,16,16,5647.587,229,16,1,19,0.2674362999969162
28,L1100_C2,16,16,16,8042.711,352,16,1,19,0.3558099999791011
29,L1100_C2,16,16,16,8068.382,383,16,1,19,0.630935799999861
30,L1100_C2,16,16,16,7691.359,295,16,1,19,0.4368909999902826
31,L1100_C2,16,16,16,9347.483,453,16,1,19,0.43358499999158084
32,L1100_C2,16,16,16,9530.057,408,16,1,19,0.5498138999973889
33,L1100_C2,16,16,16,7384.623,233,16,1,19,0.39552039999398403
34,L1100_C2,16,16,16,6958.075,326,16,1,19,0.4894139000098221
35,L1100_C2,16,16,16,7244.396,231,16,1,19,0.48224470001878217
36,L1100_C2,16,16,16,8588.614,264,16,1,19,0.5251556999864988
37,L1100_C2,16,16,16,9359.01,287,16,1,19,0.5111329999926966
38,L1100_C2,16,16,16,8372.698,259,16,1,19,0.3640990999992937
39,L1100_C2,16,16,16,8418.816,264,16,1,19,0.4646336000005249
40,L1100_C2,16,16,16,7500.527,241,16,1,19,0.3001508000015747
41,L1100_C2,16,16,16,8760.264,320,16,1,19,0.260164800012717
42,L1100_C2,16,16,16,9234.046,373,16,1,19,0.5462132999964524
43,L1100_C2,16,16,16,8933.935,368,16,1,19,0.6299831999931484
44,L1100_C2,16,16,16,8184.425,266,16,1,19,0.3815556000045035
45,L1100_C2,16,16,16,7591.874,313,16,1,19,0.456315799994627
46,L1100_C2,16,16,16,8044.386,282,16,1,19,0.3891392000077758
47,L1100_C2,16,16,16,8127.532,260,16,1,19,0.5622421000152826
48,L1100_C2,16,16,16,6262.068,286,16,1,19,0.43609509998350404
49,L1100_C2,16,16,16,7478.63,274,16,1,19,0.4657606999971904
50,L1100_C2,16,16,16,5228.276,201,16,1,19,0.3850772999867331
51,L1100_C2,16,16,16,8243.823,340,16,1,19,0.5579346000158694
52,L1100_C2,16,16,16,8595.393,313,16,1,19,0.3670420999987982
53,L1100_C2,16,16,16,8166.693,290,16,1,19,0.40992459998233244
54,L1100_C2,16,16,16,7137.1,280,16,1,19,0.4548106000002008
55,L1100_C2,16,16,16,9064.525,377,16,1,19,0.5886656000220682
56,L1100_C2,16,15,15,8642.193,372,15,0,19,0.37894630001392215
57,L1100_C2,16,16,16,8478.702,317,16,1,19,0.22321609998471104
58,L1100_C2,16,16,16,7841.12,273,16,1,19,0.29225540001061745
59,L1100_C2,16,16,16,6560.776,267,16,1,19,0.4425387000082992
60,L1100_C2,16,16,16,8199.293,250,16,1,19,0.4242270999820903
61,L1100_C2,16,16,16,7835.316,271,16,1,19,0.49104319998878054
62,L1100_C2,16,16,16,8532.574,303,16,1,19,0.40382780000800267
63,L1100_C2,16,16,16,9405.7,356,16,1,19,0.6063282999966759
64,L1100_C2,16,16,16,8162.591,261,16,1,19,0.38715339999180287
65,L1100_C2,16,16,16,8088.921,317,16,1,19,0.36319230002118275
66,L1100_C2,16,16,16,8074.865,240,16,1,19,0.2191439000016544
67,L1100_C2,16,16,16,7639.021,250,16,1,19,0.4425004000077024
68,L1100_C2,16,16,16,6655.403,252,16,1,19,0.30312289998983033
69,L1100_C2,16,16,16,8518.863,302,16,1,19,0.4314802000008058
70,L1100_C2,16,16,16,8526.958,386,16,1,19,0.4567304999800399
71,L1100_C2,16,16,16,8631.248,292,16,1,19,0.7221674000029452
72,L1100_C2,16,16,16,8204.176,441,16,1,19,0.4855235999857541
73,L1100_C2,16,16,16,7796.689,287,16,1,19,0.39781769999535754
74,L1100_C2,16,16,16,8357.137,269,16,1,19,0.3618042999878526
75,L1100_C2,16,16,16,8815.007,292,16,1,19,0.5557295000180602
76,L1100_C2,16,16,16,9004.829,385,16,1,19,0.42527049998170696
77,L1100_C2,16,16,16,8477.818,412,16,1,19,0.4066302999854088
78,L1100_C2,16,16,16,5102.871,176,16,1,19,0.25513870001304895
79,L1100_C2,16,16,16,6786.358,229,16,1,19,0.5691745999793056
80,L1100_C2,16,16,16,6981.605,232,16,1,19,0.30475889999070205
81,L1100_C2,16,16,16,8878.784,387,16,1,19,0.5680391999776475
82,L1100_C2,16,16,16,8861.743,374,16,1,19,0.42907569999806583
83,L1100_C2,16,16,16,7732.814,289,16,1,19,0.5608090999885462
84,L1100_C2,16,16,16,8817.831,301,16,1,19,0.3430176000110805
85,L1100_C2,16,16,16,9915.185,507,16,1,19,0.6198108000098728
86,L1100_C2,16,16,16,7610.817,262,16,1,19,0.32236489999922924
87,L1100_C2,16,16,16,6518.718,281,16,1,19,0.39368710000417195
88,L1100_C2,16,16,16,7558.107,326,16,1,19,0.3557245999982115
89,L1100_C2,16,16,16,8603.1,312,16,1,19,0.3550743999949191
90,L1100_C2,16,16,16,8887.363,354,16,1,19,0.3894702999969013
91,L1100_C2,16,16,16,6773.452,204,16,1,19,0.3366581999871414
92,L1100_C2,16,16,16,8728.485,301,16,1,19,0.4048478000040632
93,L1100_C2,16,16,16,8069.292,347,16,1,19,0.43522839999059215
94,L1100_C2,16,16,16,7591.305,245,16,1,19,0.26663769999868236
95,L1100_C2,16,16,16,8056.961,245,16,1,19,0.3841039999970235
96,L1100_C2,16,16,16,7710.41,240,16,1,19,0.4971044999838341
97,L1100_C2,16,16,16,9061.855,281,16,1,19,0.40154079999774694
98,L1100_C2,16,16,16,6696.768,214,16,1,19,0.4832048999960534
99,L1100_C2,16,16,16,9500.039,413,16,1,19,0.38293190000695176
100,L1100_C2,16,16,16,8053.986,296,16,1,19,0.32570919999852777
101,L1100_C2,16,16,16,8497.397,249,16,1,19,0.3176258000021335
102,L1100_C2,16,16,16,6449.647,290,16,1,19,0.34668089999468066
103,L1100_C2,16,15,15,9484.61,383,15,0,19,0.3670429000048898
104,L1100_C2,16,16,16,8088.049,344,16,1,19,0.463046699995175
105,L1100_C2,16,16,16,8911.039,328,16,1,19,0.614942800020799
106,L1100_C2,16,16,16,6886.126,273,16,1,19,0.38654330000281334
107,L1100_C2,16,16,16,8181.586,261,16,1,19,0.4061976000084542
108,L1100_C2,16,16,16,9445.311,388,16,1,19,0.4883777000068221
109,L1100_C2,16,16,16,8529.056,276,16,1,19,0.39999070001067594
110,L1100_C2,16,16,16,7519.439,311,16,1,19,0.35782319999998435
111,L1100_C2,16,16,16,6332.333,201,16,1,19,0.3640150999999605
112,L1100_C2,16,16,16,8720.136,325,16,1,19,0.37397889999556355
113,L1100_C2,16,16,16,6926.051,260,16,1,19,0.26458099999581464
114,L1100_C2,16,16,16,7076.719,248,16,1,19,0.3332362000073772
115,L1100_C2,16,16,16,5858.003,239,16,1,19,0.4299765000178013
116,L1100_C2,16,16,16,6875.524,207,16,1,19,0.27766459999838844
117,L1100_C2,16,16,16,6198.007,214,16,1,19,0.29534859998966567
118,L1100_C2,16,16,16,7398.65,297,16,1,19,0.35149999998975545
119,L1100_C2,16,16,16,8343.565,502,16,1,19,0.5243372999830171
120,L1100_C2,16,16,16,6479.327,289,16,1,19,0.42305620000115596
121,L1100_C2,16,16,16,8184.886,267,16,1,19,0.5159157000016421
122,L1100_C2,16,16,16,8611.328,295,16,1,19,0.47203970002010465
123,L1100_C2,16,16,16,7565.055,313,16,1,19,0.43228690000250936
124,L1100_C2,16,16,16,8798.736,384,16,1,19,0.4210128999839071
125,L1100_C2,16,16,16,7520.824,299,16,1,19,0.5264407999929972
126,L1100_C2,16,16,16,7544.97,273,16,1,19,0.2705312000180129
127,L1100_C2,16,16,16,8970.11,483,16,1,19,0.638446600001771
128,L1100_C2,16,16,16,6763.4,326,16,1,19,0.36864120000973344
129,L1100_C2,16,16,16,7990.764,319,16,1,19,0.36159819999011233
130,L1100_C2,16,16,16,7591.055,389,16,1,19,0.5263395000074524
131,L1100_C2,16,16,16,7751.388,288,16,1,19,0.5105502999795135
132,L1100_C2,16,16,16,7679.511,259,16,1,19,0.44253969998680986
133,L1100_C2,16,16,16,6277.175,267,16,1,19,0.3377864999929443
134,L1100_C2,16,16,16,7503.329,322,16,1,19,0.40440799997304566
135,L1100_C2,16,16,16,8195.826,271,16,1,19,0.400331599987112
136,L1100_C2,16,16,16,6068.282,278,16,1,19,0.470965000014985
137,L1100_C2,16,16,16,8311.547,283,16,1,19,0.35665319999679923
138,L1100_C2,16,16,16,8125.708,303,16,1,19,0.27780680000432767
139,L1100_C2,16,16,16,7884.579,297,16,1,19,0.33193680000840686
140,L1100_C2,16,16,16,10402.48,428,16,1,19,0.4468110000016168
141,L1100_C2,16,16,16,6121.272,275,16,1,19,0.2742102000047453
142,L1100_C2,16,16,16,8941.138,317,16,1,19,0.46013210000819527
143,L1100_C2,16,16,16,8442.331,413,16,1,19,0.40036980001605116
144,L1100_C2,16,16,16,6982.169,437,16,1,19,0.507681799994316
145,L1100_C2,16,16,16,4888.237,169,16,1,19,0.29241300001740456
146,L1100_C2,16,16,16,8108.335,329,16,1,19,0.2155479000066407
147,L1100_C2,16,16,16,8907.007,318,16,1,19,0.328103200008627
148,L1100_C2,16,16,16,7975.288,272,16,1,19,0.431132500001695
149,L1100_C2,16,16,16,7750.856,262,16,1,19,0.34547199998633005
150,L1100_C2,16,16,16,8942.031,315,16,1,19,0.5994323999912012
151,L1100_C2,16,16,16,7708.138,286,16,1,19,0.5355215000163298
152,L1100_C2,16,16,16,8511.218,305,16,1,19,0.5325749999901745
153,L1100_C2,16,16,16,6412.241,373,16,1,19,0.407947100000456
154,L1100_C2,16,16,16,10018.762,390,16,1,19,0.4596739999833517
155,L1100_C2,16,16,16,7133.625,289,16,1,19,0.6532217999920249
156,L1100_C2,16,16,16,8277.83,289,16,1,19,0.5368302999995649
157,L1100_C2,16,16,16,6429.069,290,16,1,19,0.37055759999202564
158,L1100_C2,16,16,16,8594.516,407,16,1,19,0.6005601999931969
159,L1100_C2,16,16,16,6625.183,267,16,1,19,0.5336751000140794
160,L1100_C2,16,16,16,7112.275,280,16,1,19,0.3675375000166241
161,L1100_C2,16,16,16,7943.717,288,16,1,19,0.5303421999851707
162,L1100_C2,16,16,16,7795.739,215,16,1,19,0.5866381000087131
163,L1100_C2,16,16,16,8449.355,290,16,1,19,0.35010319997672923
164,L1100_C2,16,16,16,7153.97,242,16,1,19,0.25317479998921044
165,L1100_C2,16,16,16,6296.014,214,16,1,19,0.45109380001667887
166,L1100_C2,16,16,16,6640.278,213,16,1,19,0.4183910999854561
167,L1100_C2,16,16,16,8174.963,415,16,1,19,0.5877040000050329
168,L1100_C2,16,16,16,7145.764,252,16,1,19,0.3145717000006698
169,L1100_C2,16,16,16,8192.01,275,16,1,19,0.3253176999860443
170,L1100_C2,16,16,16,7779.741,285,16,1,19,0.3994757999898866
171,L1100_C2,16,16,16,8658.497,404,16,1,19,0.49521330001880415
172,L1100_C2,16,16,16,5491.665,169,16,1,19,0.21912409999640658
173,L1100_C2,16,16,16,7600.924,348,16,1,19,0.5403563999861944
174,L1100_C2,16,16,16,6339.819,234,16,1,19,0.47894639999140054
175,L1100_C2,16,16,16,7269.026,239,16,1,19,0.2020380000176374
176,L1100_C2,16,16,16,8371.232,404,16,1,19,0.40338730000075884
177,L1100_C2,16,16,16,7030.531,270,16,1,19,0.24664829997345805
178,L1100_C2,16,16,16,8610.76,286,16,1,19,0.3264060999790672
179,L1100_C2,16,16,16,6645.705,232,16,1,19,0.3204721999936737
180,L1100_C2,16,16,16,8208.068,388,16,1,19,0.4858601000159979
181,L1100_C2,16,16,16,5038.454,150,16,1,19,0.47076120000565425
182,L1100_C2,16,16,16,6569.005,230,16,1,19,0.27766509997309186
183,L1100_C2,16,16,16,7145.154,302,16,1,19,0.5631251999875531
184,L1100_C2,16,16,16,6617.186,263,16,1,19,0.31103720000828616
185,L1100_C2,16,16,16,7872.276,241,16,1,19,0.5094430000171997
186,L1100_C2,16,16,16,7298.702,274,16,1,19,0.3145860999939032
187,L1100_C2,16,16,16,6959.148,255,16,1,19,0.2516701999993529
188,L1100_C2,16,16,16,7353.964,237,16,1,19,0.33522750000702217
189,L1100_C2,16,16,16,7622.472,355,16,1,19,0.4843584999907762
190,L1100_C2,16,16,16,6598.8,256,16,1,19,0.35849640000378713
191,L1100_C2,16,16,16,7501.734,264,16,1,19,0.4471684999880381
192,L1100_C2,16,16,16,7954.831,279,16,1,19,0.3410409000061918
193,L1100_C2,16,16,16,7923.53,221,16,1,19,0.5031346000032499
194,L1100_C2,16,16,16,8150.653,280,16,1,19,0.5192202999896836
195,L1100_C2,16,16,16,7428.341,248,16,1,19,0.3989483999903314
196,L1100_C2,16,16,16,8055.176,225,16,1,19,0.3406830999883823
197,L1100_C2,16,16,16,6708.041,199,16,1,19,0.14268300001276657
198,L1100_C2,16,16,16,7521.816,221,16,1,19,0.29689140000846237
199,L1100_C2,16,16,16,9299.499,403,16,1,19,0.5781674000027124
200,L1100_C2,16,16,16,8669.33,293,16,1,19,0.40015229998971336
